INSERT INTO Security_In VALUES (1001, '2025-08-10', 'OD42XJ7382', 'Ucchal Rau', '1971064762', 'Pack', 17972);
INSERT INTO Security_Out VALUES (1001, '2025-08-10', 'OD42XJ7382', 'Batra Group', 'Ucchal Rau', '1971064762', 'Pack', 17972);
INSERT INTO Weighbridge (Gatepass_No, Truck_Type, Weight_In, Weight_Out, In_Time, Out_Time) VALUES (1001, 'Pack', 22188, 21798, '2025-09-06 16:52', '2025-09-06 18:52');
INSERT INTO Loading (Truck_Type, Cylinder_Type, Gatepass_No) VALUES ('Pack', '47kg', 1001);
INSERT INTO Unloading (Vehicle_Number, Truck_Type, Cylinder_Type, Capsule1_MT, Capsule2_MT, Capsule3_MT, Gatepass_No) VALUES ('OD42XJ7382', 'Pack', '47kg', NULL, NULL, NULL, 1001);
INSERT INTO Filling_Center (Cylinder_Type, Leakage_Test, Cap_Check, Manual_Test, Gatepass_No) VALUES ('47kg', 1, 1, 0, 1001);
INSERT INTO Security_In VALUES (1002, '2025-09-07', 'TS56GL3977', 'Gauri Raja', '4628371149', 'Pack', 1365);
INSERT INTO Security_Out VALUES (1002, '2025-09-07', 'TS56GL3977', 'Sandal Ltd', 'Gauri Raja', '4628371149', 'Pack', 1365);
INSERT INTO Weighbridge (Gatepass_No, Truck_Type, Weight_In, Weight_Out, In_Time, Out_Time) VALUES (1002, 'Pack', 6035, 5746, '2025-07-21 03:36', '2025-07-21 05:36');
INSERT INTO Loading (Truck_Type, Cylinder_Type, Gatepass_No) VALUES ('Pack', '19kg', 1002);
INSERT INTO Unloading (Vehicle_Number, Truck_Type, Cylinder_Type, Capsule1_MT, Capsule2_MT, Capsule3_MT, Gatepass_No) VALUES ('TS56GL3977', 'Pack', '19kg', NULL, NULL, NULL, 1002);
INSERT INTO Filling_Center (Cylinder_Type, Leakage_Test, Cap_Check, Manual_Test, Gatepass_No) VALUES ('47kg', 1, 0, 0, 1002);
INSERT INTO Security_In VALUES (1003, '2025-08-02', 'HR97XF4340', 'Amruta Srinivas', '2247690133', 'Bullet', 5660);
INSERT INTO Security_Out VALUES (1003, '2025-08-02', 'HR97XF4340', 'Ahuja, Devi and Kibe', 'Amruta Srinivas', '2247690133', 'Bullet', 5660);
INSERT INTO Weighbridge (Gatepass_No, Truck_Type, Weight_In, Weight_Out, In_Time, Out_Time) VALUES (1003, 'Bullet', 9959, 9574, '2025-08-22 23:39', '2025-08-23 03:39');
INSERT INTO Unloading (Vehicle_Number, Truck_Type, Cylinder_Type, Capsule1_MT, Capsule2_MT, Capsule3_MT, Gatepass_No) VALUES ('HR97XF4340', 'Bullet', NULL, 6.48, 5.57, 9.65, 1003);
INSERT INTO Filling_Center (Cylinder_Type, Leakage_Test, Cap_Check, Manual_Test, Gatepass_No) VALUES ('47kg', 1, 0, 0, 1003);
INSERT INTO Security_In VALUES (1004, '2025-08-02', 'PB12CJ6861', 'Vidhi Vig', '1158945311', 'Bullet', 9952);
INSERT INTO Security_Out VALUES (1004, '2025-08-02', 'PB12CJ6861', 'Soni Inc', 'Vidhi Vig', '1158945311', 'Bullet', 9952);
INSERT INTO Weighbridge (Gatepass_No, Truck_Type, Weight_In, Weight_Out, In_Time, Out_Time) VALUES (1004, 'Bullet', 14750, 14443, '2025-08-20 15:32', '2025-08-20 16:32');
INSERT INTO Unloading (Vehicle_Number, Truck_Type, Cylinder_Type, Capsule1_MT, Capsule2_MT, Capsule3_MT, Gatepass_No) VALUES ('PB12CJ6861', 'Bullet', NULL, 6.32, 7.31, 7.08, 1004);
INSERT INTO Filling_Center (Cylinder_Type, Leakage_Test, Cap_Check, Manual_Test, Gatepass_No) VALUES ('47kg', 1, 0, 0, 1004);
INSERT INTO Security_In VALUES (1005, '2025-07-26', 'GA55OC5907', 'Vanya Kari', '2714610242', 'Pack', 5175);
INSERT INTO Security_Out VALUES (1005, '2025-07-26', 'GA55OC5907', 'Kala-Kunda', 'Vanya Kari', '2714610242', 'Pack', 5175);
INSERT INTO Weighbridge (Gatepass_No, Truck_Type, Weight_In, Weight_Out, In_Time, Out_Time) VALUES (1005, 'Pack', 9343, 8898, '2025-08-27 15:33', '2025-08-27 16:33');
INSERT INTO Loading (Truck_Type, Cylinder_Type, Gatepass_No) VALUES ('Pack', '47kg', 1005);
INSERT INTO Unloading (Vehicle_Number, Truck_Type, Cylinder_Type, Capsule1_MT, Capsule2_MT, Capsule3_MT, Gatepass_No) VALUES ('GA55OC5907', 'Pack', '47kg', NULL, NULL, NULL, 1005);
INSERT INTO Filling_Center (Cylinder_Type, Leakage_Test, Cap_Check, Manual_Test, Gatepass_No) VALUES ('14.5kg', 1, 0, 1, 1005);
INSERT INTO Security_In VALUES (1006, '2025-08-20', 'ML47GS3358', 'Nitara Nagi', '6387891240', 'Pack', 3254);
INSERT INTO Security_Out VALUES (1006, '2025-08-20', 'ML47GS3358', 'Parmer PLC', 'Nitara Nagi', '6387891240', 'Pack', 3254);
INSERT INTO Weighbridge (Gatepass_No, Truck_Type, Weight_In, Weight_Out, In_Time, Out_Time) VALUES (1006, 'Pack', 4894, 4561, '2025-07-23 19:42', '2025-07-23 23:42');
INSERT INTO Loading (Truck_Type, Cylinder_Type, Gatepass_No) VALUES ('Pack', '47kg', 1006);
INSERT INTO Unloading (Vehicle_Number, Truck_Type, Cylinder_Type, Capsule1_MT, Capsule2_MT, Capsule3_MT, Gatepass_No) VALUES ('ML47GS3358', 'Pack', '47kg', NULL, NULL, NULL, 1006);
INSERT INTO Filling_Center (Cylinder_Type, Leakage_Test, Cap_Check, Manual_Test, Gatepass_No) VALUES ('47kg', 0, 0, 0, 1006);
INSERT INTO Security_In VALUES (1007, '2025-08-16', 'MP47KK9132', 'Anmol Sood', '7587209629', 'Pack', 7894);
INSERT INTO Security_Out VALUES (1007, '2025-08-16', 'MP47KK9132', 'Venkataraman-Sanghvi', 'Anmol Sood', '7587209629', 'Pack', 7894);
INSERT INTO Weighbridge (Gatepass_No, Truck_Type, Weight_In, Weight_Out, In_Time, Out_Time) VALUES (1007, 'Pack', 11205, 10954, '2025-08-28 16:30', '2025-08-28 19:30');
INSERT INTO Loading (Truck_Type, Cylinder_Type, Gatepass_No) VALUES ('Pack', '19kg', 1007);
INSERT INTO Unloading (Vehicle_Number, Truck_Type, Cylinder_Type, Capsule1_MT, Capsule2_MT, Capsule3_MT, Gatepass_No) VALUES ('MP47KK9132', 'Pack', '19kg', NULL, NULL, NULL, 1007);
INSERT INTO Filling_Center (Cylinder_Type, Leakage_Test, Cap_Check, Manual_Test, Gatepass_No) VALUES ('10kg', 1, 1, 1, 1007);
INSERT INTO Security_In VALUES (1008, '2025-08-28', 'HP68QD7747', 'Yahvi Mallick', '7248296150', 'Bullet', 13526);
INSERT INTO Security_Out VALUES (1008, '2025-08-28', 'HP68QD7747', 'Reddy LLC', 'Yahvi Mallick', '7248296150', 'Bullet', 13526);
INSERT INTO Weighbridge (Gatepass_No, Truck_Type, Weight_In, Weight_Out, In_Time, Out_Time) VALUES (1008, 'Bullet', 16963, 16785, '2025-07-30 15:15', '2025-07-30 17:15');
INSERT INTO Unloading (Vehicle_Number, Truck_Type, Cylinder_Type, Capsule1_MT, Capsule2_MT, Capsule3_MT, Gatepass_No) VALUES ('HP68QD7747', 'Bullet', NULL, 6.13, 5.38, 8.1, 1008);
INSERT INTO Filling_Center (Cylinder_Type, Leakage_Test, Cap_Check, Manual_Test, Gatepass_No) VALUES ('47kg', 1, 0, 1, 1008);
INSERT INTO Security_In VALUES (1009, '2025-08-03', 'AR50ZX8518', 'Gabriel Chaudhari', '9502259156', 'Bullet', 11636);
INSERT INTO Security_Out VALUES (1009, '2025-08-03', 'AR50ZX8518', 'Ahuja Group', 'Gabriel Chaudhari', '9502259156', 'Bullet', 11636);
INSERT INTO Weighbridge (Gatepass_No, Truck_Type, Weight_In, Weight_Out, In_Time, Out_Time) VALUES (1009, 'Bullet', 14518, 14326, '2025-07-21 02:25', '2025-07-21 05:25');
INSERT INTO Unloading (Vehicle_Number, Truck_Type, Cylinder_Type, Capsule1_MT, Capsule2_MT, Capsule3_MT, Gatepass_No) VALUES ('AR50ZX8518', 'Bullet', NULL, 7.68, 5.69, 5.22, 1009);
INSERT INTO Filling_Center (Cylinder_Type, Leakage_Test, Cap_Check, Manual_Test, Gatepass_No) VALUES ('47kg', 0, 1, 1, 1009);
INSERT INTO Security_In VALUES (1010, '2025-08-15', 'AS75EL5610', 'Karan Varma', '5071434644', 'Bullet', 8082);
INSERT INTO Security_Out VALUES (1010, '2025-08-15', 'AS75EL5610', 'Rama Ltd', 'Karan Varma', '5071434644', 'Bullet', 8082);
INSERT INTO Weighbridge (Gatepass_No, Truck_Type, Weight_In, Weight_Out, In_Time, Out_Time) VALUES (1010, 'Bullet', 10732, 10627, '2025-07-31 17:57', '2025-07-31 19:57');
INSERT INTO Unloading (Vehicle_Number, Truck_Type, Cylinder_Type, Capsule1_MT, Capsule2_MT, Capsule3_MT, Gatepass_No) VALUES ('AS75EL5610', 'Bullet', NULL, 7.02, 8.25, 6.45, 1010);
INSERT INTO Filling_Center (Cylinder_Type, Leakage_Test, Cap_Check, Manual_Test, Gatepass_No) VALUES ('10kg', 1, 1, 0, 1010);
INSERT INTO Security_In VALUES (1011, '2025-07-26', 'NL53EU4577', 'Ekavir Karnik', '2309736163', 'Bullet', 11709);
INSERT INTO Security_Out VALUES (1011, '2025-07-26', 'NL53EU4577', 'Ratti, Dey and Boase', 'Ekavir Karnik', '2309736163', 'Bullet', 11709);
INSERT INTO Weighbridge (Gatepass_No, Truck_Type, Weight_In, Weight_Out, In_Time, Out_Time) VALUES (1011, 'Bullet', 16298, 15850, '2025-07-23 15:38', '2025-07-23 19:38');
INSERT INTO Unloading (Vehicle_Number, Truck_Type, Cylinder_Type, Capsule1_MT, Capsule2_MT, Capsule3_MT, Gatepass_No) VALUES ('NL53EU4577', 'Bullet', NULL, 5.71, 8.2, 9.89, 1011);
INSERT INTO Filling_Center (Cylinder_Type, Leakage_Test, Cap_Check, Manual_Test, Gatepass_No) VALUES ('10kg', 0, 0, 0, 1011);
INSERT INTO Security_In VALUES (1012, '2025-08-09', 'MZ30NL9855', 'Jyoti Sood', '6389102697', 'Bullet', 11422);
INSERT INTO Security_Out VALUES (1012, '2025-08-09', 'MZ30NL9855', 'Biswas-Iyer', 'Jyoti Sood', '6389102697', 'Bullet', 11422);
INSERT INTO Weighbridge (Gatepass_No, Truck_Type, Weight_In, Weight_Out, In_Time, Out_Time) VALUES (1012, 'Bullet', 15107, 14707, '2025-08-09 09:22', '2025-08-09 11:22');
INSERT INTO Unloading (Vehicle_Number, Truck_Type, Cylinder_Type, Capsule1_MT, Capsule2_MT, Capsule3_MT, Gatepass_No) VALUES ('MZ30NL9855', 'Bullet', NULL, 6.2, 9.81, 6.44, 1012);
INSERT INTO Filling_Center (Cylinder_Type, Leakage_Test, Cap_Check, Manual_Test, Gatepass_No) VALUES ('14.5kg', 0, 0, 1, 1012);
INSERT INTO Security_In VALUES (1013, '2025-09-09', 'HR92TZ8813', 'Krishna Loyal', '8083452507', 'Bullet', 6337);
INSERT INTO Security_Out VALUES (1013, '2025-09-09', 'HR92TZ8813', 'Bansal, Choudhry and Walia', 'Krishna Loyal', '8083452507', 'Bullet', 6337);
INSERT INTO Weighbridge (Gatepass_No, Truck_Type, Weight_In, Weight_Out, In_Time, Out_Time) VALUES (1013, 'Bullet', 7760, 7647, '2025-08-17 19:29', '2025-08-17 22:29');
INSERT INTO Unloading (Vehicle_Number, Truck_Type, Cylinder_Type, Capsule1_MT, Capsule2_MT, Capsule3_MT, Gatepass_No) VALUES ('HR92TZ8813', 'Bullet', NULL, 9.22, 6.02, 9.23, 1013);
INSERT INTO Filling_Center (Cylinder_Type, Leakage_Test, Cap_Check, Manual_Test, Gatepass_No) VALUES ('10kg', 0, 0, 0, 1013);
INSERT INTO Security_In VALUES (1014, '2025-07-30', 'JH12FS1974', 'Aadhya Anand', '2340793148', 'Bullet', 3295);
INSERT INTO Security_Out VALUES (1014, '2025-07-30', 'JH12FS1974', 'Dhar Inc', 'Aadhya Anand', '2340793148', 'Bullet', 3295);
INSERT INTO Weighbridge (Gatepass_No, Truck_Type, Weight_In, Weight_Out, In_Time, Out_Time) VALUES (1014, 'Bullet', 5120, 4802, '2025-09-07 02:05', '2025-09-07 06:05');
INSERT INTO Unloading (Vehicle_Number, Truck_Type, Cylinder_Type, Capsule1_MT, Capsule2_MT, Capsule3_MT, Gatepass_No) VALUES ('JH12FS1974', 'Bullet', NULL, 8.87, 7.61, 5.79, 1014);
INSERT INTO Filling_Center (Cylinder_Type, Leakage_Test, Cap_Check, Manual_Test, Gatepass_No) VALUES ('14.5kg', 1, 1, 0, 1014);
INSERT INTO Security_In VALUES (1015, '2025-07-26', 'MZ88SM4438', 'Sara Brahmbhatt', '0079921030', 'Pack', 17650);
INSERT INTO Security_Out VALUES (1015, '2025-07-26', 'MZ88SM4438', 'Bhargava-Iyengar', 'Sara Brahmbhatt', '0079921030', 'Pack', 17650);
INSERT INTO Weighbridge (Gatepass_No, Truck_Type, Weight_In, Weight_Out, In_Time, Out_Time) VALUES (1015, 'Pack', 18851, 18359, '2025-08-07 03:29', '2025-08-07 06:29');
INSERT INTO Loading (Truck_Type, Cylinder_Type, Gatepass_No) VALUES ('Pack', '19kg', 1015);
INSERT INTO Unloading (Vehicle_Number, Truck_Type, Cylinder_Type, Capsule1_MT, Capsule2_MT, Capsule3_MT, Gatepass_No) VALUES ('MZ88SM4438', 'Pack', '19kg', NULL, NULL, NULL, 1015);
INSERT INTO Filling_Center (Cylinder_Type, Leakage_Test, Cap_Check, Manual_Test, Gatepass_No) VALUES ('5kg', 0, 1, 1, 1015);
INSERT INTO Security_In VALUES (1016, '2025-08-19', 'GA81WB7552', 'Radhika Thaker', '1477523265', 'Bullet', 18825);
INSERT INTO Security_Out VALUES (1016, '2025-08-19', 'GA81WB7552', 'Biswas-Chaudhary', 'Radhika Thaker', '1477523265', 'Bullet', 18825);
INSERT INTO Weighbridge (Gatepass_No, Truck_Type, Weight_In, Weight_Out, In_Time, Out_Time) VALUES (1016, 'Bullet', 22020, 21521, '2025-07-23 23:29', '2025-07-24 02:29');
INSERT INTO Unloading (Vehicle_Number, Truck_Type, Cylinder_Type, Capsule1_MT, Capsule2_MT, Capsule3_MT, Gatepass_No) VALUES ('GA81WB7552', 'Bullet', NULL, 8.31, 5.34, 9.68, 1016);
INSERT INTO Filling_Center (Cylinder_Type, Leakage_Test, Cap_Check, Manual_Test, Gatepass_No) VALUES ('19kg', 0, 0, 1, 1016);
INSERT INTO Security_In VALUES (1017, '2025-08-27', 'MP91DJ9359', 'Nidhi Kuruvilla', '9455015314', 'Pack', 9368);
INSERT INTO Security_Out VALUES (1017, '2025-08-27', 'MP91DJ9359', 'Hari, Gokhale and Mann', 'Nidhi Kuruvilla', '9455015314', 'Pack', 9368);
INSERT INTO Weighbridge (Gatepass_No, Truck_Type, Weight_In, Weight_Out, In_Time, Out_Time) VALUES (1017, 'Pack', 13883, 13546, '2025-08-01 22:36', '2025-08-02 03:36');
INSERT INTO Loading (Truck_Type, Cylinder_Type, Gatepass_No) VALUES ('Pack', '14kg', 1017);
INSERT INTO Unloading (Vehicle_Number, Truck_Type, Cylinder_Type, Capsule1_MT, Capsule2_MT, Capsule3_MT, Gatepass_No) VALUES ('MP91DJ9359', 'Pack', '14kg', NULL, NULL, NULL, 1017);
INSERT INTO Filling_Center (Cylinder_Type, Leakage_Test, Cap_Check, Manual_Test, Gatepass_No) VALUES ('19kg', 1, 1, 1, 1017);
INSERT INTO Security_In VALUES (1018, '2025-09-01', 'MZ17MK4349', 'Qasim Tripathi', '1243212484', 'Bullet', 3396);
INSERT INTO Security_Out VALUES (1018, '2025-09-01', 'MZ17MK4349', 'Manda PLC', 'Qasim Tripathi', '1243212484', 'Bullet', 3396);
INSERT INTO Weighbridge (Gatepass_No, Truck_Type, Weight_In, Weight_Out, In_Time, Out_Time) VALUES (1018, 'Bullet', 7271, 7011, '2025-07-29 01:00', '2025-07-29 04:00');
INSERT INTO Unloading (Vehicle_Number, Truck_Type, Cylinder_Type, Capsule1_MT, Capsule2_MT, Capsule3_MT, Gatepass_No) VALUES ('MZ17MK4349', 'Bullet', NULL, 5.71, 6.6, 6.79, 1018);
INSERT INTO Filling_Center (Cylinder_Type, Leakage_Test, Cap_Check, Manual_Test, Gatepass_No) VALUES ('14.5kg', 1, 1, 1, 1018);
INSERT INTO Security_In VALUES (1019, '2025-08-17', 'AP67CY7840', 'Zilmil Khalsa', '5618112863', 'Pack', 11194);
INSERT INTO Security_Out VALUES (1019, '2025-08-17', 'AP67CY7840', 'Mane and Sons', 'Zilmil Khalsa', '5618112863', 'Pack', 11194);
INSERT INTO Weighbridge (Gatepass_No, Truck_Type, Weight_In, Weight_Out, In_Time, Out_Time) VALUES (1019, 'Pack', 13343, 13011, '2025-08-19 02:24', '2025-08-19 04:24');
INSERT INTO Loading (Truck_Type, Cylinder_Type, Gatepass_No) VALUES ('Pack', '14kg', 1019);
INSERT INTO Unloading (Vehicle_Number, Truck_Type, Cylinder_Type, Capsule1_MT, Capsule2_MT, Capsule3_MT, Gatepass_No) VALUES ('AP67CY7840', 'Pack', '14kg', NULL, NULL, NULL, 1019);
INSERT INTO Filling_Center (Cylinder_Type, Leakage_Test, Cap_Check, Manual_Test, Gatepass_No) VALUES ('5kg', 1, 1, 1, 1019);
INSERT INTO Security_In VALUES (1020, '2025-09-13', 'GA92MU5228', 'Shivani Loke', '8358094650', 'Bullet', 6876);
INSERT INTO Security_Out VALUES (1020, '2025-09-13', 'GA92MU5228', 'Rout-Shukla', 'Shivani Loke', '8358094650', 'Bullet', 6876);
INSERT INTO Weighbridge (Gatepass_No, Truck_Type, Weight_In, Weight_Out, In_Time, Out_Time) VALUES (1020, 'Bullet', 11643, 11508, '2025-07-30 17:33', '2025-07-30 19:33');
INSERT INTO Unloading (Vehicle_Number, Truck_Type, Cylinder_Type, Capsule1_MT, Capsule2_MT, Capsule3_MT, Gatepass_No) VALUES ('GA92MU5228', 'Bullet', NULL, 8.08, 8.86, 6.47, 1020);
INSERT INTO Filling_Center (Cylinder_Type, Leakage_Test, Cap_Check, Manual_Test, Gatepass_No) VALUES ('10kg', 0, 1, 0, 1020);
INSERT INTO Security_In VALUES (1021, '2025-09-06', 'MH21VQ7655', 'William Chaudhary', '2316174194', 'Bullet', 9282);
INSERT INTO Security_Out VALUES (1021, '2025-09-06', 'MH21VQ7655', 'Ahluwalia-Chahal', 'William Chaudhary', '2316174194', 'Bullet', 9282);
INSERT INTO Weighbridge (Gatepass_No, Truck_Type, Weight_In, Weight_Out, In_Time, Out_Time) VALUES (1021, 'Bullet', 10933, 10771, '2025-07-19 09:33', '2025-07-19 10:33');
INSERT INTO Unloading (Vehicle_Number, Truck_Type, Cylinder_Type, Capsule1_MT, Capsule2_MT, Capsule3_MT, Gatepass_No) VALUES ('MH21VQ7655', 'Bullet', NULL, 5.71, 6.58, 8.47, 1021);
INSERT INTO Filling_Center (Cylinder_Type, Leakage_Test, Cap_Check, Manual_Test, Gatepass_No) VALUES ('14.5kg', 0, 1, 1, 1021);
INSERT INTO Security_In VALUES (1022, '2025-09-11', 'KL85CV9143', 'Ishani Singhal', '5128732156', 'Pack', 11469);
INSERT INTO Security_Out VALUES (1022, '2025-09-11', 'KL85CV9143', 'Kala, Rajan and Nigam', 'Ishani Singhal', '5128732156', 'Pack', 11469);
INSERT INTO Weighbridge (Gatepass_No, Truck_Type, Weight_In, Weight_Out, In_Time, Out_Time) VALUES (1022, 'Pack', 14813, 14443, '2025-09-15 19:23', '2025-09-16 00:23');
INSERT INTO Loading (Truck_Type, Cylinder_Type, Gatepass_No) VALUES ('Pack', '47kg', 1022);
INSERT INTO Unloading (Vehicle_Number, Truck_Type, Cylinder_Type, Capsule1_MT, Capsule2_MT, Capsule3_MT, Gatepass_No) VALUES ('KL85CV9143', 'Pack', '47kg', NULL, NULL, NULL, 1022);
INSERT INTO Filling_Center (Cylinder_Type, Leakage_Test, Cap_Check, Manual_Test, Gatepass_No) VALUES ('10kg', 0, 0, 0, 1022);
INSERT INTO Security_In VALUES (1023, '2025-07-26', 'KA44AQ9366', 'Forum Garg', '5048540448', 'Bullet', 13941);
INSERT INTO Security_Out VALUES (1023, '2025-07-26', 'KA44AQ9366', 'Bose, Kibe and Cheema', 'Forum Garg', '5048540448', 'Bullet', 13941);
INSERT INTO Weighbridge (Gatepass_No, Truck_Type, Weight_In, Weight_Out, In_Time, Out_Time) VALUES (1023, 'Bullet', 18582, 18357, '2025-08-22 00:10', '2025-08-22 01:10');
INSERT INTO Unloading (Vehicle_Number, Truck_Type, Cylinder_Type, Capsule1_MT, Capsule2_MT, Capsule3_MT, Gatepass_No) VALUES ('KA44AQ9366', 'Bullet', NULL, 6.45, 8.02, 8.02, 1023);
INSERT INTO Filling_Center (Cylinder_Type, Leakage_Test, Cap_Check, Manual_Test, Gatepass_No) VALUES ('47kg', 1, 0, 0, 1023);
INSERT INTO Security_In VALUES (1024, '2025-08-08', 'ML38KW5742', 'Gaurav Char', '3384284940', 'Bullet', 4519);
INSERT INTO Security_Out VALUES (1024, '2025-08-08', 'ML38KW5742', 'Sanghvi-Shanker', 'Gaurav Char', '3384284940', 'Bullet', 4519);
INSERT INTO Weighbridge (Gatepass_No, Truck_Type, Weight_In, Weight_Out, In_Time, Out_Time) VALUES (1024, 'Bullet', 6287, 5851, '2025-09-11 23:55', '2025-09-12 02:55');
INSERT INTO Unloading (Vehicle_Number, Truck_Type, Cylinder_Type, Capsule1_MT, Capsule2_MT, Capsule3_MT, Gatepass_No) VALUES ('ML38KW5742', 'Bullet', NULL, 5.4, 8.71, 7.4, 1024);
INSERT INTO Filling_Center (Cylinder_Type, Leakage_Test, Cap_Check, Manual_Test, Gatepass_No) VALUES ('14.5kg', 0, 0, 0, 1024);
INSERT INTO Security_In VALUES (1025, '2025-09-08', 'GA43JV9612', 'Indali Bal', '9555622018', 'Bullet', 6381);
INSERT INTO Security_Out VALUES (1025, '2025-09-08', 'GA43JV9612', 'Halder-Gupta', 'Indali Bal', '9555622018', 'Bullet', 6381);
INSERT INTO Weighbridge (Gatepass_No, Truck_Type, Weight_In, Weight_Out, In_Time, Out_Time) VALUES (1025, 'Bullet', 8275, 7895, '2025-09-03 22:45', '2025-09-03 23:45');
INSERT INTO Unloading (Vehicle_Number, Truck_Type, Cylinder_Type, Capsule1_MT, Capsule2_MT, Capsule3_MT, Gatepass_No) VALUES ('GA43JV9612', 'Bullet', NULL, 9.1, 5.95, 7.74, 1025);
INSERT INTO Filling_Center (Cylinder_Type, Leakage_Test, Cap_Check, Manual_Test, Gatepass_No) VALUES ('19kg', 1, 1, 0, 1025);
INSERT INTO Security_In VALUES (1026, '2025-08-10', 'GJ66LY4936', 'Chatura Hora', '7092693892', 'Pack', 17168);
INSERT INTO Security_Out VALUES (1026, '2025-08-10', 'GJ66LY4936', 'Biswas PLC', 'Chatura Hora', '7092693892', 'Pack', 17168);
INSERT INTO Weighbridge (Gatepass_No, Truck_Type, Weight_In, Weight_Out, In_Time, Out_Time) VALUES (1026, 'Pack', 18840, 18403, '2025-08-02 16:53', '2025-08-02 21:53');
INSERT INTO Loading (Truck_Type, Cylinder_Type, Gatepass_No) VALUES ('Pack', '47kg', 1026);
INSERT INTO Unloading (Vehicle_Number, Truck_Type, Cylinder_Type, Capsule1_MT, Capsule2_MT, Capsule3_MT, Gatepass_No) VALUES ('GJ66LY4936', 'Pack', '47kg', NULL, NULL, NULL, 1026);
INSERT INTO Filling_Center (Cylinder_Type, Leakage_Test, Cap_Check, Manual_Test, Gatepass_No) VALUES ('47kg', 0, 0, 0, 1026);
INSERT INTO Security_In VALUES (1027, '2025-09-06', 'MH10QX9158', 'Sudiksha Dani', '4583908792', 'Pack', 4559);
INSERT INTO Security_Out VALUES (1027, '2025-09-06', 'MH10QX9158', 'Purohit, Gour and Sachdev', 'Sudiksha Dani', '4583908792', 'Pack', 4559);
INSERT INTO Weighbridge (Gatepass_No, Truck_Type, Weight_In, Weight_Out, In_Time, Out_Time) VALUES (1027, 'Pack', 9181, 8724, '2025-09-07 13:32', '2025-09-07 14:32');
INSERT INTO Loading (Truck_Type, Cylinder_Type, Gatepass_No) VALUES ('Pack', '19kg', 1027);
INSERT INTO Unloading (Vehicle_Number, Truck_Type, Cylinder_Type, Capsule1_MT, Capsule2_MT, Capsule3_MT, Gatepass_No) VALUES ('MH10QX9158', 'Pack', '19kg', NULL, NULL, NULL, 1027);
INSERT INTO Filling_Center (Cylinder_Type, Leakage_Test, Cap_Check, Manual_Test, Gatepass_No) VALUES ('14.5kg', 1, 1, 1, 1027);
INSERT INTO Security_In VALUES (1028, '2025-08-09', 'JH22CA5430', 'Krisha Sengupta', '2096272061', 'Bullet', 4438);
INSERT INTO Security_Out VALUES (1028, '2025-08-09', 'JH22CA5430', 'Hari PLC', 'Krisha Sengupta', '2096272061', 'Bullet', 4438);
INSERT INTO Weighbridge (Gatepass_No, Truck_Type, Weight_In, Weight_Out, In_Time, Out_Time) VALUES (1028, 'Bullet', 8198, 7813, '2025-08-22 19:47', '2025-08-23 00:47');
INSERT INTO Unloading (Vehicle_Number, Truck_Type, Cylinder_Type, Capsule1_MT, Capsule2_MT, Capsule3_MT, Gatepass_No) VALUES ('JH22CA5430', 'Bullet', NULL, 5.21, 8.52, 7.74, 1028);
INSERT INTO Filling_Center (Cylinder_Type, Leakage_Test, Cap_Check, Manual_Test, Gatepass_No) VALUES ('10kg', 0, 0, 0, 1028);
INSERT INTO Security_In VALUES (1029, '2025-08-12', 'JH41RK9377', 'Nachiket Roy', '3277312718', 'Bullet', 16758);
INSERT INTO Security_Out VALUES (1029, '2025-08-12', 'JH41RK9377', 'Badal, Dhingra and Ratta', 'Nachiket Roy', '3277312718', 'Bullet', 16758);
INSERT INTO Weighbridge (Gatepass_No, Truck_Type, Weight_In, Weight_Out, In_Time, Out_Time) VALUES (1029, 'Bullet', 18090, 17851, '2025-08-21 01:34', '2025-08-21 06:34');
INSERT INTO Unloading (Vehicle_Number, Truck_Type, Cylinder_Type, Capsule1_MT, Capsule2_MT, Capsule3_MT, Gatepass_No) VALUES ('JH41RK9377', 'Bullet', NULL, 6.67, 8.43, 5.5, 1029);
INSERT INTO Filling_Center (Cylinder_Type, Leakage_Test, Cap_Check, Manual_Test, Gatepass_No) VALUES ('14.5kg', 1, 1, 0, 1029);
INSERT INTO Security_In VALUES (1030, '2025-08-08', 'UK15QZ3222', 'Aachal Tak', '7912902816', 'Pack', 1456);
INSERT INTO Security_Out VALUES (1030, '2025-08-08', 'UK15QZ3222', 'Badami Inc', 'Aachal Tak', '7912902816', 'Pack', 1456);
INSERT INTO Weighbridge (Gatepass_No, Truck_Type, Weight_In, Weight_Out, In_Time, Out_Time) VALUES (1030, 'Pack', 5828, 5620, '2025-09-02 04:25', '2025-09-02 06:25');
INSERT INTO Loading (Truck_Type, Cylinder_Type, Gatepass_No) VALUES ('Pack', '47kg', 1030);
INSERT INTO Unloading (Vehicle_Number, Truck_Type, Cylinder_Type, Capsule1_MT, Capsule2_MT, Capsule3_MT, Gatepass_No) VALUES ('UK15QZ3222', 'Pack', '47kg', NULL, NULL, NULL, 1030);
INSERT INTO Filling_Center (Cylinder_Type, Leakage_Test, Cap_Check, Manual_Test, Gatepass_No) VALUES ('10kg', 1, 0, 0, 1030);
INSERT INTO Security_In VALUES (1031, '2025-08-09', 'AR35VC9529', 'Ishaan Kalla', '1943202143', 'Bullet', 7477);
INSERT INTO Security_Out VALUES (1031, '2025-08-09', 'AR35VC9529', 'Chawla-Thakur', 'Ishaan Kalla', '1943202143', 'Bullet', 7477);
INSERT INTO Weighbridge (Gatepass_No, Truck_Type, Weight_In, Weight_Out, In_Time, Out_Time) VALUES (1031, 'Bullet', 10913, 10504, '2025-07-22 09:12', '2025-07-22 10:12');
INSERT INTO Unloading (Vehicle_Number, Truck_Type, Cylinder_Type, Capsule1_MT, Capsule2_MT, Capsule3_MT, Gatepass_No) VALUES ('AR35VC9529', 'Bullet', NULL, 7.52, 8.43, 8.27, 1031);
INSERT INTO Filling_Center (Cylinder_Type, Leakage_Test, Cap_Check, Manual_Test, Gatepass_No) VALUES ('14.5kg', 1, 0, 1, 1031);
INSERT INTO Security_In VALUES (1032, '2025-08-18', 'ML19LP3372', 'Ishaan Gupta', '3958746679', 'Pack', 10225);
INSERT INTO Security_Out VALUES (1032, '2025-08-18', 'ML19LP3372', 'Vig-Gokhale', 'Ishaan Gupta', '3958746679', 'Pack', 10225);
INSERT INTO Weighbridge (Gatepass_No, Truck_Type, Weight_In, Weight_Out, In_Time, Out_Time) VALUES (1032, 'Pack', 12530, 12368, '2025-07-27 18:50', '2025-07-27 19:50');
INSERT INTO Loading (Truck_Type, Cylinder_Type, Gatepass_No) VALUES ('Pack', '19kg', 1032);
INSERT INTO Unloading (Vehicle_Number, Truck_Type, Cylinder_Type, Capsule1_MT, Capsule2_MT, Capsule3_MT, Gatepass_No) VALUES ('ML19LP3372', 'Pack', '19kg', NULL, NULL, NULL, 1032);
INSERT INTO Filling_Center (Cylinder_Type, Leakage_Test, Cap_Check, Manual_Test, Gatepass_No) VALUES ('5kg', 1, 1, 1, 1032);
INSERT INTO Security_In VALUES (1033, '2025-08-07', 'UK19IX1301', 'Isaac Gokhale', '4048328512', 'Bullet', 19321);
INSERT INTO Security_Out VALUES (1033, '2025-08-07', 'UK19IX1301', 'Pai and Sons', 'Isaac Gokhale', '4048328512', 'Bullet', 19321);
INSERT INTO Weighbridge (Gatepass_No, Truck_Type, Weight_In, Weight_Out, In_Time, Out_Time) VALUES (1033, 'Bullet', 20388, 20286, '2025-08-20 06:49', '2025-08-20 07:49');
INSERT INTO Unloading (Vehicle_Number, Truck_Type, Cylinder_Type, Capsule1_MT, Capsule2_MT, Capsule3_MT, Gatepass_No) VALUES ('UK19IX1301', 'Bullet', NULL, 9.47, 7.42, 8.38, 1033);
INSERT INTO Filling_Center (Cylinder_Type, Leakage_Test, Cap_Check, Manual_Test, Gatepass_No) VALUES ('47kg', 0, 1, 1, 1033);
INSERT INTO Security_In VALUES (1034, '2025-08-14', 'HP40VJ3860', 'Agastya Anne', '6110477426', 'Bullet', 7326);
INSERT INTO Security_Out VALUES (1034, '2025-08-14', 'HP40VJ3860', 'Modi-Sanghvi', 'Agastya Anne', '6110477426', 'Bullet', 7326);
INSERT INTO Weighbridge (Gatepass_No, Truck_Type, Weight_In, Weight_Out, In_Time, Out_Time) VALUES (1034, 'Bullet', 10273, 9778, '2025-08-16 03:22', '2025-08-16 05:22');
INSERT INTO Unloading (Vehicle_Number, Truck_Type, Cylinder_Type, Capsule1_MT, Capsule2_MT, Capsule3_MT, Gatepass_No) VALUES ('HP40VJ3860', 'Bullet', NULL, 7.76, 8.81, 8.83, 1034);
INSERT INTO Filling_Center (Cylinder_Type, Leakage_Test, Cap_Check, Manual_Test, Gatepass_No) VALUES ('19kg', 0, 0, 0, 1034);
INSERT INTO Security_In VALUES (1035, '2025-09-12', 'MH56CV5411', 'Aadhya Rana', '1587653514', 'Bullet', 16382);
INSERT INTO Security_Out VALUES (1035, '2025-09-12', 'MH56CV5411', 'Garg-Naidu', 'Aadhya Rana', '1587653514', 'Bullet', 16382);
INSERT INTO Weighbridge (Gatepass_No, Truck_Type, Weight_In, Weight_Out, In_Time, Out_Time) VALUES (1035, 'Bullet', 18169, 17934, '2025-09-10 18:04', '2025-09-10 22:04');
INSERT INTO Unloading (Vehicle_Number, Truck_Type, Cylinder_Type, Capsule1_MT, Capsule2_MT, Capsule3_MT, Gatepass_No) VALUES ('MH56CV5411', 'Bullet', NULL, 7.61, 9.62, 9.0, 1035);
INSERT INTO Filling_Center (Cylinder_Type, Leakage_Test, Cap_Check, Manual_Test, Gatepass_No) VALUES ('5kg', 0, 0, 0, 1035);
INSERT INTO Security_In VALUES (1036, '2025-09-10', 'AS71YG7914', 'Panini Tak', '8761078874', 'Pack', 10039);
INSERT INTO Security_Out VALUES (1036, '2025-09-10', 'AS71YG7914', 'Ramakrishnan Ltd', 'Panini Tak', '8761078874', 'Pack', 10039);
INSERT INTO Weighbridge (Gatepass_No, Truck_Type, Weight_In, Weight_Out, In_Time, Out_Time) VALUES (1036, 'Pack', 11118, 10888, '2025-07-22 10:09', '2025-07-22 11:09');
INSERT INTO Loading (Truck_Type, Cylinder_Type, Gatepass_No) VALUES ('Pack', '47kg', 1036);
INSERT INTO Unloading (Vehicle_Number, Truck_Type, Cylinder_Type, Capsule1_MT, Capsule2_MT, Capsule3_MT, Gatepass_No) VALUES ('AS71YG7914', 'Pack', '47kg', NULL, NULL, NULL, 1036);
INSERT INTO Filling_Center (Cylinder_Type, Leakage_Test, Cap_Check, Manual_Test, Gatepass_No) VALUES ('10kg', 1, 1, 1, 1036);
INSERT INTO Security_In VALUES (1037, '2025-08-29', 'WB69LA7733', 'Simon Karan', '1887490235', 'Pack', 950);
INSERT INTO Security_Out VALUES (1037, '2025-08-29', 'WB69LA7733', 'Mitter, Mani and Sathe', 'Simon Karan', '1887490235', 'Pack', 950);
INSERT INTO Weighbridge (Gatepass_No, Truck_Type, Weight_In, Weight_Out, In_Time, Out_Time) VALUES (1037, 'Pack', 4673, 4531, '2025-09-03 01:19', '2025-09-03 02:19');
INSERT INTO Loading (Truck_Type, Cylinder_Type, Gatepass_No) VALUES ('Pack', '14kg', 1037);
INSERT INTO Unloading (Vehicle_Number, Truck_Type, Cylinder_Type, Capsule1_MT, Capsule2_MT, Capsule3_MT, Gatepass_No) VALUES ('WB69LA7733', 'Pack', '14kg', NULL, NULL, NULL, 1037);
INSERT INTO Filling_Center (Cylinder_Type, Leakage_Test, Cap_Check, Manual_Test, Gatepass_No) VALUES ('14.5kg', 1, 1, 0, 1037);
INSERT INTO Security_In VALUES (1038, '2025-08-18', 'OD35PT2803', 'Ojas Bedi', '2210263413', 'Bullet', 12169);
INSERT INTO Security_Out VALUES (1038, '2025-08-18', 'OD35PT2803', 'Loke Ltd', 'Ojas Bedi', '2210263413', 'Bullet', 12169);
INSERT INTO Weighbridge (Gatepass_No, Truck_Type, Weight_In, Weight_Out, In_Time, Out_Time) VALUES (1038, 'Bullet', 16556, 16349, '2025-09-07 04:48', '2025-09-07 09:48');
INSERT INTO Unloading (Vehicle_Number, Truck_Type, Cylinder_Type, Capsule1_MT, Capsule2_MT, Capsule3_MT, Gatepass_No) VALUES ('OD35PT2803', 'Bullet', NULL, 9.33, 6.29, 6.87, 1038);
INSERT INTO Filling_Center (Cylinder_Type, Leakage_Test, Cap_Check, Manual_Test, Gatepass_No) VALUES ('5kg', 0, 1, 0, 1038);
INSERT INTO Security_In VALUES (1039, '2025-09-01', 'MN97OV6004', 'Alexander Shan', '9473033977', 'Bullet', 10252);
INSERT INTO Security_Out VALUES (1039, '2025-09-01', 'MN97OV6004', 'Ganesan PLC', 'Alexander Shan', '9473033977', 'Bullet', 10252);
INSERT INTO Weighbridge (Gatepass_No, Truck_Type, Weight_In, Weight_Out, In_Time, Out_Time) VALUES (1039, 'Bullet', 12841, 12407, '2025-08-05 06:23', '2025-08-05 09:23');
INSERT INTO Unloading (Vehicle_Number, Truck_Type, Cylinder_Type, Capsule1_MT, Capsule2_MT, Capsule3_MT, Gatepass_No) VALUES ('MN97OV6004', 'Bullet', NULL, 7.03, 8.3, 9.47, 1039);
INSERT INTO Filling_Center (Cylinder_Type, Leakage_Test, Cap_Check, Manual_Test, Gatepass_No) VALUES ('5kg', 1, 0, 0, 1039);
INSERT INTO Security_In VALUES (1040, '2025-09-04', 'ML72ZL6819', 'Upkaar Rattan', '3681136727', 'Pack', 3934);
INSERT INTO Security_Out VALUES (1040, '2025-09-04', 'ML72ZL6819', 'Thaman, Puri and Morar', 'Upkaar Rattan', '3681136727', 'Pack', 3934);
INSERT INTO Weighbridge (Gatepass_No, Truck_Type, Weight_In, Weight_Out, In_Time, Out_Time) VALUES (1040, 'Pack', 8370, 8168, '2025-09-01 23:35', '2025-09-02 04:35');
INSERT INTO Loading (Truck_Type, Cylinder_Type, Gatepass_No) VALUES ('Pack', '47kg', 1040);
INSERT INTO Unloading (Vehicle_Number, Truck_Type, Cylinder_Type, Capsule1_MT, Capsule2_MT, Capsule3_MT, Gatepass_No) VALUES ('ML72ZL6819', 'Pack', '47kg', NULL, NULL, NULL, 1040);
INSERT INTO Filling_Center (Cylinder_Type, Leakage_Test, Cap_Check, Manual_Test, Gatepass_No) VALUES ('10kg', 0, 1, 1, 1040);
INSERT INTO Security_In VALUES (1041, '2025-07-26', 'KL80EC5102', 'Agastya Parmar', '9187213677', 'Bullet', 5718);
INSERT INTO Security_Out VALUES (1041, '2025-07-26', 'KL80EC5102', 'Shere, Sengupta and Sibal', 'Agastya Parmar', '9187213677', 'Bullet', 5718);
INSERT INTO Weighbridge (Gatepass_No, Truck_Type, Weight_In, Weight_Out, In_Time, Out_Time) VALUES (1041, 'Bullet', 9332, 9219, '2025-08-09 10:13', '2025-08-09 11:13');
INSERT INTO Unloading (Vehicle_Number, Truck_Type, Cylinder_Type, Capsule1_MT, Capsule2_MT, Capsule3_MT, Gatepass_No) VALUES ('KL80EC5102', 'Bullet', NULL, 7.16, 9.32, 6.61, 1041);
INSERT INTO Filling_Center (Cylinder_Type, Leakage_Test, Cap_Check, Manual_Test, Gatepass_No) VALUES ('19kg', 0, 1, 0, 1041);
INSERT INTO Security_In VALUES (1042, '2025-09-04', 'HR46UN2336', 'Bhavani Nagy', '8193192804', 'Bullet', 1716);
INSERT INTO Security_Out VALUES (1042, '2025-09-04', 'HR46UN2336', 'Srinivas-Sheth', 'Bhavani Nagy', '8193192804', 'Bullet', 1716);
INSERT INTO Weighbridge (Gatepass_No, Truck_Type, Weight_In, Weight_Out, In_Time, Out_Time) VALUES (1042, 'Bullet', 3141, 2892, '2025-09-02 13:02', '2025-09-02 16:02');
INSERT INTO Unloading (Vehicle_Number, Truck_Type, Cylinder_Type, Capsule1_MT, Capsule2_MT, Capsule3_MT, Gatepass_No) VALUES ('HR46UN2336', 'Bullet', NULL, 9.71, 7.15, 6.67, 1042);
INSERT INTO Filling_Center (Cylinder_Type, Leakage_Test, Cap_Check, Manual_Test, Gatepass_No) VALUES ('5kg', 0, 0, 0, 1042);
INSERT INTO Security_In VALUES (1043, '2025-08-06', 'HR32FA3771', 'Hritik Zachariah', '1154687429', 'Bullet', 2939);
INSERT INTO Security_Out VALUES (1043, '2025-08-06', 'HR32FA3771', 'Nadkarni-Hayre', 'Hritik Zachariah', '1154687429', 'Bullet', 2939);
INSERT INTO Weighbridge (Gatepass_No, Truck_Type, Weight_In, Weight_Out, In_Time, Out_Time) VALUES (1043, 'Bullet', 6966, 6757, '2025-08-06 22:09', '2025-08-07 03:09');
INSERT INTO Unloading (Vehicle_Number, Truck_Type, Cylinder_Type, Capsule1_MT, Capsule2_MT, Capsule3_MT, Gatepass_No) VALUES ('HR32FA3771', 'Bullet', NULL, 9.27, 5.09, 8.44, 1043);
INSERT INTO Filling_Center (Cylinder_Type, Leakage_Test, Cap_Check, Manual_Test, Gatepass_No) VALUES ('47kg', 1, 1, 0, 1043);
INSERT INTO Security_In VALUES (1044, '2025-08-09', 'RJ46II8271', 'Chakradev Badal', '6647646677', 'Bullet', 4325);
INSERT INTO Security_Out VALUES (1044, '2025-08-09', 'RJ46II8271', 'Dar, Kuruvilla and Nath', 'Chakradev Badal', '6647646677', 'Bullet', 4325);
INSERT INTO Weighbridge (Gatepass_No, Truck_Type, Weight_In, Weight_Out, In_Time, Out_Time) VALUES (1044, 'Bullet', 8307, 8166, '2025-07-31 13:10', '2025-07-31 15:10');
INSERT INTO Unloading (Vehicle_Number, Truck_Type, Cylinder_Type, Capsule1_MT, Capsule2_MT, Capsule3_MT, Gatepass_No) VALUES ('RJ46II8271', 'Bullet', NULL, 5.31, 5.01, 7.44, 1044);
INSERT INTO Filling_Center (Cylinder_Type, Leakage_Test, Cap_Check, Manual_Test, Gatepass_No) VALUES ('14.5kg', 1, 1, 1, 1044);
INSERT INTO Security_In VALUES (1045, '2025-08-28', 'HR59YR8604', 'Bachittar Kurian', '2057710666', 'Pack', 16983);
INSERT INTO Security_Out VALUES (1045, '2025-08-28', 'HR59YR8604', 'Bajaj Ltd', 'Bachittar Kurian', '2057710666', 'Pack', 16983);
INSERT INTO Weighbridge (Gatepass_No, Truck_Type, Weight_In, Weight_Out, In_Time, Out_Time) VALUES (1045, 'Pack', 19550, 19415, '2025-08-31 23:18', '2025-09-01 04:18');
INSERT INTO Loading (Truck_Type, Cylinder_Type, Gatepass_No) VALUES ('Pack', '14kg', 1045);
INSERT INTO Unloading (Vehicle_Number, Truck_Type, Cylinder_Type, Capsule1_MT, Capsule2_MT, Capsule3_MT, Gatepass_No) VALUES ('HR59YR8604', 'Pack', '14kg', NULL, NULL, NULL, 1045);
INSERT INTO Filling_Center (Cylinder_Type, Leakage_Test, Cap_Check, Manual_Test, Gatepass_No) VALUES ('47kg', 0, 1, 1, 1045);
INSERT INTO Security_In VALUES (1046, '2025-08-23', 'TN93KL4761', 'Yadavi Goda', '9816904293', 'Pack', 7729);
INSERT INTO Security_Out VALUES (1046, '2025-08-23', 'TN93KL4761', 'Nanda LLC', 'Yadavi Goda', '9816904293', 'Pack', 7729);
INSERT INTO Weighbridge (Gatepass_No, Truck_Type, Weight_In, Weight_Out, In_Time, Out_Time) VALUES (1046, 'Pack', 11628, 11182, '2025-09-04 21:56', '2025-09-04 23:56');
INSERT INTO Loading (Truck_Type, Cylinder_Type, Gatepass_No) VALUES ('Pack', '19kg', 1046);
INSERT INTO Unloading (Vehicle_Number, Truck_Type, Cylinder_Type, Capsule1_MT, Capsule2_MT, Capsule3_MT, Gatepass_No) VALUES ('TN93KL4761', 'Pack', '19kg', NULL, NULL, NULL, 1046);
INSERT INTO Filling_Center (Cylinder_Type, Leakage_Test, Cap_Check, Manual_Test, Gatepass_No) VALUES ('14.5kg', 1, 1, 1, 1046);
INSERT INTO Security_In VALUES (1047, '2025-08-05', 'TR44BM3796', 'Manan Dixit', '7233673584', 'Pack', 5473);
INSERT INTO Security_Out VALUES (1047, '2025-08-05', 'TR44BM3796', 'Babu, Chopra and Kumar', 'Manan Dixit', '7233673584', 'Pack', 5473);
INSERT INTO Weighbridge (Gatepass_No, Truck_Type, Weight_In, Weight_Out, In_Time, Out_Time) VALUES (1047, 'Pack', 8667, 8321, '2025-07-22 01:01', '2025-07-22 04:01');
INSERT INTO Loading (Truck_Type, Cylinder_Type, Gatepass_No) VALUES ('Pack', '14kg', 1047);
INSERT INTO Unloading (Vehicle_Number, Truck_Type, Cylinder_Type, Capsule1_MT, Capsule2_MT, Capsule3_MT, Gatepass_No) VALUES ('TR44BM3796', 'Pack', '14kg', NULL, NULL, NULL, 1047);
INSERT INTO Filling_Center (Cylinder_Type, Leakage_Test, Cap_Check, Manual_Test, Gatepass_No) VALUES ('14.5kg', 1, 0, 0, 1047);
INSERT INTO Security_In VALUES (1048, '2025-08-19', 'PB56EY9331', 'Krishna Krishna', '3328337972', 'Bullet', 16886);
INSERT INTO Security_Out VALUES (1048, '2025-08-19', 'PB56EY9331', 'Bath, Mall and Prakash', 'Krishna Krishna', '3328337972', 'Bullet', 16886);
INSERT INTO Weighbridge (Gatepass_No, Truck_Type, Weight_In, Weight_Out, In_Time, Out_Time) VALUES (1048, 'Bullet', 17941, 17615, '2025-09-07 04:39', '2025-09-07 07:39');
INSERT INTO Unloading (Vehicle_Number, Truck_Type, Cylinder_Type, Capsule1_MT, Capsule2_MT, Capsule3_MT, Gatepass_No) VALUES ('PB56EY9331', 'Bullet', NULL, 9.36, 9.84, 6.56, 1048);
INSERT INTO Filling_Center (Cylinder_Type, Leakage_Test, Cap_Check, Manual_Test, Gatepass_No) VALUES ('10kg', 0, 0, 1, 1048);
INSERT INTO Security_In VALUES (1049, '2025-09-10', 'SK26YT1939', 'Janaki Viswanathan', '7889008585', 'Pack', 4169);
INSERT INTO Security_Out VALUES (1049, '2025-09-10', 'SK26YT1939', 'Badal, Goyal and Varghese', 'Janaki Viswanathan', '7889008585', 'Pack', 4169);
INSERT INTO Weighbridge (Gatepass_No, Truck_Type, Weight_In, Weight_Out, In_Time, Out_Time) VALUES (1049, 'Pack', 7416, 6924, '2025-08-05 21:35', '2025-08-05 23:35');
INSERT INTO Loading (Truck_Type, Cylinder_Type, Gatepass_No) VALUES ('Pack', '47kg', 1049);
INSERT INTO Unloading (Vehicle_Number, Truck_Type, Cylinder_Type, Capsule1_MT, Capsule2_MT, Capsule3_MT, Gatepass_No) VALUES ('SK26YT1939', 'Pack', '47kg', NULL, NULL, NULL, 1049);
INSERT INTO Filling_Center (Cylinder_Type, Leakage_Test, Cap_Check, Manual_Test, Gatepass_No) VALUES ('10kg', 1, 0, 1, 1049);
INSERT INTO Security_In VALUES (1050, '2025-09-07', 'CG42LM1409', 'Tara Bakshi', '7239992810', 'Bullet', 14956);
INSERT INTO Security_Out VALUES (1050, '2025-09-07', 'CG42LM1409', 'Handa-Thakur', 'Tara Bakshi', '7239992810', 'Bullet', 14956);
INSERT INTO Weighbridge (Gatepass_No, Truck_Type, Weight_In, Weight_Out, In_Time, Out_Time) VALUES (1050, 'Bullet', 19887, 19489, '2025-09-11 14:43', '2025-09-11 18:43');
INSERT INTO Unloading (Vehicle_Number, Truck_Type, Cylinder_Type, Capsule1_MT, Capsule2_MT, Capsule3_MT, Gatepass_No) VALUES ('CG42LM1409', 'Bullet', NULL, 7.35, 6.91, 5.57, 1050);
INSERT INTO Filling_Center (Cylinder_Type, Leakage_Test, Cap_Check, Manual_Test, Gatepass_No) VALUES ('19kg', 0, 0, 0, 1050);
INSERT INTO Security_In VALUES (1051, '2025-09-14', 'MP26VR3090', 'Ria Dugar', '2806579540', 'Pack', 16740);
INSERT INTO Security_Out VALUES (1051, '2025-09-14', 'MP26VR3090', 'Ghose, Narula and Mangal', 'Ria Dugar', '2806579540', 'Pack', 16740);
INSERT INTO Weighbridge (Gatepass_No, Truck_Type, Weight_In, Weight_Out, In_Time, Out_Time) VALUES (1051, 'Pack', 20625, 20504, '2025-08-27 20:42', '2025-08-27 22:42');
INSERT INTO Loading (Truck_Type, Cylinder_Type, Gatepass_No) VALUES ('Pack', '47kg', 1051);
INSERT INTO Unloading (Vehicle_Number, Truck_Type, Cylinder_Type, Capsule1_MT, Capsule2_MT, Capsule3_MT, Gatepass_No) VALUES ('MP26VR3090', 'Pack', '47kg', NULL, NULL, NULL, 1051);
INSERT INTO Filling_Center (Cylinder_Type, Leakage_Test, Cap_Check, Manual_Test, Gatepass_No) VALUES ('19kg', 1, 1, 1, 1051);
INSERT INTO Security_In VALUES (1052, '2025-07-29', 'KL26TC8706', 'Owen Venkatesh', '9994769030', 'Pack', 1009);
INSERT INTO Security_Out VALUES (1052, '2025-07-29', 'KL26TC8706', 'Chana PLC', 'Owen Venkatesh', '9994769030', 'Pack', 1009);
INSERT INTO Weighbridge (Gatepass_No, Truck_Type, Weight_In, Weight_Out, In_Time, Out_Time) VALUES (1052, 'Pack', 3196, 2911, '2025-07-26 09:54', '2025-07-26 11:54');
INSERT INTO Loading (Truck_Type, Cylinder_Type, Gatepass_No) VALUES ('Pack', '14kg', 1052);
INSERT INTO Unloading (Vehicle_Number, Truck_Type, Cylinder_Type, Capsule1_MT, Capsule2_MT, Capsule3_MT, Gatepass_No) VALUES ('KL26TC8706', 'Pack', '14kg', NULL, NULL, NULL, 1052);
INSERT INTO Filling_Center (Cylinder_Type, Leakage_Test, Cap_Check, Manual_Test, Gatepass_No) VALUES ('10kg', 1, 1, 0, 1052);
INSERT INTO Security_In VALUES (1053, '2025-07-19', 'RJ78QG8560', 'Ekbal Acharya', '3292843940', 'Pack', 10432);
INSERT INTO Security_Out VALUES (1053, '2025-07-19', 'RJ78QG8560', 'Sekhon Ltd', 'Ekbal Acharya', '3292843940', 'Pack', 10432);
INSERT INTO Weighbridge (Gatepass_No, Truck_Type, Weight_In, Weight_Out, In_Time, Out_Time) VALUES (1053, 'Pack', 12553, 12310, '2025-08-25 07:30', '2025-08-25 12:30');
INSERT INTO Loading (Truck_Type, Cylinder_Type, Gatepass_No) VALUES ('Pack', '14kg', 1053);
INSERT INTO Unloading (Vehicle_Number, Truck_Type, Cylinder_Type, Capsule1_MT, Capsule2_MT, Capsule3_MT, Gatepass_No) VALUES ('RJ78QG8560', 'Pack', '14kg', NULL, NULL, NULL, 1053);
INSERT INTO Filling_Center (Cylinder_Type, Leakage_Test, Cap_Check, Manual_Test, Gatepass_No) VALUES ('14.5kg', 0, 0, 0, 1053);
INSERT INTO Security_In VALUES (1054, '2025-08-31', 'HP96FV7057', 'Henry Hans', '8555239932', 'Bullet', 15445);
INSERT INTO Security_Out VALUES (1054, '2025-08-31', 'HP96FV7057', 'Hayre Inc', 'Henry Hans', '8555239932', 'Bullet', 15445);
INSERT INTO Weighbridge (Gatepass_No, Truck_Type, Weight_In, Weight_Out, In_Time, Out_Time) VALUES (1054, 'Bullet', 20340, 20097, '2025-07-30 08:59', '2025-07-30 12:59');
INSERT INTO Unloading (Vehicle_Number, Truck_Type, Cylinder_Type, Capsule1_MT, Capsule2_MT, Capsule3_MT, Gatepass_No) VALUES ('HP96FV7057', 'Bullet', NULL, 8.63, 9.0, 9.27, 1054);
INSERT INTO Filling_Center (Cylinder_Type, Leakage_Test, Cap_Check, Manual_Test, Gatepass_No) VALUES ('5kg', 1, 0, 1, 1054);
INSERT INTO Security_In VALUES (1055, '2025-07-23', 'TN28AJ3883', 'Ladli Padmanabhan', '0141567246', 'Bullet', 8425);
INSERT INTO Security_Out VALUES (1055, '2025-07-23', 'TN28AJ3883', 'Kale Inc', 'Ladli Padmanabhan', '0141567246', 'Bullet', 8425);
INSERT INTO Weighbridge (Gatepass_No, Truck_Type, Weight_In, Weight_Out, In_Time, Out_Time) VALUES (1055, 'Bullet', 10321, 9962, '2025-07-25 16:42', '2025-07-25 20:42');
INSERT INTO Unloading (Vehicle_Number, Truck_Type, Cylinder_Type, Capsule1_MT, Capsule2_MT, Capsule3_MT, Gatepass_No) VALUES ('TN28AJ3883', 'Bullet', NULL, 8.3, 5.54, 9.6, 1055);
INSERT INTO Filling_Center (Cylinder_Type, Leakage_Test, Cap_Check, Manual_Test, Gatepass_No) VALUES ('19kg', 1, 1, 0, 1055);
INSERT INTO Security_In VALUES (1056, '2025-08-21', 'ML25RC3657', 'Aditya Dhillon', '5940153999', 'Pack', 11036);
INSERT INTO Security_Out VALUES (1056, '2025-08-21', 'ML25RC3657', 'Parmer, Sane and Minhas', 'Aditya Dhillon', '5940153999', 'Pack', 11036);
INSERT INTO Weighbridge (Gatepass_No, Truck_Type, Weight_In, Weight_Out, In_Time, Out_Time) VALUES (1056, 'Pack', 15819, 15521, '2025-08-17 16:39', '2025-08-17 18:39');
INSERT INTO Loading (Truck_Type, Cylinder_Type, Gatepass_No) VALUES ('Pack', '47kg', 1056);
INSERT INTO Unloading (Vehicle_Number, Truck_Type, Cylinder_Type, Capsule1_MT, Capsule2_MT, Capsule3_MT, Gatepass_No) VALUES ('ML25RC3657', 'Pack', '47kg', NULL, NULL, NULL, 1056);
INSERT INTO Filling_Center (Cylinder_Type, Leakage_Test, Cap_Check, Manual_Test, Gatepass_No) VALUES ('19kg', 0, 1, 1, 1056);
INSERT INTO Security_In VALUES (1057, '2025-08-01', 'TN93WZ6913', 'Anirudh Sane', '3338929076', 'Pack', 8734);
INSERT INTO Security_Out VALUES (1057, '2025-08-01', 'TN93WZ6913', 'Nazareth-Butala', 'Anirudh Sane', '3338929076', 'Pack', 8734);
INSERT INTO Weighbridge (Gatepass_No, Truck_Type, Weight_In, Weight_Out, In_Time, Out_Time) VALUES (1057, 'Pack', 13082, 12623, '2025-08-20 14:31', '2025-08-20 18:31');
INSERT INTO Loading (Truck_Type, Cylinder_Type, Gatepass_No) VALUES ('Pack', '47kg', 1057);
INSERT INTO Unloading (Vehicle_Number, Truck_Type, Cylinder_Type, Capsule1_MT, Capsule2_MT, Capsule3_MT, Gatepass_No) VALUES ('TN93WZ6913', 'Pack', '47kg', NULL, NULL, NULL, 1057);
INSERT INTO Filling_Center (Cylinder_Type, Leakage_Test, Cap_Check, Manual_Test, Gatepass_No) VALUES ('19kg', 0, 0, 1, 1057);
INSERT INTO Security_In VALUES (1058, '2025-09-13', 'HP24RL2712', 'Kamya Gandhi', '8638847195', 'Pack', 4548);
INSERT INTO Security_Out VALUES (1058, '2025-09-13', 'HP24RL2712', 'Deol-Contractor', 'Kamya Gandhi', '8638847195', 'Pack', 4548);
INSERT INTO Weighbridge (Gatepass_No, Truck_Type, Weight_In, Weight_Out, In_Time, Out_Time) VALUES (1058, 'Pack', 5820, 5640, '2025-07-22 10:23', '2025-07-22 14:23');
INSERT INTO Loading (Truck_Type, Cylinder_Type, Gatepass_No) VALUES ('Pack', '14kg', 1058);
INSERT INTO Unloading (Vehicle_Number, Truck_Type, Cylinder_Type, Capsule1_MT, Capsule2_MT, Capsule3_MT, Gatepass_No) VALUES ('HP24RL2712', 'Pack', '14kg', NULL, NULL, NULL, 1058);
INSERT INTO Filling_Center (Cylinder_Type, Leakage_Test, Cap_Check, Manual_Test, Gatepass_No) VALUES ('19kg', 1, 1, 0, 1058);
INSERT INTO Security_In VALUES (1059, '2025-08-03', 'AS66NE3656', 'Yadavi Sami', '4075306768', 'Pack', 10329);
INSERT INTO Security_Out VALUES (1059, '2025-08-03', 'AS66NE3656', 'Mall Ltd', 'Yadavi Sami', '4075306768', 'Pack', 10329);
INSERT INTO Weighbridge (Gatepass_No, Truck_Type, Weight_In, Weight_Out, In_Time, Out_Time) VALUES (1059, 'Pack', 14331, 13870, '2025-08-26 15:47', '2025-08-26 18:47');
INSERT INTO Loading (Truck_Type, Cylinder_Type, Gatepass_No) VALUES ('Pack', '19kg', 1059);
INSERT INTO Unloading (Vehicle_Number, Truck_Type, Cylinder_Type, Capsule1_MT, Capsule2_MT, Capsule3_MT, Gatepass_No) VALUES ('AS66NE3656', 'Pack', '19kg', NULL, NULL, NULL, 1059);
INSERT INTO Filling_Center (Cylinder_Type, Leakage_Test, Cap_Check, Manual_Test, Gatepass_No) VALUES ('5kg', 1, 0, 1, 1059);
INSERT INTO Security_In VALUES (1060, '2025-09-14', 'MH89OV7195', 'Azaan Merchant', '9143485910', 'Bullet', 2583);
INSERT INTO Security_Out VALUES (1060, '2025-09-14', 'MH89OV7195', 'Dora-Jain', 'Azaan Merchant', '9143485910', 'Bullet', 2583);
INSERT INTO Weighbridge (Gatepass_No, Truck_Type, Weight_In, Weight_Out, In_Time, Out_Time) VALUES (1060, 'Bullet', 4148, 3839, '2025-09-12 11:55', '2025-09-12 14:55');
INSERT INTO Unloading (Vehicle_Number, Truck_Type, Cylinder_Type, Capsule1_MT, Capsule2_MT, Capsule3_MT, Gatepass_No) VALUES ('MH89OV7195', 'Bullet', NULL, 5.27, 6.26, 7.25, 1060);
INSERT INTO Filling_Center (Cylinder_Type, Leakage_Test, Cap_Check, Manual_Test, Gatepass_No) VALUES ('5kg', 0, 0, 0, 1060);
INSERT INTO Security_In VALUES (1061, '2025-08-03', 'HR44FE7833', 'Warhi Bhardwaj', '7891343424', 'Bullet', 18065);
INSERT INTO Security_Out VALUES (1061, '2025-08-03', 'HR44FE7833', 'Rajagopal Inc', 'Warhi Bhardwaj', '7891343424', 'Bullet', 18065);
INSERT INTO Weighbridge (Gatepass_No, Truck_Type, Weight_In, Weight_Out, In_Time, Out_Time) VALUES (1061, 'Bullet', 22119, 21713, '2025-07-25 02:56', '2025-07-25 07:56');
INSERT INTO Unloading (Vehicle_Number, Truck_Type, Cylinder_Type, Capsule1_MT, Capsule2_MT, Capsule3_MT, Gatepass_No) VALUES ('HR44FE7833', 'Bullet', NULL, 9.13, 6.29, 5.29, 1061);
INSERT INTO Filling_Center (Cylinder_Type, Leakage_Test, Cap_Check, Manual_Test, Gatepass_No) VALUES ('5kg', 1, 1, 1, 1061);
INSERT INTO Security_In VALUES (1062, '2025-08-06', 'WB64OI4208', 'Samesh Mukhopadhyay', '5735825239', 'Pack', 4013);
INSERT INTO Security_Out VALUES (1062, '2025-08-06', 'WB64OI4208', 'Sengupta, Kanda and Prabhakar', 'Samesh Mukhopadhyay', '5735825239', 'Pack', 4013);
INSERT INTO Weighbridge (Gatepass_No, Truck_Type, Weight_In, Weight_Out, In_Time, Out_Time) VALUES (1062, 'Pack', 6077, 5687, '2025-09-03 23:56', '2025-09-04 03:56');
INSERT INTO Loading (Truck_Type, Cylinder_Type, Gatepass_No) VALUES ('Pack', '47kg', 1062);
INSERT INTO Unloading (Vehicle_Number, Truck_Type, Cylinder_Type, Capsule1_MT, Capsule2_MT, Capsule3_MT, Gatepass_No) VALUES ('WB64OI4208', 'Pack', '47kg', NULL, NULL, NULL, 1062);
INSERT INTO Filling_Center (Cylinder_Type, Leakage_Test, Cap_Check, Manual_Test, Gatepass_No) VALUES ('19kg', 0, 1, 1, 1062);
INSERT INTO Security_In VALUES (1063, '2025-08-13', 'UK33MX3590', 'Suhani Batta', '1197429503', 'Pack', 12197);
INSERT INTO Security_Out VALUES (1063, '2025-08-13', 'UK33MX3590', 'Saini LLC', 'Suhani Batta', '1197429503', 'Pack', 12197);
INSERT INTO Weighbridge (Gatepass_No, Truck_Type, Weight_In, Weight_Out, In_Time, Out_Time) VALUES (1063, 'Pack', 16448, 15950, '2025-07-26 13:15', '2025-07-26 16:15');
INSERT INTO Loading (Truck_Type, Cylinder_Type, Gatepass_No) VALUES ('Pack', '19kg', 1063);
INSERT INTO Unloading (Vehicle_Number, Truck_Type, Cylinder_Type, Capsule1_MT, Capsule2_MT, Capsule3_MT, Gatepass_No) VALUES ('UK33MX3590', 'Pack', '19kg', NULL, NULL, NULL, 1063);
INSERT INTO Filling_Center (Cylinder_Type, Leakage_Test, Cap_Check, Manual_Test, Gatepass_No) VALUES ('47kg', 1, 1, 1, 1063);
INSERT INTO Security_In VALUES (1064, '2025-07-26', 'HR74VU5841', 'David Mittal', '2042595235', 'Pack', 13390);
INSERT INTO Security_Out VALUES (1064, '2025-07-26', 'HR74VU5841', 'Divan, Setty and Shanker', 'David Mittal', '2042595235', 'Pack', 13390);
INSERT INTO Weighbridge (Gatepass_No, Truck_Type, Weight_In, Weight_Out, In_Time, Out_Time) VALUES (1064, 'Pack', 14752, 14452, '2025-09-11 19:39', '2025-09-12 00:39');
INSERT INTO Loading (Truck_Type, Cylinder_Type, Gatepass_No) VALUES ('Pack', '14kg', 1064);
INSERT INTO Unloading (Vehicle_Number, Truck_Type, Cylinder_Type, Capsule1_MT, Capsule2_MT, Capsule3_MT, Gatepass_No) VALUES ('HR74VU5841', 'Pack', '14kg', NULL, NULL, NULL, 1064);
INSERT INTO Filling_Center (Cylinder_Type, Leakage_Test, Cap_Check, Manual_Test, Gatepass_No) VALUES ('5kg', 1, 1, 0, 1064);
INSERT INTO Security_In VALUES (1065, '2025-09-02', 'WB51QE8638', 'Shravya Chhabra', '3122858657', 'Pack', 13271);
INSERT INTO Security_Out VALUES (1065, '2025-09-02', 'WB51QE8638', 'Sant, Bedi and Nath', 'Shravya Chhabra', '3122858657', 'Pack', 13271);
INSERT INTO Weighbridge (Gatepass_No, Truck_Type, Weight_In, Weight_Out, In_Time, Out_Time) VALUES (1065, 'Pack', 15927, 15789, '2025-08-10 20:45', '2025-08-11 01:45');
INSERT INTO Loading (Truck_Type, Cylinder_Type, Gatepass_No) VALUES ('Pack', '47kg', 1065);
INSERT INTO Unloading (Vehicle_Number, Truck_Type, Cylinder_Type, Capsule1_MT, Capsule2_MT, Capsule3_MT, Gatepass_No) VALUES ('WB51QE8638', 'Pack', '47kg', NULL, NULL, NULL, 1065);
INSERT INTO Filling_Center (Cylinder_Type, Leakage_Test, Cap_Check, Manual_Test, Gatepass_No) VALUES ('47kg', 0, 1, 0, 1065);
INSERT INTO Security_In VALUES (1066, '2025-09-04', 'KL17SU8859', 'Ansh Sethi', '5083479084', 'Pack', 7821);
INSERT INTO Security_Out VALUES (1066, '2025-09-04', 'KL17SU8859', 'Patla-Nanda', 'Ansh Sethi', '5083479084', 'Pack', 7821);
INSERT INTO Weighbridge (Gatepass_No, Truck_Type, Weight_In, Weight_Out, In_Time, Out_Time) VALUES (1066, 'Pack', 12336, 12053, '2025-09-10 17:09', '2025-09-10 19:09');
INSERT INTO Loading (Truck_Type, Cylinder_Type, Gatepass_No) VALUES ('Pack', '19kg', 1066);
INSERT INTO Unloading (Vehicle_Number, Truck_Type, Cylinder_Type, Capsule1_MT, Capsule2_MT, Capsule3_MT, Gatepass_No) VALUES ('KL17SU8859', 'Pack', '19kg', NULL, NULL, NULL, 1066);
INSERT INTO Filling_Center (Cylinder_Type, Leakage_Test, Cap_Check, Manual_Test, Gatepass_No) VALUES ('47kg', 0, 0, 0, 1066);
INSERT INTO Security_In VALUES (1067, '2025-07-24', 'JH81RJ3847', 'Kala Madan', '4942520284', 'Pack', 7381);
INSERT INTO Security_Out VALUES (1067, '2025-07-24', 'JH81RJ3847', 'Narang-Kadakia', 'Kala Madan', '4942520284', 'Pack', 7381);
INSERT INTO Weighbridge (Gatepass_No, Truck_Type, Weight_In, Weight_Out, In_Time, Out_Time) VALUES (1067, 'Pack', 8433, 7936, '2025-09-10 05:51', '2025-09-10 06:51');
INSERT INTO Loading (Truck_Type, Cylinder_Type, Gatepass_No) VALUES ('Pack', '47kg', 1067);
INSERT INTO Unloading (Vehicle_Number, Truck_Type, Cylinder_Type, Capsule1_MT, Capsule2_MT, Capsule3_MT, Gatepass_No) VALUES ('JH81RJ3847', 'Pack', '47kg', NULL, NULL, NULL, 1067);
INSERT INTO Filling_Center (Cylinder_Type, Leakage_Test, Cap_Check, Manual_Test, Gatepass_No) VALUES ('19kg', 0, 0, 0, 1067);
INSERT INTO Security_In VALUES (1068, '2025-09-14', 'HP44BL4138', 'Reva Dass', '5165671792', 'Bullet', 6149);
INSERT INTO Security_Out VALUES (1068, '2025-09-14', 'HP44BL4138', 'DAlia-Talwar', 'Reva Dass', '5165671792', 'Bullet', 6149);
INSERT INTO Weighbridge (Gatepass_No, Truck_Type, Weight_In, Weight_Out, In_Time, Out_Time) VALUES (1068, 'Bullet', 8719, 8429, '2025-08-13 09:53', '2025-08-13 12:53');
INSERT INTO Unloading (Vehicle_Number, Truck_Type, Cylinder_Type, Capsule1_MT, Capsule2_MT, Capsule3_MT, Gatepass_No) VALUES ('HP44BL4138', 'Bullet', NULL, 5.86, 5.9, 6.99, 1068);
INSERT INTO Filling_Center (Cylinder_Type, Leakage_Test, Cap_Check, Manual_Test, Gatepass_No) VALUES ('19kg', 0, 0, 0, 1068);
INSERT INTO Security_In VALUES (1069, '2025-08-12', 'UK56OU8435', 'Dalbir Verma', '5262348361', 'Pack', 15061);
INSERT INTO Security_Out VALUES (1069, '2025-08-12', 'UK56OU8435', 'Bose and Sons', 'Dalbir Verma', '5262348361', 'Pack', 15061);
INSERT INTO Weighbridge (Gatepass_No, Truck_Type, Weight_In, Weight_Out, In_Time, Out_Time) VALUES (1069, 'Pack', 17339, 17165, '2025-09-02 07:50', '2025-09-02 08:50');
INSERT INTO Loading (Truck_Type, Cylinder_Type, Gatepass_No) VALUES ('Pack', '47kg', 1069);
INSERT INTO Unloading (Vehicle_Number, Truck_Type, Cylinder_Type, Capsule1_MT, Capsule2_MT, Capsule3_MT, Gatepass_No) VALUES ('UK56OU8435', 'Pack', '47kg', NULL, NULL, NULL, 1069);
INSERT INTO Filling_Center (Cylinder_Type, Leakage_Test, Cap_Check, Manual_Test, Gatepass_No) VALUES ('47kg', 0, 1, 1, 1069);
INSERT INTO Security_In VALUES (1070, '2025-07-22', 'ML91MB8466', 'Bhavya Wali', '8794612247', 'Pack', 13411);
INSERT INTO Security_Out VALUES (1070, '2025-07-22', 'ML91MB8466', 'Ray, Vig and Devi', 'Bhavya Wali', '8794612247', 'Pack', 13411);
INSERT INTO Weighbridge (Gatepass_No, Truck_Type, Weight_In, Weight_Out, In_Time, Out_Time) VALUES (1070, 'Pack', 16602, 16460, '2025-09-03 13:17', '2025-09-03 16:17');
INSERT INTO Loading (Truck_Type, Cylinder_Type, Gatepass_No) VALUES ('Pack', '19kg', 1070);
INSERT INTO Unloading (Vehicle_Number, Truck_Type, Cylinder_Type, Capsule1_MT, Capsule2_MT, Capsule3_MT, Gatepass_No) VALUES ('ML91MB8466', 'Pack', '19kg', NULL, NULL, NULL, 1070);
INSERT INTO Filling_Center (Cylinder_Type, Leakage_Test, Cap_Check, Manual_Test, Gatepass_No) VALUES ('5kg', 1, 0, 0, 1070);
INSERT INTO Security_In VALUES (1071, '2025-07-25', 'SK12RR9624', 'Nathan Nanda', '4802824269', 'Pack', 12132);
INSERT INTO Security_Out VALUES (1071, '2025-07-25', 'SK12RR9624', 'Sibal-Wali', 'Nathan Nanda', '4802824269', 'Pack', 12132);
INSERT INTO Weighbridge (Gatepass_No, Truck_Type, Weight_In, Weight_Out, In_Time, Out_Time) VALUES (1071, 'Pack', 15340, 14990, '2025-08-30 19:10', '2025-08-30 23:10');
INSERT INTO Loading (Truck_Type, Cylinder_Type, Gatepass_No) VALUES ('Pack', '47kg', 1071);
INSERT INTO Unloading (Vehicle_Number, Truck_Type, Cylinder_Type, Capsule1_MT, Capsule2_MT, Capsule3_MT, Gatepass_No) VALUES ('SK12RR9624', 'Pack', '47kg', NULL, NULL, NULL, 1071);
INSERT INTO Filling_Center (Cylinder_Type, Leakage_Test, Cap_Check, Manual_Test, Gatepass_No) VALUES ('19kg', 1, 1, 0, 1071);
INSERT INTO Security_In VALUES (1072, '2025-07-18', 'GA27MI4059', 'Charles Ravel', '8803063472', 'Bullet', 4608);
INSERT INTO Security_Out VALUES (1072, '2025-07-18', 'GA27MI4059', 'Chaudhry LLC', 'Charles Ravel', '8803063472', 'Bullet', 4608);
INSERT INTO Weighbridge (Gatepass_No, Truck_Type, Weight_In, Weight_Out, In_Time, Out_Time) VALUES (1072, 'Bullet', 9486, 9218, '2025-08-18 08:01', '2025-08-18 10:01');
INSERT INTO Unloading (Vehicle_Number, Truck_Type, Cylinder_Type, Capsule1_MT, Capsule2_MT, Capsule3_MT, Gatepass_No) VALUES ('GA27MI4059', 'Bullet', NULL, 5.41, 6.54, 5.52, 1072);
INSERT INTO Filling_Center (Cylinder_Type, Leakage_Test, Cap_Check, Manual_Test, Gatepass_No) VALUES ('14.5kg', 0, 1, 1, 1072);
INSERT INTO Security_In VALUES (1073, '2025-08-24', 'GA57KM9592', 'Zarna Solanki', '1040435993', 'Bullet', 19254);
INSERT INTO Security_Out VALUES (1073, '2025-08-24', 'GA57KM9592', 'Chaudhuri Ltd', 'Zarna Solanki', '1040435993', 'Bullet', 19254);
INSERT INTO Weighbridge (Gatepass_No, Truck_Type, Weight_In, Weight_Out, In_Time, Out_Time) VALUES (1073, 'Bullet', 23200, 23004, '2025-07-30 12:50', '2025-07-30 14:50');
INSERT INTO Unloading (Vehicle_Number, Truck_Type, Cylinder_Type, Capsule1_MT, Capsule2_MT, Capsule3_MT, Gatepass_No) VALUES ('GA57KM9592', 'Bullet', NULL, 6.39, 9.43, 5.01, 1073);
INSERT INTO Filling_Center (Cylinder_Type, Leakage_Test, Cap_Check, Manual_Test, Gatepass_No) VALUES ('14.5kg', 0, 1, 1, 1073);
INSERT INTO Security_In VALUES (1074, '2025-08-08', 'WB29CV4371', 'Rachita Bala', '2923963044', 'Bullet', 8812);
INSERT INTO Security_Out VALUES (1074, '2025-08-08', 'WB29CV4371', 'Keer-Boase', 'Rachita Bala', '2923963044', 'Bullet', 8812);
INSERT INTO Weighbridge (Gatepass_No, Truck_Type, Weight_In, Weight_Out, In_Time, Out_Time) VALUES (1074, 'Bullet', 13649, 13288, '2025-08-22 02:30', '2025-08-22 05:30');
INSERT INTO Unloading (Vehicle_Number, Truck_Type, Cylinder_Type, Capsule1_MT, Capsule2_MT, Capsule3_MT, Gatepass_No) VALUES ('WB29CV4371', 'Bullet', NULL, 5.1, 9.86, 9.35, 1074);
INSERT INTO Filling_Center (Cylinder_Type, Leakage_Test, Cap_Check, Manual_Test, Gatepass_No) VALUES ('5kg', 0, 1, 0, 1074);
INSERT INTO Security_In VALUES (1075, '2025-08-22', 'KL12SL2354', 'Pavani Parmar', '0327243649', 'Pack', 2686);
INSERT INTO Security_Out VALUES (1075, '2025-08-22', 'KL12SL2354', 'Tripathi Group', 'Pavani Parmar', '0327243649', 'Pack', 2686);
INSERT INTO Weighbridge (Gatepass_No, Truck_Type, Weight_In, Weight_Out, In_Time, Out_Time) VALUES (1075, 'Pack', 4561, 4260, '2025-08-16 10:03', '2025-08-16 11:03');
INSERT INTO Loading (Truck_Type, Cylinder_Type, Gatepass_No) VALUES ('Pack', '14kg', 1075);
INSERT INTO Unloading (Vehicle_Number, Truck_Type, Cylinder_Type, Capsule1_MT, Capsule2_MT, Capsule3_MT, Gatepass_No) VALUES ('KL12SL2354', 'Pack', '14kg', NULL, NULL, NULL, 1075);
INSERT INTO Filling_Center (Cylinder_Type, Leakage_Test, Cap_Check, Manual_Test, Gatepass_No) VALUES ('5kg', 1, 0, 1, 1075);
INSERT INTO Security_In VALUES (1076, '2025-09-08', 'MN55DQ3280', 'Kala Chaudry', '3648864874', 'Pack', 14657);
INSERT INTO Security_Out VALUES (1076, '2025-09-08', 'MN55DQ3280', 'Hari-Chakrabarti', 'Kala Chaudry', '3648864874', 'Pack', 14657);
INSERT INTO Weighbridge (Gatepass_No, Truck_Type, Weight_In, Weight_Out, In_Time, Out_Time) VALUES (1076, 'Pack', 16082, 15886, '2025-08-01 19:36', '2025-08-01 23:36');
INSERT INTO Loading (Truck_Type, Cylinder_Type, Gatepass_No) VALUES ('Pack', '14kg', 1076);
INSERT INTO Unloading (Vehicle_Number, Truck_Type, Cylinder_Type, Capsule1_MT, Capsule2_MT, Capsule3_MT, Gatepass_No) VALUES ('MN55DQ3280', 'Pack', '14kg', NULL, NULL, NULL, 1076);
INSERT INTO Filling_Center (Cylinder_Type, Leakage_Test, Cap_Check, Manual_Test, Gatepass_No) VALUES ('5kg', 1, 0, 1, 1076);
INSERT INTO Security_In VALUES (1077, '2025-09-01', 'BR46XT8959', 'Advika Andra', '9806776562', 'Pack', 19486);
INSERT INTO Security_Out VALUES (1077, '2025-09-01', 'BR46XT8959', 'Tak, Chaudhuri and Pillay', 'Advika Andra', '9806776562', 'Pack', 19486);
INSERT INTO Weighbridge (Gatepass_No, Truck_Type, Weight_In, Weight_Out, In_Time, Out_Time) VALUES (1077, 'Pack', 22307, 21873, '2025-09-13 19:45', '2025-09-13 23:45');
INSERT INTO Loading (Truck_Type, Cylinder_Type, Gatepass_No) VALUES ('Pack', '47kg', 1077);
INSERT INTO Unloading (Vehicle_Number, Truck_Type, Cylinder_Type, Capsule1_MT, Capsule2_MT, Capsule3_MT, Gatepass_No) VALUES ('BR46XT8959', 'Pack', '47kg', NULL, NULL, NULL, 1077);
INSERT INTO Filling_Center (Cylinder_Type, Leakage_Test, Cap_Check, Manual_Test, Gatepass_No) VALUES ('14.5kg', 0, 1, 1, 1077);
INSERT INTO Security_In VALUES (1078, '2025-08-07', 'JH58IJ8645', 'Wakeeta Singh', '1918330988', 'Pack', 1650);
INSERT INTO Security_Out VALUES (1078, '2025-08-07', 'JH58IJ8645', 'Walla and Sons', 'Wakeeta Singh', '1918330988', 'Pack', 1650);
INSERT INTO Weighbridge (Gatepass_No, Truck_Type, Weight_In, Weight_Out, In_Time, Out_Time) VALUES (1078, 'Pack', 5285, 4923, '2025-07-19 04:31', '2025-07-19 08:31');
INSERT INTO Loading (Truck_Type, Cylinder_Type, Gatepass_No) VALUES ('Pack', '14kg', 1078);
INSERT INTO Unloading (Vehicle_Number, Truck_Type, Cylinder_Type, Capsule1_MT, Capsule2_MT, Capsule3_MT, Gatepass_No) VALUES ('JH58IJ8645', 'Pack', '14kg', NULL, NULL, NULL, 1078);
INSERT INTO Filling_Center (Cylinder_Type, Leakage_Test, Cap_Check, Manual_Test, Gatepass_No) VALUES ('14.5kg', 1, 0, 0, 1078);
INSERT INTO Security_In VALUES (1079, '2025-08-01', 'CG31HW1856', 'Charan Bhandari', '3798404341', 'Pack', 4644);
INSERT INTO Security_Out VALUES (1079, '2025-08-01', 'CG31HW1856', 'Jani-Kurian', 'Charan Bhandari', '3798404341', 'Pack', 4644);
INSERT INTO Weighbridge (Gatepass_No, Truck_Type, Weight_In, Weight_Out, In_Time, Out_Time) VALUES (1079, 'Pack', 9085, 8688, '2025-08-25 21:04', '2025-08-25 22:04');
INSERT INTO Loading (Truck_Type, Cylinder_Type, Gatepass_No) VALUES ('Pack', '47kg', 1079);
INSERT INTO Unloading (Vehicle_Number, Truck_Type, Cylinder_Type, Capsule1_MT, Capsule2_MT, Capsule3_MT, Gatepass_No) VALUES ('CG31HW1856', 'Pack', '47kg', NULL, NULL, NULL, 1079);
INSERT INTO Filling_Center (Cylinder_Type, Leakage_Test, Cap_Check, Manual_Test, Gatepass_No) VALUES ('5kg', 0, 1, 1, 1079);
INSERT INTO Security_In VALUES (1080, '2025-08-25', 'JH36DP1109', 'Rayaan Desai', '5991356998', 'Bullet', 17047);
INSERT INTO Security_Out VALUES (1080, '2025-08-25', 'JH36DP1109', 'Koshy-Thakur', 'Rayaan Desai', '5991356998', 'Bullet', 17047);
INSERT INTO Weighbridge (Gatepass_No, Truck_Type, Weight_In, Weight_Out, In_Time, Out_Time) VALUES (1080, 'Bullet', 21896, 21449, '2025-07-30 09:35', '2025-07-30 12:35');
INSERT INTO Unloading (Vehicle_Number, Truck_Type, Cylinder_Type, Capsule1_MT, Capsule2_MT, Capsule3_MT, Gatepass_No) VALUES ('JH36DP1109', 'Bullet', NULL, 6.24, 6.08, 7.62, 1080);
INSERT INTO Filling_Center (Cylinder_Type, Leakage_Test, Cap_Check, Manual_Test, Gatepass_No) VALUES ('47kg', 1, 0, 1, 1080);
INSERT INTO Security_In VALUES (1081, '2025-08-04', 'UK82KT9013', 'Viraj Jhaveri', '6436349697', 'Pack', 18148);
INSERT INTO Security_Out VALUES (1081, '2025-08-04', 'UK82KT9013', 'Dave PLC', 'Viraj Jhaveri', '6436349697', 'Pack', 18148);
INSERT INTO Weighbridge (Gatepass_No, Truck_Type, Weight_In, Weight_Out, In_Time, Out_Time) VALUES (1081, 'Pack', 20972, 20500, '2025-08-03 18:04', '2025-08-03 20:04');
INSERT INTO Loading (Truck_Type, Cylinder_Type, Gatepass_No) VALUES ('Pack', '14kg', 1081);
INSERT INTO Unloading (Vehicle_Number, Truck_Type, Cylinder_Type, Capsule1_MT, Capsule2_MT, Capsule3_MT, Gatepass_No) VALUES ('UK82KT9013', 'Pack', '14kg', NULL, NULL, NULL, 1081);
INSERT INTO Filling_Center (Cylinder_Type, Leakage_Test, Cap_Check, Manual_Test, Gatepass_No) VALUES ('19kg', 1, 0, 1, 1081);
INSERT INTO Security_In VALUES (1082, '2025-09-07', 'TS50LA4961', 'Benjamin Vohra', '6245223841', 'Pack', 15663);
INSERT INTO Security_Out VALUES (1082, '2025-09-07', 'TS50LA4961', 'Vasa and Sons', 'Benjamin Vohra', '6245223841', 'Pack', 15663);
INSERT INTO Weighbridge (Gatepass_No, Truck_Type, Weight_In, Weight_Out, In_Time, Out_Time) VALUES (1082, 'Pack', 16781, 16283, '2025-09-07 09:21', '2025-09-07 12:21');
INSERT INTO Loading (Truck_Type, Cylinder_Type, Gatepass_No) VALUES ('Pack', '19kg', 1082);
INSERT INTO Unloading (Vehicle_Number, Truck_Type, Cylinder_Type, Capsule1_MT, Capsule2_MT, Capsule3_MT, Gatepass_No) VALUES ('TS50LA4961', 'Pack', '19kg', NULL, NULL, NULL, 1082);
INSERT INTO Filling_Center (Cylinder_Type, Leakage_Test, Cap_Check, Manual_Test, Gatepass_No) VALUES ('14.5kg', 0, 1, 1, 1082);
INSERT INTO Security_In VALUES (1083, '2025-07-24', 'WB10ZC9590', 'Azad Dhawan', '8001631747', 'Pack', 6289);
INSERT INTO Security_Out VALUES (1083, '2025-07-24', 'WB10ZC9590', 'Gala, Chowdhury and Choudhry', 'Azad Dhawan', '8001631747', 'Pack', 6289);
INSERT INTO Weighbridge (Gatepass_No, Truck_Type, Weight_In, Weight_Out, In_Time, Out_Time) VALUES (1083, 'Pack', 10360, 9909, '2025-09-07 19:41', '2025-09-07 20:41');
INSERT INTO Loading (Truck_Type, Cylinder_Type, Gatepass_No) VALUES ('Pack', '47kg', 1083);
INSERT INTO Unloading (Vehicle_Number, Truck_Type, Cylinder_Type, Capsule1_MT, Capsule2_MT, Capsule3_MT, Gatepass_No) VALUES ('WB10ZC9590', 'Pack', '47kg', NULL, NULL, NULL, 1083);
INSERT INTO Filling_Center (Cylinder_Type, Leakage_Test, Cap_Check, Manual_Test, Gatepass_No) VALUES ('10kg', 1, 0, 0, 1083);
INSERT INTO Security_In VALUES (1084, '2025-08-04', 'PB54BB7467', 'Chandani Aurora', '4766287315', 'Pack', 8983);
INSERT INTO Security_Out VALUES (1084, '2025-08-04', 'PB54BB7467', 'Bhatti-Chadha', 'Chandani Aurora', '4766287315', 'Pack', 8983);
INSERT INTO Weighbridge (Gatepass_No, Truck_Type, Weight_In, Weight_Out, In_Time, Out_Time) VALUES (1084, 'Pack', 13550, 13288, '2025-09-09 17:55', '2025-09-09 22:55');
INSERT INTO Loading (Truck_Type, Cylinder_Type, Gatepass_No) VALUES ('Pack', '19kg', 1084);
INSERT INTO Unloading (Vehicle_Number, Truck_Type, Cylinder_Type, Capsule1_MT, Capsule2_MT, Capsule3_MT, Gatepass_No) VALUES ('PB54BB7467', 'Pack', '19kg', NULL, NULL, NULL, 1084);
INSERT INTO Filling_Center (Cylinder_Type, Leakage_Test, Cap_Check, Manual_Test, Gatepass_No) VALUES ('10kg', 0, 0, 1, 1084);
INSERT INTO Security_In VALUES (1085, '2025-09-11', 'KL75JP2836', 'Wriddhish Brahmbhatt', '5208396253', 'Bullet', 13291);
INSERT INTO Security_Out VALUES (1085, '2025-09-11', 'KL75JP2836', 'Chadha, Mody and Dar', 'Wriddhish Brahmbhatt', '5208396253', 'Bullet', 13291);
INSERT INTO Weighbridge (Gatepass_No, Truck_Type, Weight_In, Weight_Out, In_Time, Out_Time) VALUES (1085, 'Bullet', 16837, 16720, '2025-09-06 05:16', '2025-09-06 10:16');
INSERT INTO Unloading (Vehicle_Number, Truck_Type, Cylinder_Type, Capsule1_MT, Capsule2_MT, Capsule3_MT, Gatepass_No) VALUES ('KL75JP2836', 'Bullet', NULL, 5.12, 5.61, 8.12, 1085);
INSERT INTO Filling_Center (Cylinder_Type, Leakage_Test, Cap_Check, Manual_Test, Gatepass_No) VALUES ('14.5kg', 0, 1, 0, 1085);
INSERT INTO Security_In VALUES (1086, '2025-09-14', 'KL18OA8376', 'Michael Dave', '3947349970', 'Bullet', 10823);
INSERT INTO Security_Out VALUES (1086, '2025-09-14', 'KL18OA8376', 'Kaul, Bal and Parsa', 'Michael Dave', '3947349970', 'Bullet', 10823);
INSERT INTO Weighbridge (Gatepass_No, Truck_Type, Weight_In, Weight_Out, In_Time, Out_Time) VALUES (1086, 'Bullet', 12776, 12607, '2025-09-12 05:47', '2025-09-12 06:47');
INSERT INTO Unloading (Vehicle_Number, Truck_Type, Cylinder_Type, Capsule1_MT, Capsule2_MT, Capsule3_MT, Gatepass_No) VALUES ('KL18OA8376', 'Bullet', NULL, 8.7, 9.63, 5.68, 1086);
INSERT INTO Filling_Center (Cylinder_Type, Leakage_Test, Cap_Check, Manual_Test, Gatepass_No) VALUES ('47kg', 1, 1, 1, 1086);
INSERT INTO Security_In VALUES (1087, '2025-08-16', 'NL57ZJ4300', 'Vyanjana Dhillon', '2315231983', 'Bullet', 18532);
INSERT INTO Security_Out VALUES (1087, '2025-08-16', 'NL57ZJ4300', 'Seth-Talwar', 'Vyanjana Dhillon', '2315231983', 'Bullet', 18532);
INSERT INTO Weighbridge (Gatepass_No, Truck_Type, Weight_In, Weight_Out, In_Time, Out_Time) VALUES (1087, 'Bullet', 22023, 21573, '2025-07-24 11:39', '2025-07-24 13:39');
INSERT INTO Unloading (Vehicle_Number, Truck_Type, Cylinder_Type, Capsule1_MT, Capsule2_MT, Capsule3_MT, Gatepass_No) VALUES ('NL57ZJ4300', 'Bullet', NULL, 7.54, 8.84, 8.4, 1087);
INSERT INTO Filling_Center (Cylinder_Type, Leakage_Test, Cap_Check, Manual_Test, Gatepass_No) VALUES ('19kg', 1, 1, 0, 1087);
INSERT INTO Security_In VALUES (1088, '2025-08-02', 'AS38UU8259', 'Ryan Mahal', '4051632405', 'Pack', 17835);
INSERT INTO Security_Out VALUES (1088, '2025-08-02', 'AS38UU8259', 'Bassi Ltd', 'Ryan Mahal', '4051632405', 'Pack', 17835);
INSERT INTO Weighbridge (Gatepass_No, Truck_Type, Weight_In, Weight_Out, In_Time, Out_Time) VALUES (1088, 'Pack', 20930, 20613, '2025-09-10 11:58', '2025-09-10 12:58');
INSERT INTO Loading (Truck_Type, Cylinder_Type, Gatepass_No) VALUES ('Pack', '14kg', 1088);
INSERT INTO Unloading (Vehicle_Number, Truck_Type, Cylinder_Type, Capsule1_MT, Capsule2_MT, Capsule3_MT, Gatepass_No) VALUES ('AS38UU8259', 'Pack', '14kg', NULL, NULL, NULL, 1088);
INSERT INTO Filling_Center (Cylinder_Type, Leakage_Test, Cap_Check, Manual_Test, Gatepass_No) VALUES ('5kg', 1, 0, 0, 1088);
INSERT INTO Security_In VALUES (1089, '2025-09-01', 'BR38JS5692', 'Jalsa Varghese', '9623617024', 'Bullet', 10179);
INSERT INTO Security_Out VALUES (1089, '2025-09-01', 'BR38JS5692', 'Chaudhari LLC', 'Jalsa Varghese', '9623617024', 'Bullet', 10179);
INSERT INTO Weighbridge (Gatepass_No, Truck_Type, Weight_In, Weight_Out, In_Time, Out_Time) VALUES (1089, 'Bullet', 13728, 13438, '2025-07-21 20:11', '2025-07-21 23:11');
INSERT INTO Unloading (Vehicle_Number, Truck_Type, Cylinder_Type, Capsule1_MT, Capsule2_MT, Capsule3_MT, Gatepass_No) VALUES ('BR38JS5692', 'Bullet', NULL, 7.69, 9.51, 7.79, 1089);
INSERT INTO Filling_Center (Cylinder_Type, Leakage_Test, Cap_Check, Manual_Test, Gatepass_No) VALUES ('14.5kg', 1, 0, 1, 1089);
INSERT INTO Security_In VALUES (1090, '2025-08-12', 'OD38VT1317', 'Zaid Dutt', '1113698284', 'Pack', 11776);
INSERT INTO Security_Out VALUES (1090, '2025-08-12', 'OD38VT1317', 'Sunder LLC', 'Zaid Dutt', '1113698284', 'Pack', 11776);
INSERT INTO Weighbridge (Gatepass_No, Truck_Type, Weight_In, Weight_Out, In_Time, Out_Time) VALUES (1090, 'Pack', 15297, 14878, '2025-08-29 11:13', '2025-08-29 16:13');
INSERT INTO Loading (Truck_Type, Cylinder_Type, Gatepass_No) VALUES ('Pack', '47kg', 1090);
INSERT INTO Unloading (Vehicle_Number, Truck_Type, Cylinder_Type, Capsule1_MT, Capsule2_MT, Capsule3_MT, Gatepass_No) VALUES ('OD38VT1317', 'Pack', '47kg', NULL, NULL, NULL, 1090);
INSERT INTO Filling_Center (Cylinder_Type, Leakage_Test, Cap_Check, Manual_Test, Gatepass_No) VALUES ('14.5kg', 1, 0, 0, 1090);
INSERT INTO Security_In VALUES (1091, '2025-08-15', 'NL34BV5716', 'Oviya Nagarajan', '2269230847', 'Bullet', 14319);
INSERT INTO Security_Out VALUES (1091, '2025-08-15', 'NL34BV5716', 'Kurian, Swamy and Dalal', 'Oviya Nagarajan', '2269230847', 'Bullet', 14319);
INSERT INTO Weighbridge (Gatepass_No, Truck_Type, Weight_In, Weight_Out, In_Time, Out_Time) VALUES (1091, 'Bullet', 15500, 15395, '2025-08-29 19:05', '2025-08-29 20:05');
INSERT INTO Unloading (Vehicle_Number, Truck_Type, Cylinder_Type, Capsule1_MT, Capsule2_MT, Capsule3_MT, Gatepass_No) VALUES ('NL34BV5716', 'Bullet', NULL, 5.59, 9.42, 9.31, 1091);
INSERT INTO Filling_Center (Cylinder_Type, Leakage_Test, Cap_Check, Manual_Test, Gatepass_No) VALUES ('5kg', 0, 1, 1, 1091);
INSERT INTO Security_In VALUES (1092, '2025-08-25', 'RJ75QZ2655', 'Hema Sathe', '7804664932', 'Bullet', 9300);
INSERT INTO Security_Out VALUES (1092, '2025-08-25', 'RJ75QZ2655', 'Sani and Sons', 'Hema Sathe', '7804664932', 'Bullet', 9300);
INSERT INTO Weighbridge (Gatepass_No, Truck_Type, Weight_In, Weight_Out, In_Time, Out_Time) VALUES (1092, 'Bullet', 13231, 13094, '2025-08-14 08:49', '2025-08-14 09:49');
INSERT INTO Unloading (Vehicle_Number, Truck_Type, Cylinder_Type, Capsule1_MT, Capsule2_MT, Capsule3_MT, Gatepass_No) VALUES ('RJ75QZ2655', 'Bullet', NULL, 6.91, 7.4, 8.6, 1092);
INSERT INTO Filling_Center (Cylinder_Type, Leakage_Test, Cap_Check, Manual_Test, Gatepass_No) VALUES ('47kg', 1, 0, 0, 1092);
INSERT INTO Security_In VALUES (1093, '2025-08-25', 'MN58JZ3391', 'Ranbir Minhas', '0920829468', 'Pack', 13138);
INSERT INTO Security_Out VALUES (1093, '2025-08-25', 'MN58JZ3391', 'Khatri Group', 'Ranbir Minhas', '0920829468', 'Pack', 13138);
INSERT INTO Weighbridge (Gatepass_No, Truck_Type, Weight_In, Weight_Out, In_Time, Out_Time) VALUES (1093, 'Pack', 16906, 16728, '2025-07-27 09:47', '2025-07-27 14:47');
INSERT INTO Loading (Truck_Type, Cylinder_Type, Gatepass_No) VALUES ('Pack', '47kg', 1093);
INSERT INTO Unloading (Vehicle_Number, Truck_Type, Cylinder_Type, Capsule1_MT, Capsule2_MT, Capsule3_MT, Gatepass_No) VALUES ('MN58JZ3391', 'Pack', '47kg', NULL, NULL, NULL, 1093);
INSERT INTO Filling_Center (Cylinder_Type, Leakage_Test, Cap_Check, Manual_Test, Gatepass_No) VALUES ('14.5kg', 1, 0, 1, 1093);
INSERT INTO Security_In VALUES (1094, '2025-08-12', 'AR91BQ4044', 'Michael Agate', '5761833048', 'Pack', 19635);
INSERT INTO Security_Out VALUES (1094, '2025-08-12', 'AR91BQ4044', 'Deol-Chauhan', 'Michael Agate', '5761833048', 'Pack', 19635);
INSERT INTO Weighbridge (Gatepass_No, Truck_Type, Weight_In, Weight_Out, In_Time, Out_Time) VALUES (1094, 'Pack', 23817, 23330, '2025-09-01 23:11', '2025-09-02 04:11');
INSERT INTO Loading (Truck_Type, Cylinder_Type, Gatepass_No) VALUES ('Pack', '14kg', 1094);
INSERT INTO Unloading (Vehicle_Number, Truck_Type, Cylinder_Type, Capsule1_MT, Capsule2_MT, Capsule3_MT, Gatepass_No) VALUES ('AR91BQ4044', 'Pack', '14kg', NULL, NULL, NULL, 1094);
INSERT INTO Filling_Center (Cylinder_Type, Leakage_Test, Cap_Check, Manual_Test, Gatepass_No) VALUES ('5kg', 0, 1, 0, 1094);
INSERT INTO Security_In VALUES (1095, '2025-08-19', 'NL68QX8752', 'Andrew Muni', '9471454996', 'Bullet', 16808);
INSERT INTO Security_Out VALUES (1095, '2025-08-19', 'NL68QX8752', 'Batta, Bhargava and Hegde', 'Andrew Muni', '9471454996', 'Bullet', 16808);
INSERT INTO Weighbridge (Gatepass_No, Truck_Type, Weight_In, Weight_Out, In_Time, Out_Time) VALUES (1095, 'Bullet', 18519, 18384, '2025-08-29 21:50', '2025-08-30 02:50');
INSERT INTO Unloading (Vehicle_Number, Truck_Type, Cylinder_Type, Capsule1_MT, Capsule2_MT, Capsule3_MT, Gatepass_No) VALUES ('NL68QX8752', 'Bullet', NULL, 5.67, 8.1, 8.02, 1095);
INSERT INTO Filling_Center (Cylinder_Type, Leakage_Test, Cap_Check, Manual_Test, Gatepass_No) VALUES ('47kg', 0, 1, 0, 1095);
INSERT INTO Security_In VALUES (1096, '2025-07-27', 'MH41GW9546', 'Rehaan Vala', '4053725831', 'Pack', 10080);
INSERT INTO Security_Out VALUES (1096, '2025-07-27', 'MH41GW9546', 'Rastogi LLC', 'Rehaan Vala', '4053725831', 'Pack', 10080);
INSERT INTO Weighbridge (Gatepass_No, Truck_Type, Weight_In, Weight_Out, In_Time, Out_Time) VALUES (1096, 'Pack', 14286, 13836, '2025-08-11 02:52', '2025-08-11 05:52');
INSERT INTO Loading (Truck_Type, Cylinder_Type, Gatepass_No) VALUES ('Pack', '19kg', 1096);
INSERT INTO Unloading (Vehicle_Number, Truck_Type, Cylinder_Type, Capsule1_MT, Capsule2_MT, Capsule3_MT, Gatepass_No) VALUES ('MH41GW9546', 'Pack', '19kg', NULL, NULL, NULL, 1096);
INSERT INTO Filling_Center (Cylinder_Type, Leakage_Test, Cap_Check, Manual_Test, Gatepass_No) VALUES ('47kg', 0, 1, 1, 1096);
INSERT INTO Security_In VALUES (1097, '2025-08-25', 'HP96ZM6850', 'Lopa Oza', '4200333721', 'Bullet', 2487);
INSERT INTO Security_Out VALUES (1097, '2025-08-25', 'HP96ZM6850', 'Nagar LLC', 'Lopa Oza', '4200333721', 'Bullet', 2487);
INSERT INTO Weighbridge (Gatepass_No, Truck_Type, Weight_In, Weight_Out, In_Time, Out_Time) VALUES (1097, 'Bullet', 7324, 7089, '2025-08-10 10:41', '2025-08-10 11:41');
INSERT INTO Unloading (Vehicle_Number, Truck_Type, Cylinder_Type, Capsule1_MT, Capsule2_MT, Capsule3_MT, Gatepass_No) VALUES ('HP96ZM6850', 'Bullet', NULL, 6.57, 6.41, 7.37, 1097);
INSERT INTO Filling_Center (Cylinder_Type, Leakage_Test, Cap_Check, Manual_Test, Gatepass_No) VALUES ('47kg', 1, 0, 1, 1097);
INSERT INTO Security_In VALUES (1098, '2025-08-17', 'HP39JO1952', 'Upkaar Jha', '3291004408', 'Pack', 13728);
INSERT INTO Security_Out VALUES (1098, '2025-08-17', 'HP39JO1952', 'Vala-Dhar', 'Upkaar Jha', '3291004408', 'Pack', 13728);
INSERT INTO Weighbridge (Gatepass_No, Truck_Type, Weight_In, Weight_Out, In_Time, Out_Time) VALUES (1098, 'Pack', 18436, 18333, '2025-08-18 15:09', '2025-08-18 17:09');
INSERT INTO Loading (Truck_Type, Cylinder_Type, Gatepass_No) VALUES ('Pack', '47kg', 1098);
INSERT INTO Unloading (Vehicle_Number, Truck_Type, Cylinder_Type, Capsule1_MT, Capsule2_MT, Capsule3_MT, Gatepass_No) VALUES ('HP39JO1952', 'Pack', '47kg', NULL, NULL, NULL, 1098);
INSERT INTO Filling_Center (Cylinder_Type, Leakage_Test, Cap_Check, Manual_Test, Gatepass_No) VALUES ('47kg', 0, 1, 0, 1098);
INSERT INTO Security_In VALUES (1099, '2025-07-24', 'SK42CR7870', 'Ekansh Dara', '6481879198', 'Bullet', 6085);
INSERT INTO Security_Out VALUES (1099, '2025-07-24', 'SK42CR7870', 'Sachar-Khalsa', 'Ekansh Dara', '6481879198', 'Bullet', 6085);
INSERT INTO Weighbridge (Gatepass_No, Truck_Type, Weight_In, Weight_Out, In_Time, Out_Time) VALUES (1099, 'Bullet', 9758, 9383, '2025-08-15 02:27', '2025-08-15 03:27');
INSERT INTO Unloading (Vehicle_Number, Truck_Type, Cylinder_Type, Capsule1_MT, Capsule2_MT, Capsule3_MT, Gatepass_No) VALUES ('SK42CR7870', 'Bullet', NULL, 8.9, 7.28, 8.82, 1099);
INSERT INTO Filling_Center (Cylinder_Type, Leakage_Test, Cap_Check, Manual_Test, Gatepass_No) VALUES ('47kg', 1, 0, 0, 1099);
INSERT INTO Security_In VALUES (1100, '2025-07-29', 'GA54GI9327', 'Zaitra Saha', '5923126290', 'Bullet', 1344);
INSERT INTO Security_Out VALUES (1100, '2025-07-29', 'GA54GI9327', 'Acharya, Bava and Garde', 'Zaitra Saha', '5923126290', 'Bullet', 1344);
INSERT INTO Weighbridge (Gatepass_No, Truck_Type, Weight_In, Weight_Out, In_Time, Out_Time) VALUES (1100, 'Bullet', 5091, 4726, '2025-08-04 07:54', '2025-08-04 10:54');
INSERT INTO Unloading (Vehicle_Number, Truck_Type, Cylinder_Type, Capsule1_MT, Capsule2_MT, Capsule3_MT, Gatepass_No) VALUES ('GA54GI9327', 'Bullet', NULL, 7.28, 5.22, 6.8, 1100);
INSERT INTO Filling_Center (Cylinder_Type, Leakage_Test, Cap_Check, Manual_Test, Gatepass_No) VALUES ('19kg', 0, 0, 1, 1100);
INSERT INTO Security_In VALUES (1101, '2025-09-07', 'WB43OO6174', 'Simon Khanna', '0648354262', 'Bullet', 10345);
INSERT INTO Security_Out VALUES (1101, '2025-09-07', 'WB43OO6174', 'Dara Inc', 'Simon Khanna', '0648354262', 'Bullet', 10345);
INSERT INTO Weighbridge (Gatepass_No, Truck_Type, Weight_In, Weight_Out, In_Time, Out_Time) VALUES (1101, 'Bullet', 14720, 14532, '2025-07-28 13:53', '2025-07-28 15:53');
INSERT INTO Unloading (Vehicle_Number, Truck_Type, Cylinder_Type, Capsule1_MT, Capsule2_MT, Capsule3_MT, Gatepass_No) VALUES ('WB43OO6174', 'Bullet', NULL, 8.02, 6.99, 9.68, 1101);
INSERT INTO Filling_Center (Cylinder_Type, Leakage_Test, Cap_Check, Manual_Test, Gatepass_No) VALUES ('10kg', 1, 0, 0, 1101);
INSERT INTO Security_In VALUES (1102, '2025-08-24', 'CG26AO2405', 'Tanish Muni', '7531696472', 'Pack', 4570);
INSERT INTO Security_Out VALUES (1102, '2025-08-24', 'CG26AO2405', 'Jha PLC', 'Tanish Muni', '7531696472', 'Pack', 4570);
INSERT INTO Weighbridge (Gatepass_No, Truck_Type, Weight_In, Weight_Out, In_Time, Out_Time) VALUES (1102, 'Pack', 7683, 7283, '2025-09-07 05:57', '2025-09-07 06:57');
INSERT INTO Loading (Truck_Type, Cylinder_Type, Gatepass_No) VALUES ('Pack', '47kg', 1102);
INSERT INTO Unloading (Vehicle_Number, Truck_Type, Cylinder_Type, Capsule1_MT, Capsule2_MT, Capsule3_MT, Gatepass_No) VALUES ('CG26AO2405', 'Pack', '47kg', NULL, NULL, NULL, 1102);
INSERT INTO Filling_Center (Cylinder_Type, Leakage_Test, Cap_Check, Manual_Test, Gatepass_No) VALUES ('10kg', 0, 1, 1, 1102);
INSERT INTO Security_In VALUES (1103, '2025-09-03', 'AP58DV7751', 'Gaurika Choudhury', '4807145639', 'Bullet', 17705);
INSERT INTO Security_Out VALUES (1103, '2025-09-03', 'AP58DV7751', 'Chahal, Virk and Virk', 'Gaurika Choudhury', '4807145639', 'Bullet', 17705);
INSERT INTO Weighbridge (Gatepass_No, Truck_Type, Weight_In, Weight_Out, In_Time, Out_Time) VALUES (1103, 'Bullet', 21166, 20820, '2025-09-01 01:10', '2025-09-01 02:10');
INSERT INTO Unloading (Vehicle_Number, Truck_Type, Cylinder_Type, Capsule1_MT, Capsule2_MT, Capsule3_MT, Gatepass_No) VALUES ('AP58DV7751', 'Bullet', NULL, 9.09, 5.17, 8.18, 1103);
INSERT INTO Filling_Center (Cylinder_Type, Leakage_Test, Cap_Check, Manual_Test, Gatepass_No) VALUES ('19kg', 0, 0, 1, 1103);
INSERT INTO Security_In VALUES (1104, '2025-08-31', 'AR51CX4850', 'Ekaja Acharya', '2070695021', 'Pack', 17236);
INSERT INTO Security_Out VALUES (1104, '2025-08-31', 'AR51CX4850', 'Gera Ltd', 'Ekaja Acharya', '2070695021', 'Pack', 17236);
INSERT INTO Weighbridge (Gatepass_No, Truck_Type, Weight_In, Weight_Out, In_Time, Out_Time) VALUES (1104, 'Pack', 18863, 18417, '2025-08-13 21:20', '2025-08-14 00:20');
INSERT INTO Loading (Truck_Type, Cylinder_Type, Gatepass_No) VALUES ('Pack', '19kg', 1104);
INSERT INTO Unloading (Vehicle_Number, Truck_Type, Cylinder_Type, Capsule1_MT, Capsule2_MT, Capsule3_MT, Gatepass_No) VALUES ('AR51CX4850', 'Pack', '19kg', NULL, NULL, NULL, 1104);
INSERT INTO Filling_Center (Cylinder_Type, Leakage_Test, Cap_Check, Manual_Test, Gatepass_No) VALUES ('10kg', 0, 1, 1, 1104);
INSERT INTO Security_In VALUES (1105, '2025-08-26', 'AS56SW5613', 'Falguni Kashyap', '5592771997', 'Bullet', 17184);
INSERT INTO Security_Out VALUES (1105, '2025-08-26', 'AS56SW5613', 'Gala-Golla', 'Falguni Kashyap', '5592771997', 'Bullet', 17184);
INSERT INTO Weighbridge (Gatepass_No, Truck_Type, Weight_In, Weight_Out, In_Time, Out_Time) VALUES (1105, 'Bullet', 19327, 18970, '2025-08-25 05:44', '2025-08-25 09:44');
INSERT INTO Unloading (Vehicle_Number, Truck_Type, Cylinder_Type, Capsule1_MT, Capsule2_MT, Capsule3_MT, Gatepass_No) VALUES ('AS56SW5613', 'Bullet', NULL, 6.91, 9.11, 7.26, 1105);
INSERT INTO Filling_Center (Cylinder_Type, Leakage_Test, Cap_Check, Manual_Test, Gatepass_No) VALUES ('5kg', 0, 0, 0, 1105);
INSERT INTO Security_In VALUES (1106, '2025-09-05', 'NL63VS6297', 'Chakrika Buch', '7944236197', 'Bullet', 19204);
INSERT INTO Security_Out VALUES (1106, '2025-09-05', 'NL63VS6297', 'Joshi, Misra and Yogi', 'Chakrika Buch', '7944236197', 'Bullet', 19204);
INSERT INTO Weighbridge (Gatepass_No, Truck_Type, Weight_In, Weight_Out, In_Time, Out_Time) VALUES (1106, 'Bullet', 22675, 22452, '2025-08-31 00:57', '2025-08-31 04:57');
INSERT INTO Unloading (Vehicle_Number, Truck_Type, Cylinder_Type, Capsule1_MT, Capsule2_MT, Capsule3_MT, Gatepass_No) VALUES ('NL63VS6297', 'Bullet', NULL, 6.67, 5.84, 5.87, 1106);
INSERT INTO Filling_Center (Cylinder_Type, Leakage_Test, Cap_Check, Manual_Test, Gatepass_No) VALUES ('5kg', 0, 0, 1, 1106);
INSERT INTO Security_In VALUES (1107, '2025-08-25', 'JH58RO3733', 'Pallavi Batra', '8436748953', 'Bullet', 2320);
INSERT INTO Security_Out VALUES (1107, '2025-08-25', 'JH58RO3733', 'Rai, Baral and Dhawan', 'Pallavi Batra', '8436748953', 'Bullet', 2320);
INSERT INTO Weighbridge (Gatepass_No, Truck_Type, Weight_In, Weight_Out, In_Time, Out_Time) VALUES (1107, 'Bullet', 4832, 4440, '2025-07-22 04:23', '2025-07-22 07:23');
INSERT INTO Unloading (Vehicle_Number, Truck_Type, Cylinder_Type, Capsule1_MT, Capsule2_MT, Capsule3_MT, Gatepass_No) VALUES ('JH58RO3733', 'Bullet', NULL, 8.0, 7.49, 5.58, 1107);
INSERT INTO Filling_Center (Cylinder_Type, Leakage_Test, Cap_Check, Manual_Test, Gatepass_No) VALUES ('5kg', 0, 0, 0, 1107);
INSERT INTO Security_In VALUES (1108, '2025-09-06', 'MH65WT2265', 'Jackson Aggarwal', '6363071054', 'Pack', 6906);
INSERT INTO Security_Out VALUES (1108, '2025-09-06', 'MH65WT2265', 'Lal-Chaudhari', 'Jackson Aggarwal', '6363071054', 'Pack', 6906);
INSERT INTO Weighbridge (Gatepass_No, Truck_Type, Weight_In, Weight_Out, In_Time, Out_Time) VALUES (1108, 'Pack', 8624, 8304, '2025-08-09 19:43', '2025-08-09 22:43');
INSERT INTO Loading (Truck_Type, Cylinder_Type, Gatepass_No) VALUES ('Pack', '47kg', 1108);
INSERT INTO Unloading (Vehicle_Number, Truck_Type, Cylinder_Type, Capsule1_MT, Capsule2_MT, Capsule3_MT, Gatepass_No) VALUES ('MH65WT2265', 'Pack', '47kg', NULL, NULL, NULL, 1108);
INSERT INTO Filling_Center (Cylinder_Type, Leakage_Test, Cap_Check, Manual_Test, Gatepass_No) VALUES ('10kg', 0, 1, 1, 1108);
INSERT INTO Security_In VALUES (1109, '2025-08-02', 'KA28AM6116', 'Vritti Shah', '6314347188', 'Pack', 4438);
INSERT INTO Security_Out VALUES (1109, '2025-08-02', 'KA28AM6116', 'Loyal, Kaur and Rout', 'Vritti Shah', '6314347188', 'Pack', 4438);
INSERT INTO Weighbridge (Gatepass_No, Truck_Type, Weight_In, Weight_Out, In_Time, Out_Time) VALUES (1109, 'Pack', 8746, 8442, '2025-09-07 20:35', '2025-09-07 22:35');
INSERT INTO Loading (Truck_Type, Cylinder_Type, Gatepass_No) VALUES ('Pack', '47kg', 1109);
INSERT INTO Unloading (Vehicle_Number, Truck_Type, Cylinder_Type, Capsule1_MT, Capsule2_MT, Capsule3_MT, Gatepass_No) VALUES ('KA28AM6116', 'Pack', '47kg', NULL, NULL, NULL, 1109);
INSERT INTO Filling_Center (Cylinder_Type, Leakage_Test, Cap_Check, Manual_Test, Gatepass_No) VALUES ('10kg', 0, 0, 0, 1109);
INSERT INTO Security_In VALUES (1110, '2025-08-21', 'TN21EA6345', 'Mitali Goda', '3198680444', 'Pack', 6070);
INSERT INTO Security_Out VALUES (1110, '2025-08-21', 'TN21EA6345', 'Tara Inc', 'Mitali Goda', '3198680444', 'Pack', 6070);
INSERT INTO Weighbridge (Gatepass_No, Truck_Type, Weight_In, Weight_Out, In_Time, Out_Time) VALUES (1110, 'Pack', 8600, 8126, '2025-09-01 18:37', '2025-09-01 22:37');
INSERT INTO Loading (Truck_Type, Cylinder_Type, Gatepass_No) VALUES ('Pack', '47kg', 1110);
INSERT INTO Unloading (Vehicle_Number, Truck_Type, Cylinder_Type, Capsule1_MT, Capsule2_MT, Capsule3_MT, Gatepass_No) VALUES ('TN21EA6345', 'Pack', '47kg', NULL, NULL, NULL, 1110);
INSERT INTO Filling_Center (Cylinder_Type, Leakage_Test, Cap_Check, Manual_Test, Gatepass_No) VALUES ('47kg', 0, 1, 1, 1110);
INSERT INTO Security_In VALUES (1111, '2025-08-12', 'BR24VF8710', 'Ekantika Nagy', '8820694602', 'Pack', 10754);
INSERT INTO Security_Out VALUES (1111, '2025-08-12', 'BR24VF8710', 'Balasubramanian, Desai and Bhakta', 'Ekantika Nagy', '8820694602', 'Pack', 10754);
INSERT INTO Weighbridge (Gatepass_No, Truck_Type, Weight_In, Weight_Out, In_Time, Out_Time) VALUES (1111, 'Pack', 14666, 14317, '2025-08-09 06:15', '2025-08-09 09:15');
INSERT INTO Loading (Truck_Type, Cylinder_Type, Gatepass_No) VALUES ('Pack', '19kg', 1111);
INSERT INTO Unloading (Vehicle_Number, Truck_Type, Cylinder_Type, Capsule1_MT, Capsule2_MT, Capsule3_MT, Gatepass_No) VALUES ('BR24VF8710', 'Pack', '19kg', NULL, NULL, NULL, 1111);
INSERT INTO Filling_Center (Cylinder_Type, Leakage_Test, Cap_Check, Manual_Test, Gatepass_No) VALUES ('47kg', 0, 0, 1, 1111);
INSERT INTO Security_In VALUES (1112, '2025-08-28', 'AS99DU4447', 'Indira Bhagat', '1482271520', 'Bullet', 18676);
INSERT INTO Security_Out VALUES (1112, '2025-08-28', 'AS99DU4447', 'Narayan, Saini and Nagy', 'Indira Bhagat', '1482271520', 'Bullet', 18676);
INSERT INTO Weighbridge (Gatepass_No, Truck_Type, Weight_In, Weight_Out, In_Time, Out_Time) VALUES (1112, 'Bullet', 22400, 22214, '2025-07-28 03:12', '2025-07-28 06:12');
INSERT INTO Unloading (Vehicle_Number, Truck_Type, Cylinder_Type, Capsule1_MT, Capsule2_MT, Capsule3_MT, Gatepass_No) VALUES ('AS99DU4447', 'Bullet', NULL, 8.59, 8.47, 5.94, 1112);
INSERT INTO Filling_Center (Cylinder_Type, Leakage_Test, Cap_Check, Manual_Test, Gatepass_No) VALUES ('19kg', 1, 0, 0, 1112);
INSERT INTO Security_In VALUES (1113, '2025-09-05', 'ML13YZ1244', 'Hiral Borra', '2773535632', 'Pack', 3059);
INSERT INTO Security_Out VALUES (1113, '2025-09-05', 'ML13YZ1244', 'Parekh Group', 'Hiral Borra', '2773535632', 'Pack', 3059);
INSERT INTO Weighbridge (Gatepass_No, Truck_Type, Weight_In, Weight_Out, In_Time, Out_Time) VALUES (1113, 'Pack', 5767, 5370, '2025-09-14 03:29', '2025-09-14 08:29');
INSERT INTO Loading (Truck_Type, Cylinder_Type, Gatepass_No) VALUES ('Pack', '14kg', 1113);
INSERT INTO Unloading (Vehicle_Number, Truck_Type, Cylinder_Type, Capsule1_MT, Capsule2_MT, Capsule3_MT, Gatepass_No) VALUES ('ML13YZ1244', 'Pack', '14kg', NULL, NULL, NULL, 1113);
INSERT INTO Filling_Center (Cylinder_Type, Leakage_Test, Cap_Check, Manual_Test, Gatepass_No) VALUES ('14.5kg', 0, 0, 0, 1113);
INSERT INTO Security_In VALUES (1114, '2025-07-24', 'AS46VS5350', 'Veer Mahajan', '7116585613', 'Pack', 13351);
INSERT INTO Security_Out VALUES (1114, '2025-07-24', 'AS46VS5350', 'Raju LLC', 'Veer Mahajan', '7116585613', 'Pack', 13351);
INSERT INTO Weighbridge (Gatepass_No, Truck_Type, Weight_In, Weight_Out, In_Time, Out_Time) VALUES (1114, 'Pack', 14502, 14188, '2025-07-27 01:36', '2025-07-27 05:36');
INSERT INTO Loading (Truck_Type, Cylinder_Type, Gatepass_No) VALUES ('Pack', '14kg', 1114);
INSERT INTO Unloading (Vehicle_Number, Truck_Type, Cylinder_Type, Capsule1_MT, Capsule2_MT, Capsule3_MT, Gatepass_No) VALUES ('AS46VS5350', 'Pack', '14kg', NULL, NULL, NULL, 1114);
INSERT INTO Filling_Center (Cylinder_Type, Leakage_Test, Cap_Check, Manual_Test, Gatepass_No) VALUES ('10kg', 0, 1, 1, 1114);
INSERT INTO Security_In VALUES (1115, '2025-07-20', 'WB68HP9846', 'Yagnesh Agate', '1842778449', 'Bullet', 13931);
INSERT INTO Security_Out VALUES (1115, '2025-07-20', 'WB68HP9846', 'Amble Inc', 'Yagnesh Agate', '1842778449', 'Bullet', 13931);
INSERT INTO Weighbridge (Gatepass_No, Truck_Type, Weight_In, Weight_Out, In_Time, Out_Time) VALUES (1115, 'Bullet', 18136, 17733, '2025-08-18 08:18', '2025-08-18 11:18');
INSERT INTO Unloading (Vehicle_Number, Truck_Type, Cylinder_Type, Capsule1_MT, Capsule2_MT, Capsule3_MT, Gatepass_No) VALUES ('WB68HP9846', 'Bullet', NULL, 6.4, 7.6, 7.75, 1115);
INSERT INTO Filling_Center (Cylinder_Type, Leakage_Test, Cap_Check, Manual_Test, Gatepass_No) VALUES ('14.5kg', 0, 0, 1, 1115);
INSERT INTO Security_In VALUES (1116, '2025-09-15', 'KA75RD4809', 'Hardik Sundaram', '3835994735', 'Bullet', 7284);
INSERT INTO Security_Out VALUES (1116, '2025-09-15', 'KA75RD4809', 'Kade Group', 'Hardik Sundaram', '3835994735', 'Bullet', 7284);
INSERT INTO Weighbridge (Gatepass_No, Truck_Type, Weight_In, Weight_Out, In_Time, Out_Time) VALUES (1116, 'Bullet', 10752, 10303, '2025-08-01 19:04', '2025-08-01 23:04');
INSERT INTO Unloading (Vehicle_Number, Truck_Type, Cylinder_Type, Capsule1_MT, Capsule2_MT, Capsule3_MT, Gatepass_No) VALUES ('KA75RD4809', 'Bullet', NULL, 6.6, 8.72, 9.6, 1116);
INSERT INTO Filling_Center (Cylinder_Type, Leakage_Test, Cap_Check, Manual_Test, Gatepass_No) VALUES ('10kg', 0, 0, 1, 1116);
INSERT INTO Security_In VALUES (1117, '2025-07-29', 'TS82JD7260', 'Damyanti Balakrishnan', '2566865891', 'Pack', 12216);
INSERT INTO Security_Out VALUES (1117, '2025-07-29', 'TS82JD7260', 'Sachar-Gulati', 'Damyanti Balakrishnan', '2566865891', 'Pack', 12216);
INSERT INTO Weighbridge (Gatepass_No, Truck_Type, Weight_In, Weight_Out, In_Time, Out_Time) VALUES (1117, 'Pack', 15222, 14881, '2025-08-14 23:12', '2025-08-15 04:12');
INSERT INTO Loading (Truck_Type, Cylinder_Type, Gatepass_No) VALUES ('Pack', '47kg', 1117);
INSERT INTO Unloading (Vehicle_Number, Truck_Type, Cylinder_Type, Capsule1_MT, Capsule2_MT, Capsule3_MT, Gatepass_No) VALUES ('TS82JD7260', 'Pack', '47kg', NULL, NULL, NULL, 1117);
INSERT INTO Filling_Center (Cylinder_Type, Leakage_Test, Cap_Check, Manual_Test, Gatepass_No) VALUES ('10kg', 1, 0, 1, 1117);
INSERT INTO Security_In VALUES (1118, '2025-07-20', 'OD63ZR2749', 'Hitesh Aggarwal', '6919039086', 'Pack', 2062);
INSERT INTO Security_Out VALUES (1118, '2025-07-20', 'OD63ZR2749', 'Sur Inc', 'Hitesh Aggarwal', '6919039086', 'Pack', 2062);
INSERT INTO Weighbridge (Gatepass_No, Truck_Type, Weight_In, Weight_Out, In_Time, Out_Time) VALUES (1118, 'Pack', 4224, 3797, '2025-09-09 03:52', '2025-09-09 07:52');
INSERT INTO Loading (Truck_Type, Cylinder_Type, Gatepass_No) VALUES ('Pack', '19kg', 1118);
INSERT INTO Unloading (Vehicle_Number, Truck_Type, Cylinder_Type, Capsule1_MT, Capsule2_MT, Capsule3_MT, Gatepass_No) VALUES ('OD63ZR2749', 'Pack', '19kg', NULL, NULL, NULL, 1118);
INSERT INTO Filling_Center (Cylinder_Type, Leakage_Test, Cap_Check, Manual_Test, Gatepass_No) VALUES ('19kg', 1, 0, 0, 1118);
INSERT INTO Security_In VALUES (1119, '2025-08-12', 'JH65XD5845', 'Onveer Sur', '8577883439', 'Pack', 9869);
INSERT INTO Security_Out VALUES (1119, '2025-08-12', 'JH65XD5845', 'Verma-Varghese', 'Onveer Sur', '8577883439', 'Pack', 9869);
INSERT INTO Weighbridge (Gatepass_No, Truck_Type, Weight_In, Weight_Out, In_Time, Out_Time) VALUES (1119, 'Pack', 13233, 13130, '2025-08-14 16:36', '2025-08-14 18:36');
INSERT INTO Loading (Truck_Type, Cylinder_Type, Gatepass_No) VALUES ('Pack', '19kg', 1119);
INSERT INTO Unloading (Vehicle_Number, Truck_Type, Cylinder_Type, Capsule1_MT, Capsule2_MT, Capsule3_MT, Gatepass_No) VALUES ('JH65XD5845', 'Pack', '19kg', NULL, NULL, NULL, 1119);
INSERT INTO Filling_Center (Cylinder_Type, Leakage_Test, Cap_Check, Manual_Test, Gatepass_No) VALUES ('19kg', 1, 0, 0, 1119);
INSERT INTO Security_In VALUES (1120, '2025-08-01', 'MN18WA4415', 'Aarnav Nagar', '0499790837', 'Bullet', 8346);
INSERT INTO Security_Out VALUES (1120, '2025-08-01', 'MN18WA4415', 'Parsa-Ben', 'Aarnav Nagar', '0499790837', 'Bullet', 8346);
INSERT INTO Weighbridge (Gatepass_No, Truck_Type, Weight_In, Weight_Out, In_Time, Out_Time) VALUES (1120, 'Bullet', 11186, 11021, '2025-08-24 04:35', '2025-08-24 08:35');
INSERT INTO Unloading (Vehicle_Number, Truck_Type, Cylinder_Type, Capsule1_MT, Capsule2_MT, Capsule3_MT, Gatepass_No) VALUES ('MN18WA4415', 'Bullet', NULL, 9.24, 7.99, 5.5, 1120);
INSERT INTO Filling_Center (Cylinder_Type, Leakage_Test, Cap_Check, Manual_Test, Gatepass_No) VALUES ('5kg', 1, 1, 1, 1120);
INSERT INTO Security_In VALUES (1121, '2025-07-28', 'MH31XH6672', 'Nachiket Sachdeva', '4649516249', 'Bullet', 6589);
INSERT INTO Security_Out VALUES (1121, '2025-07-28', 'MH31XH6672', 'Pingle LLC', 'Nachiket Sachdeva', '4649516249', 'Bullet', 6589);
INSERT INTO Weighbridge (Gatepass_No, Truck_Type, Weight_In, Weight_Out, In_Time, Out_Time) VALUES (1121, 'Bullet', 7630, 7150, '2025-08-15 09:47', '2025-08-15 14:47');
INSERT INTO Unloading (Vehicle_Number, Truck_Type, Cylinder_Type, Capsule1_MT, Capsule2_MT, Capsule3_MT, Gatepass_No) VALUES ('MH31XH6672', 'Bullet', NULL, 9.43, 7.71, 5.5, 1121);
INSERT INTO Filling_Center (Cylinder_Type, Leakage_Test, Cap_Check, Manual_Test, Gatepass_No) VALUES ('19kg', 0, 1, 1, 1121);
INSERT INTO Security_In VALUES (1122, '2025-08-19', 'AP17PE9845', 'Xiti Kala', '4163928549', 'Pack', 18747);
INSERT INTO Security_Out VALUES (1122, '2025-08-19', 'AP17PE9845', 'Sagar and Sons', 'Xiti Kala', '4163928549', 'Pack', 18747);
INSERT INTO Weighbridge (Gatepass_No, Truck_Type, Weight_In, Weight_Out, In_Time, Out_Time) VALUES (1122, 'Pack', 22743, 22407, '2025-09-14 07:27', '2025-09-14 11:27');
INSERT INTO Loading (Truck_Type, Cylinder_Type, Gatepass_No) VALUES ('Pack', '19kg', 1122);
INSERT INTO Unloading (Vehicle_Number, Truck_Type, Cylinder_Type, Capsule1_MT, Capsule2_MT, Capsule3_MT, Gatepass_No) VALUES ('AP17PE9845', 'Pack', '19kg', NULL, NULL, NULL, 1122);
INSERT INTO Filling_Center (Cylinder_Type, Leakage_Test, Cap_Check, Manual_Test, Gatepass_No) VALUES ('19kg', 1, 1, 1, 1122);
INSERT INTO Security_In VALUES (1123, '2025-08-09', 'BR68JP3189', 'Omkaar Nadig', '8677564315', 'Pack', 12282);
INSERT INTO Security_Out VALUES (1123, '2025-08-09', 'BR68JP3189', 'Varghese PLC', 'Omkaar Nadig', '8677564315', 'Pack', 12282);
INSERT INTO Weighbridge (Gatepass_No, Truck_Type, Weight_In, Weight_Out, In_Time, Out_Time) VALUES (1123, 'Pack', 16925, 16716, '2025-07-18 19:40', '2025-07-18 21:40');
INSERT INTO Loading (Truck_Type, Cylinder_Type, Gatepass_No) VALUES ('Pack', '14kg', 1123);
INSERT INTO Unloading (Vehicle_Number, Truck_Type, Cylinder_Type, Capsule1_MT, Capsule2_MT, Capsule3_MT, Gatepass_No) VALUES ('BR68JP3189', 'Pack', '14kg', NULL, NULL, NULL, 1123);
INSERT INTO Filling_Center (Cylinder_Type, Leakage_Test, Cap_Check, Manual_Test, Gatepass_No) VALUES ('19kg', 1, 0, 0, 1123);
INSERT INTO Security_In VALUES (1124, '2025-08-12', 'UP49UI2949', 'Yatan Walla', '8014112588', 'Bullet', 5094);
INSERT INTO Security_Out VALUES (1124, '2025-08-12', 'UP49UI2949', 'Contractor PLC', 'Yatan Walla', '8014112588', 'Bullet', 5094);
INSERT INTO Weighbridge (Gatepass_No, Truck_Type, Weight_In, Weight_Out, In_Time, Out_Time) VALUES (1124, 'Bullet', 7173, 6925, '2025-08-18 18:29', '2025-08-18 20:29');
INSERT INTO Unloading (Vehicle_Number, Truck_Type, Cylinder_Type, Capsule1_MT, Capsule2_MT, Capsule3_MT, Gatepass_No) VALUES ('UP49UI2949', 'Bullet', NULL, 8.17, 7.0, 9.24, 1124);
INSERT INTO Filling_Center (Cylinder_Type, Leakage_Test, Cap_Check, Manual_Test, Gatepass_No) VALUES ('19kg', 0, 1, 1, 1124);
INSERT INTO Security_In VALUES (1125, '2025-07-23', 'GA91PZ7403', 'Kiaan Basu', '6147406120', 'Pack', 3962);
INSERT INTO Security_Out VALUES (1125, '2025-07-23', 'GA91PZ7403', 'Chhabra-Rajan', 'Kiaan Basu', '6147406120', 'Pack', 3962);
INSERT INTO Weighbridge (Gatepass_No, Truck_Type, Weight_In, Weight_Out, In_Time, Out_Time) VALUES (1125, 'Pack', 6272, 5891, '2025-07-20 02:55', '2025-07-20 05:55');
INSERT INTO Loading (Truck_Type, Cylinder_Type, Gatepass_No) VALUES ('Pack', '47kg', 1125);
INSERT INTO Unloading (Vehicle_Number, Truck_Type, Cylinder_Type, Capsule1_MT, Capsule2_MT, Capsule3_MT, Gatepass_No) VALUES ('GA91PZ7403', 'Pack', '47kg', NULL, NULL, NULL, 1125);
INSERT INTO Filling_Center (Cylinder_Type, Leakage_Test, Cap_Check, Manual_Test, Gatepass_No) VALUES ('10kg', 1, 0, 1, 1125);
INSERT INTO Security_In VALUES (1126, '2025-08-05', 'CG92II8768', 'Chatura Lad', '3895080289', 'Bullet', 7828);
INSERT INTO Security_Out VALUES (1126, '2025-08-05', 'CG92II8768', 'Puri and Sons', 'Chatura Lad', '3895080289', 'Bullet', 7828);
INSERT INTO Weighbridge (Gatepass_No, Truck_Type, Weight_In, Weight_Out, In_Time, Out_Time) VALUES (1126, 'Bullet', 8917, 8779, '2025-08-22 16:45', '2025-08-22 21:45');
INSERT INTO Unloading (Vehicle_Number, Truck_Type, Cylinder_Type, Capsule1_MT, Capsule2_MT, Capsule3_MT, Gatepass_No) VALUES ('CG92II8768', 'Bullet', NULL, 6.14, 8.09, 6.92, 1126);
INSERT INTO Filling_Center (Cylinder_Type, Leakage_Test, Cap_Check, Manual_Test, Gatepass_No) VALUES ('10kg', 0, 0, 1, 1126);
INSERT INTO Security_In VALUES (1127, '2025-08-13', 'UP70GN3357', 'Ishani Choudhury', '5400296558', 'Bullet', 10947);
INSERT INTO Security_Out VALUES (1127, '2025-08-13', 'UP70GN3357', 'Patla-More', 'Ishani Choudhury', '5400296558', 'Bullet', 10947);
INSERT INTO Weighbridge (Gatepass_No, Truck_Type, Weight_In, Weight_Out, In_Time, Out_Time) VALUES (1127, 'Bullet', 12820, 12425, '2025-09-05 22:16', '2025-09-06 03:16');
INSERT INTO Unloading (Vehicle_Number, Truck_Type, Cylinder_Type, Capsule1_MT, Capsule2_MT, Capsule3_MT, Gatepass_No) VALUES ('UP70GN3357', 'Bullet', NULL, 9.24, 7.19, 8.31, 1127);
INSERT INTO Filling_Center (Cylinder_Type, Leakage_Test, Cap_Check, Manual_Test, Gatepass_No) VALUES ('47kg', 1, 1, 1, 1127);
INSERT INTO Security_In VALUES (1128, '2025-07-28', 'KA59CR3518', 'Gayathri Hora', '4612780802', 'Bullet', 15442);
INSERT INTO Security_Out VALUES (1128, '2025-07-28', 'KA59CR3518', 'Suresh, Aggarwal and Ranganathan', 'Gayathri Hora', '4612780802', 'Bullet', 15442);
INSERT INTO Weighbridge (Gatepass_No, Truck_Type, Weight_In, Weight_Out, In_Time, Out_Time) VALUES (1128, 'Bullet', 18708, 18215, '2025-08-04 19:47', '2025-08-04 21:47');
INSERT INTO Unloading (Vehicle_Number, Truck_Type, Cylinder_Type, Capsule1_MT, Capsule2_MT, Capsule3_MT, Gatepass_No) VALUES ('KA59CR3518', 'Bullet', NULL, 5.74, 5.39, 5.81, 1128);
INSERT INTO Filling_Center (Cylinder_Type, Leakage_Test, Cap_Check, Manual_Test, Gatepass_No) VALUES ('14.5kg', 0, 0, 0, 1128);
INSERT INTO Security_In VALUES (1129, '2025-09-10', 'MH66QQ4804', 'Yauvani Kakar', '0449526798', 'Bullet', 10964);
INSERT INTO Security_Out VALUES (1129, '2025-09-10', 'MH66QQ4804', 'Kanda, Prasad and More', 'Yauvani Kakar', '0449526798', 'Bullet', 10964);
INSERT INTO Weighbridge (Gatepass_No, Truck_Type, Weight_In, Weight_Out, In_Time, Out_Time) VALUES (1129, 'Bullet', 13270, 12830, '2025-08-29 02:29', '2025-08-29 07:29');
INSERT INTO Unloading (Vehicle_Number, Truck_Type, Cylinder_Type, Capsule1_MT, Capsule2_MT, Capsule3_MT, Gatepass_No) VALUES ('MH66QQ4804', 'Bullet', NULL, 7.45, 9.54, 8.05, 1129);
INSERT INTO Filling_Center (Cylinder_Type, Leakage_Test, Cap_Check, Manual_Test, Gatepass_No) VALUES ('47kg', 0, 0, 0, 1129);
INSERT INTO Security_In VALUES (1130, '2025-07-20', 'NL10YI2356', 'Anjali Tandon', '7819138625', 'Pack', 10039);
INSERT INTO Security_Out VALUES (1130, '2025-07-20', 'NL10YI2356', 'Rege-Khare', 'Anjali Tandon', '7819138625', 'Pack', 10039);
INSERT INTO Weighbridge (Gatepass_No, Truck_Type, Weight_In, Weight_Out, In_Time, Out_Time) VALUES (1130, 'Pack', 13383, 13124, '2025-08-28 11:53', '2025-08-28 13:53');
INSERT INTO Loading (Truck_Type, Cylinder_Type, Gatepass_No) VALUES ('Pack', '14kg', 1130);
INSERT INTO Unloading (Vehicle_Number, Truck_Type, Cylinder_Type, Capsule1_MT, Capsule2_MT, Capsule3_MT, Gatepass_No) VALUES ('NL10YI2356', 'Pack', '14kg', NULL, NULL, NULL, 1130);
INSERT INTO Filling_Center (Cylinder_Type, Leakage_Test, Cap_Check, Manual_Test, Gatepass_No) VALUES ('10kg', 1, 1, 0, 1130);
INSERT INTO Security_In VALUES (1131, '2025-08-22', 'KA79UF5514', 'Lakshmi Sangha', '4750281813', 'Bullet', 3032);
INSERT INTO Security_Out VALUES (1131, '2025-08-22', 'KA79UF5514', 'Char Ltd', 'Lakshmi Sangha', '4750281813', 'Bullet', 3032);
INSERT INTO Weighbridge (Gatepass_No, Truck_Type, Weight_In, Weight_Out, In_Time, Out_Time) VALUES (1131, 'Bullet', 6010, 5542, '2025-08-30 20:24', '2025-08-30 21:24');
INSERT INTO Unloading (Vehicle_Number, Truck_Type, Cylinder_Type, Capsule1_MT, Capsule2_MT, Capsule3_MT, Gatepass_No) VALUES ('KA79UF5514', 'Bullet', NULL, 7.44, 7.26, 6.33, 1131);
INSERT INTO Filling_Center (Cylinder_Type, Leakage_Test, Cap_Check, Manual_Test, Gatepass_No) VALUES ('5kg', 0, 1, 0, 1131);
INSERT INTO Security_In VALUES (1132, '2025-08-07', 'UP35CK3985', 'Gaurav Memon', '4295452946', 'Bullet', 4041);
INSERT INTO Security_Out VALUES (1132, '2025-08-07', 'UP35CK3985', 'Bhardwaj, Sagar and Dhar', 'Gaurav Memon', '4295452946', 'Bullet', 4041);
INSERT INTO Weighbridge (Gatepass_No, Truck_Type, Weight_In, Weight_Out, In_Time, Out_Time) VALUES (1132, 'Bullet', 6800, 6629, '2025-08-12 14:43', '2025-08-12 16:43');
INSERT INTO Unloading (Vehicle_Number, Truck_Type, Cylinder_Type, Capsule1_MT, Capsule2_MT, Capsule3_MT, Gatepass_No) VALUES ('UP35CK3985', 'Bullet', NULL, 9.2, 7.74, 7.2, 1132);
INSERT INTO Filling_Center (Cylinder_Type, Leakage_Test, Cap_Check, Manual_Test, Gatepass_No) VALUES ('47kg', 0, 0, 1, 1132);
INSERT INTO Security_In VALUES (1133, '2025-08-13', 'TN92XF9402', 'Baljiwan Kata', '7113014673', 'Bullet', 8906);
INSERT INTO Security_Out VALUES (1133, '2025-08-13', 'TN92XF9402', 'Dora, Garg and Joshi', 'Baljiwan Kata', '7113014673', 'Bullet', 8906);
INSERT INTO Weighbridge (Gatepass_No, Truck_Type, Weight_In, Weight_Out, In_Time, Out_Time) VALUES (1133, 'Bullet', 12635, 12300, '2025-09-06 13:12', '2025-09-06 17:12');
INSERT INTO Unloading (Vehicle_Number, Truck_Type, Cylinder_Type, Capsule1_MT, Capsule2_MT, Capsule3_MT, Gatepass_No) VALUES ('TN92XF9402', 'Bullet', NULL, 7.25, 8.52, 9.75, 1133);
INSERT INTO Filling_Center (Cylinder_Type, Leakage_Test, Cap_Check, Manual_Test, Gatepass_No) VALUES ('19kg', 0, 1, 0, 1133);
INSERT INTO Security_In VALUES (1134, '2025-08-21', 'AP96OZ4064', 'Jagat Sen', '0809891726', 'Bullet', 11043);
INSERT INTO Security_Out VALUES (1134, '2025-08-21', 'AP96OZ4064', 'Bhavsar, Kaur and Halder', 'Jagat Sen', '0809891726', 'Bullet', 11043);
INSERT INTO Weighbridge (Gatepass_No, Truck_Type, Weight_In, Weight_Out, In_Time, Out_Time) VALUES (1134, 'Bullet', 15997, 15824, '2025-07-31 06:05', '2025-07-31 07:05');
INSERT INTO Unloading (Vehicle_Number, Truck_Type, Cylinder_Type, Capsule1_MT, Capsule2_MT, Capsule3_MT, Gatepass_No) VALUES ('AP96OZ4064', 'Bullet', NULL, 6.7, 8.54, 8.82, 1134);
INSERT INTO Filling_Center (Cylinder_Type, Leakage_Test, Cap_Check, Manual_Test, Gatepass_No) VALUES ('5kg', 1, 0, 0, 1134);
INSERT INTO Security_In VALUES (1135, '2025-08-19', 'MP27JW9221', 'Nitara Malhotra', '1142183391', 'Pack', 17034);
INSERT INTO Security_Out VALUES (1135, '2025-08-19', 'MP27JW9221', 'Iyer-Suri', 'Nitara Malhotra', '1142183391', 'Pack', 17034);
INSERT INTO Weighbridge (Gatepass_No, Truck_Type, Weight_In, Weight_Out, In_Time, Out_Time) VALUES (1135, 'Pack', 21458, 21254, '2025-08-13 16:57', '2025-08-13 21:57');
INSERT INTO Loading (Truck_Type, Cylinder_Type, Gatepass_No) VALUES ('Pack', '14kg', 1135);
INSERT INTO Unloading (Vehicle_Number, Truck_Type, Cylinder_Type, Capsule1_MT, Capsule2_MT, Capsule3_MT, Gatepass_No) VALUES ('MP27JW9221', 'Pack', '14kg', NULL, NULL, NULL, 1135);
INSERT INTO Filling_Center (Cylinder_Type, Leakage_Test, Cap_Check, Manual_Test, Gatepass_No) VALUES ('14.5kg', 1, 1, 1, 1135);
INSERT INTO Security_In VALUES (1136, '2025-07-29', 'TR23GH3645', 'Anusha Saran', '1107318414', 'Bullet', 6686);
INSERT INTO Security_Out VALUES (1136, '2025-07-29', 'TR23GH3645', 'Desai, Shan and Parikh', 'Anusha Saran', '1107318414', 'Bullet', 6686);
INSERT INTO Weighbridge (Gatepass_No, Truck_Type, Weight_In, Weight_Out, In_Time, Out_Time) VALUES (1136, 'Bullet', 9884, 9577, '2025-07-29 13:10', '2025-07-29 18:10');
INSERT INTO Unloading (Vehicle_Number, Truck_Type, Cylinder_Type, Capsule1_MT, Capsule2_MT, Capsule3_MT, Gatepass_No) VALUES ('TR23GH3645', 'Bullet', NULL, 6.85, 9.71, 5.63, 1136);
INSERT INTO Filling_Center (Cylinder_Type, Leakage_Test, Cap_Check, Manual_Test, Gatepass_No) VALUES ('10kg', 1, 0, 1, 1136);
INSERT INTO Security_In VALUES (1137, '2025-07-19', 'AP76VA7739', 'Waida Dara', '9137735734', 'Bullet', 19909);
INSERT INTO Security_Out VALUES (1137, '2025-07-19', 'AP76VA7739', 'Narayan Ltd', 'Waida Dara', '9137735734', 'Bullet', 19909);
INSERT INTO Weighbridge (Gatepass_No, Truck_Type, Weight_In, Weight_Out, In_Time, Out_Time) VALUES (1137, 'Bullet', 23564, 23456, '2025-07-29 11:35', '2025-07-29 16:35');
INSERT INTO Unloading (Vehicle_Number, Truck_Type, Cylinder_Type, Capsule1_MT, Capsule2_MT, Capsule3_MT, Gatepass_No) VALUES ('AP76VA7739', 'Bullet', NULL, 8.24, 7.06, 8.59, 1137);
INSERT INTO Filling_Center (Cylinder_Type, Leakage_Test, Cap_Check, Manual_Test, Gatepass_No) VALUES ('10kg', 0, 0, 1, 1137);
INSERT INTO Security_In VALUES (1138, '2025-09-04', 'CG65LO9888', 'Faqid Dixit', '9619060633', 'Pack', 1056);
INSERT INTO Security_Out VALUES (1138, '2025-09-04', 'CG65LO9888', 'Sharaf-Korpal', 'Faqid Dixit', '9619060633', 'Pack', 1056);
INSERT INTO Weighbridge (Gatepass_No, Truck_Type, Weight_In, Weight_Out, In_Time, Out_Time) VALUES (1138, 'Pack', 2382, 2280, '2025-07-29 21:45', '2025-07-30 01:45');
INSERT INTO Loading (Truck_Type, Cylinder_Type, Gatepass_No) VALUES ('Pack', '47kg', 1138);
INSERT INTO Unloading (Vehicle_Number, Truck_Type, Cylinder_Type, Capsule1_MT, Capsule2_MT, Capsule3_MT, Gatepass_No) VALUES ('CG65LO9888', 'Pack', '47kg', NULL, NULL, NULL, 1138);
INSERT INTO Filling_Center (Cylinder_Type, Leakage_Test, Cap_Check, Manual_Test, Gatepass_No) VALUES ('14.5kg', 0, 0, 1, 1138);
INSERT INTO Security_In VALUES (1139, '2025-08-27', 'MN56WF3129', 'Kevin Kade', '6004997649', 'Pack', 5120);
INSERT INTO Security_Out VALUES (1139, '2025-08-27', 'MN56WF3129', 'Kara, Chakrabarti and Narula', 'Kevin Kade', '6004997649', 'Pack', 5120);
INSERT INTO Weighbridge (Gatepass_No, Truck_Type, Weight_In, Weight_Out, In_Time, Out_Time) VALUES (1139, 'Pack', 7707, 7307, '2025-09-05 18:59', '2025-09-05 23:59');
INSERT INTO Loading (Truck_Type, Cylinder_Type, Gatepass_No) VALUES ('Pack', '47kg', 1139);
INSERT INTO Unloading (Vehicle_Number, Truck_Type, Cylinder_Type, Capsule1_MT, Capsule2_MT, Capsule3_MT, Gatepass_No) VALUES ('MN56WF3129', 'Pack', '47kg', NULL, NULL, NULL, 1139);
INSERT INTO Filling_Center (Cylinder_Type, Leakage_Test, Cap_Check, Manual_Test, Gatepass_No) VALUES ('5kg', 1, 1, 1, 1139);
INSERT INTO Security_In VALUES (1140, '2025-08-07', 'ML58PD8473', 'Mahika Biswas', '2080955904', 'Pack', 18661);
INSERT INTO Security_Out VALUES (1140, '2025-08-07', 'ML58PD8473', 'Vala, Bhardwaj and Oza', 'Mahika Biswas', '2080955904', 'Pack', 18661);
INSERT INTO Weighbridge (Gatepass_No, Truck_Type, Weight_In, Weight_Out, In_Time, Out_Time) VALUES (1140, 'Pack', 21028, 20770, '2025-08-23 06:21', '2025-08-23 09:21');
INSERT INTO Loading (Truck_Type, Cylinder_Type, Gatepass_No) VALUES ('Pack', '14kg', 1140);
INSERT INTO Unloading (Vehicle_Number, Truck_Type, Cylinder_Type, Capsule1_MT, Capsule2_MT, Capsule3_MT, Gatepass_No) VALUES ('ML58PD8473', 'Pack', '14kg', NULL, NULL, NULL, 1140);
INSERT INTO Filling_Center (Cylinder_Type, Leakage_Test, Cap_Check, Manual_Test, Gatepass_No) VALUES ('10kg', 0, 1, 0, 1140);
INSERT INTO Security_In VALUES (1141, '2025-07-27', 'TR15AL2988', 'Jalsa Pal', '1646461287', 'Pack', 6484);
INSERT INTO Security_Out VALUES (1141, '2025-07-27', 'TR15AL2988', 'Rastogi, Lalla and Nair', 'Jalsa Pal', '1646461287', 'Pack', 6484);
INSERT INTO Weighbridge (Gatepass_No, Truck_Type, Weight_In, Weight_Out, In_Time, Out_Time) VALUES (1141, 'Pack', 9225, 9044, '2025-08-04 08:14', '2025-08-04 12:14');
INSERT INTO Loading (Truck_Type, Cylinder_Type, Gatepass_No) VALUES ('Pack', '47kg', 1141);
INSERT INTO Unloading (Vehicle_Number, Truck_Type, Cylinder_Type, Capsule1_MT, Capsule2_MT, Capsule3_MT, Gatepass_No) VALUES ('TR15AL2988', 'Pack', '47kg', NULL, NULL, NULL, 1141);
INSERT INTO Filling_Center (Cylinder_Type, Leakage_Test, Cap_Check, Manual_Test, Gatepass_No) VALUES ('10kg', 0, 1, 0, 1141);
INSERT INTO Security_In VALUES (1142, '2025-09-06', 'RJ66EK8482', 'Faris Din', '1552126431', 'Pack', 17826);
INSERT INTO Security_Out VALUES (1142, '2025-09-06', 'RJ66EK8482', 'Vyas, Dixit and Ganesh', 'Faris Din', '1552126431', 'Pack', 17826);
INSERT INTO Weighbridge (Gatepass_No, Truck_Type, Weight_In, Weight_Out, In_Time, Out_Time) VALUES (1142, 'Pack', 22755, 22336, '2025-07-19 10:13', '2025-07-19 14:13');
INSERT INTO Loading (Truck_Type, Cylinder_Type, Gatepass_No) VALUES ('Pack', '19kg', 1142);
INSERT INTO Unloading (Vehicle_Number, Truck_Type, Cylinder_Type, Capsule1_MT, Capsule2_MT, Capsule3_MT, Gatepass_No) VALUES ('RJ66EK8482', 'Pack', '19kg', NULL, NULL, NULL, 1142);
INSERT INTO Filling_Center (Cylinder_Type, Leakage_Test, Cap_Check, Manual_Test, Gatepass_No) VALUES ('5kg', 1, 1, 0, 1142);
INSERT INTO Security_In VALUES (1143, '2025-08-10', 'MZ67JW8115', 'Wahab De', '3437319286', 'Bullet', 7312);
INSERT INTO Security_Out VALUES (1143, '2025-08-10', 'MZ67JW8115', 'Doshi PLC', 'Wahab De', '3437319286', 'Bullet', 7312);
INSERT INTO Weighbridge (Gatepass_No, Truck_Type, Weight_In, Weight_Out, In_Time, Out_Time) VALUES (1143, 'Bullet', 11503, 11260, '2025-08-27 21:13', '2025-08-27 23:13');
INSERT INTO Unloading (Vehicle_Number, Truck_Type, Cylinder_Type, Capsule1_MT, Capsule2_MT, Capsule3_MT, Gatepass_No) VALUES ('MZ67JW8115', 'Bullet', NULL, 9.32, 7.96, 8.16, 1143);
INSERT INTO Filling_Center (Cylinder_Type, Leakage_Test, Cap_Check, Manual_Test, Gatepass_No) VALUES ('5kg', 1, 0, 0, 1143);
INSERT INTO Security_In VALUES (1144, '2025-08-27', 'NL16YF5741', 'Lohit Nigam', '0993435808', 'Bullet', 17737);
INSERT INTO Security_Out VALUES (1144, '2025-08-27', 'NL16YF5741', 'Dhawan LLC', 'Lohit Nigam', '0993435808', 'Bullet', 17737);
INSERT INTO Weighbridge (Gatepass_No, Truck_Type, Weight_In, Weight_Out, In_Time, Out_Time) VALUES (1144, 'Bullet', 20432, 20047, '2025-09-06 02:12', '2025-09-06 05:12');
INSERT INTO Unloading (Vehicle_Number, Truck_Type, Cylinder_Type, Capsule1_MT, Capsule2_MT, Capsule3_MT, Gatepass_No) VALUES ('NL16YF5741', 'Bullet', NULL, 6.36, 6.39, 6.0, 1144);
INSERT INTO Filling_Center (Cylinder_Type, Leakage_Test, Cap_Check, Manual_Test, Gatepass_No) VALUES ('14.5kg', 1, 0, 1, 1144);
INSERT INTO Security_In VALUES (1145, '2025-08-19', 'GA54NG3072', 'Ladli Roy', '6040288794', 'Bullet', 5382);
INSERT INTO Security_Out VALUES (1145, '2025-08-19', 'GA54NG3072', 'Ram, Iyengar and Sunder', 'Ladli Roy', '6040288794', 'Bullet', 5382);
INSERT INTO Weighbridge (Gatepass_No, Truck_Type, Weight_In, Weight_Out, In_Time, Out_Time) VALUES (1145, 'Bullet', 7654, 7539, '2025-09-10 07:23', '2025-09-10 10:23');
INSERT INTO Unloading (Vehicle_Number, Truck_Type, Cylinder_Type, Capsule1_MT, Capsule2_MT, Capsule3_MT, Gatepass_No) VALUES ('GA54NG3072', 'Bullet', NULL, 8.36, 7.51, 6.65, 1145);
INSERT INTO Filling_Center (Cylinder_Type, Leakage_Test, Cap_Check, Manual_Test, Gatepass_No) VALUES ('10kg', 0, 0, 0, 1145);
INSERT INTO Security_In VALUES (1146, '2025-08-31', 'TN10WP1967', 'Irya Wable', '1150693197', 'Pack', 9025);
INSERT INTO Security_Out VALUES (1146, '2025-08-31', 'TN10WP1967', 'Karan and Sons', 'Irya Wable', '1150693197', 'Pack', 9025);
INSERT INTO Weighbridge (Gatepass_No, Truck_Type, Weight_In, Weight_Out, In_Time, Out_Time) VALUES (1146, 'Pack', 12739, 12436, '2025-07-21 12:05', '2025-07-21 17:05');
INSERT INTO Loading (Truck_Type, Cylinder_Type, Gatepass_No) VALUES ('Pack', '19kg', 1146);
INSERT INTO Unloading (Vehicle_Number, Truck_Type, Cylinder_Type, Capsule1_MT, Capsule2_MT, Capsule3_MT, Gatepass_No) VALUES ('TN10WP1967', 'Pack', '19kg', NULL, NULL, NULL, 1146);
INSERT INTO Filling_Center (Cylinder_Type, Leakage_Test, Cap_Check, Manual_Test, Gatepass_No) VALUES ('10kg', 1, 0, 1, 1146);
INSERT INTO Security_In VALUES (1147, '2025-08-09', 'KA52LC4134', 'Rishi Batta', '6982313558', 'Pack', 8011);
INSERT INTO Security_Out VALUES (1147, '2025-08-09', 'KA52LC4134', 'Sengupta-Varty', 'Rishi Batta', '6982313558', 'Pack', 8011);
INSERT INTO Weighbridge (Gatepass_No, Truck_Type, Weight_In, Weight_Out, In_Time, Out_Time) VALUES (1147, 'Pack', 10670, 10443, '2025-08-01 18:06', '2025-08-01 23:06');
INSERT INTO Loading (Truck_Type, Cylinder_Type, Gatepass_No) VALUES ('Pack', '47kg', 1147);
INSERT INTO Unloading (Vehicle_Number, Truck_Type, Cylinder_Type, Capsule1_MT, Capsule2_MT, Capsule3_MT, Gatepass_No) VALUES ('KA52LC4134', 'Pack', '47kg', NULL, NULL, NULL, 1147);
INSERT INTO Filling_Center (Cylinder_Type, Leakage_Test, Cap_Check, Manual_Test, Gatepass_No) VALUES ('10kg', 1, 1, 0, 1147);
INSERT INTO Security_In VALUES (1148, '2025-08-26', 'OD47OD3443', 'Sai Raja', '5209678986', 'Bullet', 4767);
INSERT INTO Security_Out VALUES (1148, '2025-08-26', 'OD47OD3443', 'Vyas, Om and Nigam', 'Sai Raja', '5209678986', 'Bullet', 4767);
INSERT INTO Weighbridge (Gatepass_No, Truck_Type, Weight_In, Weight_Out, In_Time, Out_Time) VALUES (1148, 'Bullet', 8681, 8486, '2025-08-26 17:47', '2025-08-26 18:47');
INSERT INTO Unloading (Vehicle_Number, Truck_Type, Cylinder_Type, Capsule1_MT, Capsule2_MT, Capsule3_MT, Gatepass_No) VALUES ('OD47OD3443', 'Bullet', NULL, 9.84, 9.89, 9.88, 1148);
INSERT INTO Filling_Center (Cylinder_Type, Leakage_Test, Cap_Check, Manual_Test, Gatepass_No) VALUES ('5kg', 1, 1, 0, 1148);
INSERT INTO Security_In VALUES (1149, '2025-08-10', 'KA32TL1850', 'Krishna Sachdev', '6228147431', 'Bullet', 13953);
INSERT INTO Security_Out VALUES (1149, '2025-08-10', 'KA32TL1850', 'Tiwari, Hegde and Halder', 'Krishna Sachdev', '6228147431', 'Bullet', 13953);
INSERT INTO Weighbridge (Gatepass_No, Truck_Type, Weight_In, Weight_Out, In_Time, Out_Time) VALUES (1149, 'Bullet', 18428, 17936, '2025-07-24 14:50', '2025-07-24 19:50');
INSERT INTO Unloading (Vehicle_Number, Truck_Type, Cylinder_Type, Capsule1_MT, Capsule2_MT, Capsule3_MT, Gatepass_No) VALUES ('KA32TL1850', 'Bullet', NULL, 9.19, 8.98, 8.67, 1149);
INSERT INTO Filling_Center (Cylinder_Type, Leakage_Test, Cap_Check, Manual_Test, Gatepass_No) VALUES ('10kg', 0, 1, 0, 1149);
INSERT INTO Security_In VALUES (1150, '2025-09-07', 'AP24GZ7226', 'Megha Salvi', '6125837536', 'Bullet', 19190);
INSERT INTO Security_Out VALUES (1150, '2025-09-07', 'AP24GZ7226', 'Ramanathan, Sawhney and Patel', 'Megha Salvi', '6125837536', 'Bullet', 19190);
INSERT INTO Weighbridge (Gatepass_No, Truck_Type, Weight_In, Weight_Out, In_Time, Out_Time) VALUES (1150, 'Bullet', 22321, 21888, '2025-08-21 12:28', '2025-08-21 16:28');
INSERT INTO Unloading (Vehicle_Number, Truck_Type, Cylinder_Type, Capsule1_MT, Capsule2_MT, Capsule3_MT, Gatepass_No) VALUES ('AP24GZ7226', 'Bullet', NULL, 7.84, 5.27, 6.84, 1150);
INSERT INTO Filling_Center (Cylinder_Type, Leakage_Test, Cap_Check, Manual_Test, Gatepass_No) VALUES ('10kg', 0, 0, 0, 1150);
INSERT INTO Security_In VALUES (1151, '2025-09-14', 'TR53DK1992', 'Megha Yohannan', '5961326451', 'Pack', 19654);
INSERT INTO Security_Out VALUES (1151, '2025-09-14', 'TR53DK1992', 'Natt, Modi and Garg', 'Megha Yohannan', '5961326451', 'Pack', 19654);
INSERT INTO Weighbridge (Gatepass_No, Truck_Type, Weight_In, Weight_Out, In_Time, Out_Time) VALUES (1151, 'Pack', 22251, 22072, '2025-07-20 16:16', '2025-07-20 20:16');
INSERT INTO Loading (Truck_Type, Cylinder_Type, Gatepass_No) VALUES ('Pack', '47kg', 1151);
INSERT INTO Unloading (Vehicle_Number, Truck_Type, Cylinder_Type, Capsule1_MT, Capsule2_MT, Capsule3_MT, Gatepass_No) VALUES ('TR53DK1992', 'Pack', '47kg', NULL, NULL, NULL, 1151);
INSERT INTO Filling_Center (Cylinder_Type, Leakage_Test, Cap_Check, Manual_Test, Gatepass_No) VALUES ('5kg', 1, 0, 1, 1151);
INSERT INTO Security_In VALUES (1152, '2025-08-14', 'PB83NW2254', 'Raagini Prabhakar', '9707945827', 'Pack', 11189);
INSERT INTO Security_Out VALUES (1152, '2025-08-14', 'PB83NW2254', 'Suri and Sons', 'Raagini Prabhakar', '9707945827', 'Pack', 11189);
INSERT INTO Weighbridge (Gatepass_No, Truck_Type, Weight_In, Weight_Out, In_Time, Out_Time) VALUES (1152, 'Pack', 14259, 13953, '2025-07-29 17:25', '2025-07-29 21:25');
INSERT INTO Loading (Truck_Type, Cylinder_Type, Gatepass_No) VALUES ('Pack', '14kg', 1152);
INSERT INTO Unloading (Vehicle_Number, Truck_Type, Cylinder_Type, Capsule1_MT, Capsule2_MT, Capsule3_MT, Gatepass_No) VALUES ('PB83NW2254', 'Pack', '14kg', NULL, NULL, NULL, 1152);
INSERT INTO Filling_Center (Cylinder_Type, Leakage_Test, Cap_Check, Manual_Test, Gatepass_No) VALUES ('14.5kg', 0, 0, 0, 1152);
INSERT INTO Security_In VALUES (1153, '2025-08-19', 'OD33TV5366', 'Udyati Ahuja', '5951575676', 'Pack', 13672);
INSERT INTO Security_Out VALUES (1153, '2025-08-19', 'OD33TV5366', 'Ravel PLC', 'Udyati Ahuja', '5951575676', 'Pack', 13672);
INSERT INTO Weighbridge (Gatepass_No, Truck_Type, Weight_In, Weight_Out, In_Time, Out_Time) VALUES (1153, 'Pack', 16255, 16105, '2025-09-06 20:00', '2025-09-07 00:00');
INSERT INTO Loading (Truck_Type, Cylinder_Type, Gatepass_No) VALUES ('Pack', '47kg', 1153);
INSERT INTO Unloading (Vehicle_Number, Truck_Type, Cylinder_Type, Capsule1_MT, Capsule2_MT, Capsule3_MT, Gatepass_No) VALUES ('OD33TV5366', 'Pack', '47kg', NULL, NULL, NULL, 1153);
INSERT INTO Filling_Center (Cylinder_Type, Leakage_Test, Cap_Check, Manual_Test, Gatepass_No) VALUES ('47kg', 1, 1, 0, 1153);
INSERT INTO Security_In VALUES (1154, '2025-07-18', 'CG59AH5712', 'Krish Deo', '8274096083', 'Pack', 4273);
INSERT INTO Security_Out VALUES (1154, '2025-07-18', 'CG59AH5712', 'Sampath, Mane and Choudhry', 'Krish Deo', '8274096083', 'Pack', 4273);
INSERT INTO Weighbridge (Gatepass_No, Truck_Type, Weight_In, Weight_Out, In_Time, Out_Time) VALUES (1154, 'Pack', 6979, 6833, '2025-09-03 12:21', '2025-09-03 17:21');
INSERT INTO Loading (Truck_Type, Cylinder_Type, Gatepass_No) VALUES ('Pack', '14kg', 1154);
INSERT INTO Unloading (Vehicle_Number, Truck_Type, Cylinder_Type, Capsule1_MT, Capsule2_MT, Capsule3_MT, Gatepass_No) VALUES ('CG59AH5712', 'Pack', '14kg', NULL, NULL, NULL, 1154);
INSERT INTO Filling_Center (Cylinder_Type, Leakage_Test, Cap_Check, Manual_Test, Gatepass_No) VALUES ('14.5kg', 1, 0, 1, 1154);
INSERT INTO Security_In VALUES (1155, '2025-09-15', 'AR33LK4877', 'Unni Chada', '1353559779', 'Pack', 11452);
INSERT INTO Security_Out VALUES (1155, '2025-09-15', 'AR33LK4877', 'Chakraborty-Raman', 'Unni Chada', '1353559779', 'Pack', 11452);
INSERT INTO Weighbridge (Gatepass_No, Truck_Type, Weight_In, Weight_Out, In_Time, Out_Time) VALUES (1155, 'Pack', 14175, 13955, '2025-08-21 18:51', '2025-08-21 22:51');
INSERT INTO Loading (Truck_Type, Cylinder_Type, Gatepass_No) VALUES ('Pack', '19kg', 1155);
INSERT INTO Unloading (Vehicle_Number, Truck_Type, Cylinder_Type, Capsule1_MT, Capsule2_MT, Capsule3_MT, Gatepass_No) VALUES ('AR33LK4877', 'Pack', '19kg', NULL, NULL, NULL, 1155);
INSERT INTO Filling_Center (Cylinder_Type, Leakage_Test, Cap_Check, Manual_Test, Gatepass_No) VALUES ('10kg', 0, 0, 1, 1155);
INSERT INTO Security_In VALUES (1156, '2025-07-21', 'RJ14HP1831', 'Hiral Parsa', '2092191179', 'Pack', 7970);
INSERT INTO Security_Out VALUES (1156, '2025-07-21', 'RJ14HP1831', 'Sangha and Sons', 'Hiral Parsa', '2092191179', 'Pack', 7970);
INSERT INTO Weighbridge (Gatepass_No, Truck_Type, Weight_In, Weight_Out, In_Time, Out_Time) VALUES (1156, 'Pack', 10107, 9756, '2025-07-27 08:08', '2025-07-27 13:08');
INSERT INTO Loading (Truck_Type, Cylinder_Type, Gatepass_No) VALUES ('Pack', '14kg', 1156);
INSERT INTO Unloading (Vehicle_Number, Truck_Type, Cylinder_Type, Capsule1_MT, Capsule2_MT, Capsule3_MT, Gatepass_No) VALUES ('RJ14HP1831', 'Pack', '14kg', NULL, NULL, NULL, 1156);
INSERT INTO Filling_Center (Cylinder_Type, Leakage_Test, Cap_Check, Manual_Test, Gatepass_No) VALUES ('47kg', 0, 0, 1, 1156);
INSERT INTO Security_In VALUES (1157, '2025-08-04', 'KL36BZ6751', 'Ishaan Keer', '7913670122', 'Bullet', 2903);
INSERT INTO Security_Out VALUES (1157, '2025-08-04', 'KL36BZ6751', 'Arya and Sons', 'Ishaan Keer', '7913670122', 'Bullet', 2903);
INSERT INTO Weighbridge (Gatepass_No, Truck_Type, Weight_In, Weight_Out, In_Time, Out_Time) VALUES (1157, 'Bullet', 5114, 4972, '2025-08-14 12:13', '2025-08-14 17:13');
INSERT INTO Unloading (Vehicle_Number, Truck_Type, Cylinder_Type, Capsule1_MT, Capsule2_MT, Capsule3_MT, Gatepass_No) VALUES ('KL36BZ6751', 'Bullet', NULL, 5.62, 6.05, 6.88, 1157);
INSERT INTO Filling_Center (Cylinder_Type, Leakage_Test, Cap_Check, Manual_Test, Gatepass_No) VALUES ('47kg', 1, 0, 1, 1157);
INSERT INTO Security_In VALUES (1158, '2025-08-04', 'MH81DS6699', 'Bina Edwin', '1533614158', 'Pack', 17365);
INSERT INTO Security_Out VALUES (1158, '2025-08-04', 'MH81DS6699', 'Sundaram, Patla and Shukla', 'Bina Edwin', '1533614158', 'Pack', 17365);
INSERT INTO Weighbridge (Gatepass_No, Truck_Type, Weight_In, Weight_Out, In_Time, Out_Time) VALUES (1158, 'Pack', 20651, 20428, '2025-07-23 16:21', '2025-07-23 19:21');
INSERT INTO Loading (Truck_Type, Cylinder_Type, Gatepass_No) VALUES ('Pack', '47kg', 1158);
INSERT INTO Unloading (Vehicle_Number, Truck_Type, Cylinder_Type, Capsule1_MT, Capsule2_MT, Capsule3_MT, Gatepass_No) VALUES ('MH81DS6699', 'Pack', '47kg', NULL, NULL, NULL, 1158);
INSERT INTO Filling_Center (Cylinder_Type, Leakage_Test, Cap_Check, Manual_Test, Gatepass_No) VALUES ('19kg', 1, 1, 1, 1158);
INSERT INTO Security_In VALUES (1159, '2025-08-13', 'MP46OW2374', 'Ikbal Balasubramanian', '1720832702', 'Pack', 4460);
INSERT INTO Security_Out VALUES (1159, '2025-08-13', 'MP46OW2374', 'Bansal-Gill', 'Ikbal Balasubramanian', '1720832702', 'Pack', 4460);
INSERT INTO Weighbridge (Gatepass_No, Truck_Type, Weight_In, Weight_Out, In_Time, Out_Time) VALUES (1159, 'Pack', 6522, 6045, '2025-08-24 11:44', '2025-08-24 12:44');
INSERT INTO Loading (Truck_Type, Cylinder_Type, Gatepass_No) VALUES ('Pack', '14kg', 1159);
INSERT INTO Unloading (Vehicle_Number, Truck_Type, Cylinder_Type, Capsule1_MT, Capsule2_MT, Capsule3_MT, Gatepass_No) VALUES ('MP46OW2374', 'Pack', '14kg', NULL, NULL, NULL, 1159);
INSERT INTO Filling_Center (Cylinder_Type, Leakage_Test, Cap_Check, Manual_Test, Gatepass_No) VALUES ('10kg', 1, 1, 1, 1159);
INSERT INTO Security_In VALUES (1160, '2025-07-28', 'UK49PX6149', 'Darpan Venkatesh', '8884568255', 'Pack', 16031);
INSERT INTO Security_Out VALUES (1160, '2025-07-28', 'UK49PX6149', 'Garde-Palla', 'Darpan Venkatesh', '8884568255', 'Pack', 16031);
INSERT INTO Weighbridge (Gatepass_No, Truck_Type, Weight_In, Weight_Out, In_Time, Out_Time) VALUES (1160, 'Pack', 18493, 18130, '2025-07-19 23:47', '2025-07-20 01:47');
INSERT INTO Loading (Truck_Type, Cylinder_Type, Gatepass_No) VALUES ('Pack', '19kg', 1160);
INSERT INTO Unloading (Vehicle_Number, Truck_Type, Cylinder_Type, Capsule1_MT, Capsule2_MT, Capsule3_MT, Gatepass_No) VALUES ('UK49PX6149', 'Pack', '19kg', NULL, NULL, NULL, 1160);
INSERT INTO Filling_Center (Cylinder_Type, Leakage_Test, Cap_Check, Manual_Test, Gatepass_No) VALUES ('14.5kg', 1, 0, 1, 1160);
INSERT INTO Security_In VALUES (1161, '2025-08-03', 'KA99ZX1137', 'Prisha Dara', '1015589785', 'Bullet', 15332);
INSERT INTO Security_Out VALUES (1161, '2025-08-03', 'KA99ZX1137', 'Chaudhuri, Kapoor and Anand', 'Prisha Dara', '1015589785', 'Bullet', 15332);
INSERT INTO Weighbridge (Gatepass_No, Truck_Type, Weight_In, Weight_Out, In_Time, Out_Time) VALUES (1161, 'Bullet', 17441, 16941, '2025-07-26 03:25', '2025-07-26 05:25');
INSERT INTO Unloading (Vehicle_Number, Truck_Type, Cylinder_Type, Capsule1_MT, Capsule2_MT, Capsule3_MT, Gatepass_No) VALUES ('KA99ZX1137', 'Bullet', NULL, 7.94, 7.78, 9.42, 1161);
INSERT INTO Filling_Center (Cylinder_Type, Leakage_Test, Cap_Check, Manual_Test, Gatepass_No) VALUES ('47kg', 1, 0, 1, 1161);
INSERT INTO Security_In VALUES (1162, '2025-07-25', 'MH55RZ3979', 'Neelima Contractor', '9348219274', 'Pack', 7629);
INSERT INTO Security_Out VALUES (1162, '2025-07-25', 'MH55RZ3979', 'Sawhney-Sunder', 'Neelima Contractor', '9348219274', 'Pack', 7629);
INSERT INTO Weighbridge (Gatepass_No, Truck_Type, Weight_In, Weight_Out, In_Time, Out_Time) VALUES (1162, 'Pack', 11601, 11494, '2025-09-09 11:20', '2025-09-09 14:20');
INSERT INTO Loading (Truck_Type, Cylinder_Type, Gatepass_No) VALUES ('Pack', '19kg', 1162);
INSERT INTO Unloading (Vehicle_Number, Truck_Type, Cylinder_Type, Capsule1_MT, Capsule2_MT, Capsule3_MT, Gatepass_No) VALUES ('MH55RZ3979', 'Pack', '19kg', NULL, NULL, NULL, 1162);
INSERT INTO Filling_Center (Cylinder_Type, Leakage_Test, Cap_Check, Manual_Test, Gatepass_No) VALUES ('14.5kg', 1, 0, 1, 1162);
INSERT INTO Security_In VALUES (1163, '2025-08-13', 'TR12ZI6404', 'Anmol Nagy', '0615252793', 'Bullet', 10914);
INSERT INTO Security_Out VALUES (1163, '2025-08-13', 'TR12ZI6404', 'Hegde-Banerjee', 'Anmol Nagy', '0615252793', 'Bullet', 10914);
INSERT INTO Weighbridge (Gatepass_No, Truck_Type, Weight_In, Weight_Out, In_Time, Out_Time) VALUES (1163, 'Bullet', 11939, 11778, '2025-07-28 11:12', '2025-07-28 12:12');
INSERT INTO Unloading (Vehicle_Number, Truck_Type, Cylinder_Type, Capsule1_MT, Capsule2_MT, Capsule3_MT, Gatepass_No) VALUES ('TR12ZI6404', 'Bullet', NULL, 8.02, 9.33, 7.3, 1163);
INSERT INTO Filling_Center (Cylinder_Type, Leakage_Test, Cap_Check, Manual_Test, Gatepass_No) VALUES ('14.5kg', 1, 1, 1, 1163);
INSERT INTO Security_In VALUES (1164, '2025-08-25', 'UP57KE6825', 'Nicholas Barad', '3879527934', 'Pack', 5539);
INSERT INTO Security_Out VALUES (1164, '2025-08-25', 'UP57KE6825', 'Bal LLC', 'Nicholas Barad', '3879527934', 'Pack', 5539);
INSERT INTO Weighbridge (Gatepass_No, Truck_Type, Weight_In, Weight_Out, In_Time, Out_Time) VALUES (1164, 'Pack', 9400, 9122, '2025-08-24 09:12', '2025-08-24 14:12');
INSERT INTO Loading (Truck_Type, Cylinder_Type, Gatepass_No) VALUES ('Pack', '14kg', 1164);
INSERT INTO Unloading (Vehicle_Number, Truck_Type, Cylinder_Type, Capsule1_MT, Capsule2_MT, Capsule3_MT, Gatepass_No) VALUES ('UP57KE6825', 'Pack', '14kg', NULL, NULL, NULL, 1164);
INSERT INTO Filling_Center (Cylinder_Type, Leakage_Test, Cap_Check, Manual_Test, Gatepass_No) VALUES ('47kg', 1, 0, 0, 1164);
INSERT INTO Security_In VALUES (1165, '2025-08-10', 'BR68MY3587', 'Samesh Zacharia', '9909560234', 'Bullet', 6001);
INSERT INTO Security_Out VALUES (1165, '2025-08-10', 'BR68MY3587', 'Krishnan-Ahluwalia', 'Samesh Zacharia', '9909560234', 'Bullet', 6001);
INSERT INTO Weighbridge (Gatepass_No, Truck_Type, Weight_In, Weight_Out, In_Time, Out_Time) VALUES (1165, 'Bullet', 10171, 10007, '2025-09-16 02:37', '2025-09-16 04:37');
INSERT INTO Unloading (Vehicle_Number, Truck_Type, Cylinder_Type, Capsule1_MT, Capsule2_MT, Capsule3_MT, Gatepass_No) VALUES ('BR68MY3587', 'Bullet', NULL, 6.1, 7.12, 6.48, 1165);
INSERT INTO Filling_Center (Cylinder_Type, Leakage_Test, Cap_Check, Manual_Test, Gatepass_No) VALUES ('10kg', 0, 1, 1, 1165);
INSERT INTO Security_In VALUES (1166, '2025-08-31', 'BR20QO7804', 'Hemang Chakraborty', '9842488896', 'Pack', 6553);
INSERT INTO Security_Out VALUES (1166, '2025-08-31', 'BR20QO7804', 'Sha, Borah and Pandya', 'Hemang Chakraborty', '9842488896', 'Pack', 6553);
INSERT INTO Weighbridge (Gatepass_No, Truck_Type, Weight_In, Weight_Out, In_Time, Out_Time) VALUES (1166, 'Pack', 9054, 8633, '2025-08-22 20:09', '2025-08-22 21:09');
INSERT INTO Loading (Truck_Type, Cylinder_Type, Gatepass_No) VALUES ('Pack', '14kg', 1166);
INSERT INTO Unloading (Vehicle_Number, Truck_Type, Cylinder_Type, Capsule1_MT, Capsule2_MT, Capsule3_MT, Gatepass_No) VALUES ('BR20QO7804', 'Pack', '14kg', NULL, NULL, NULL, 1166);
INSERT INTO Filling_Center (Cylinder_Type, Leakage_Test, Cap_Check, Manual_Test, Gatepass_No) VALUES ('10kg', 1, 1, 1, 1166);
INSERT INTO Security_In VALUES (1167, '2025-08-08', 'CG56DD8887', 'Unni Kunda', '9623606587', 'Bullet', 11270);
INSERT INTO Security_Out VALUES (1167, '2025-08-08', 'CG56DD8887', 'Soman Group', 'Unni Kunda', '9623606587', 'Bullet', 11270);
INSERT INTO Weighbridge (Gatepass_No, Truck_Type, Weight_In, Weight_Out, In_Time, Out_Time) VALUES (1167, 'Bullet', 14710, 14242, '2025-08-11 03:22', '2025-08-11 05:22');
INSERT INTO Unloading (Vehicle_Number, Truck_Type, Cylinder_Type, Capsule1_MT, Capsule2_MT, Capsule3_MT, Gatepass_No) VALUES ('CG56DD8887', 'Bullet', NULL, 6.57, 6.07, 8.89, 1167);
INSERT INTO Filling_Center (Cylinder_Type, Leakage_Test, Cap_Check, Manual_Test, Gatepass_No) VALUES ('47kg', 1, 0, 0, 1167);
INSERT INTO Security_In VALUES (1168, '2025-08-11', 'AP37WH3343', 'Omisha Sawhney', '4612131374', 'Pack', 19784);
INSERT INTO Security_Out VALUES (1168, '2025-08-11', 'AP37WH3343', 'Baria, Som and Nanda', 'Omisha Sawhney', '4612131374', 'Pack', 19784);
INSERT INTO Weighbridge (Gatepass_No, Truck_Type, Weight_In, Weight_Out, In_Time, Out_Time) VALUES (1168, 'Pack', 22645, 22264, '2025-08-03 15:41', '2025-08-03 16:41');
INSERT INTO Loading (Truck_Type, Cylinder_Type, Gatepass_No) VALUES ('Pack', '47kg', 1168);
INSERT INTO Unloading (Vehicle_Number, Truck_Type, Cylinder_Type, Capsule1_MT, Capsule2_MT, Capsule3_MT, Gatepass_No) VALUES ('AP37WH3343', 'Pack', '47kg', NULL, NULL, NULL, 1168);
INSERT INTO Filling_Center (Cylinder_Type, Leakage_Test, Cap_Check, Manual_Test, Gatepass_No) VALUES ('14.5kg', 1, 1, 1, 1168);
INSERT INTO Security_In VALUES (1169, '2025-09-10', 'NL54VX4734', 'Rachit Grover', '8373713731', 'Bullet', 13890);
INSERT INTO Security_Out VALUES (1169, '2025-09-10', 'NL54VX4734', 'Kalita and Sons', 'Rachit Grover', '8373713731', 'Bullet', 13890);
INSERT INTO Weighbridge (Gatepass_No, Truck_Type, Weight_In, Weight_Out, In_Time, Out_Time) VALUES (1169, 'Bullet', 17327, 16966, '2025-08-07 05:59', '2025-08-07 08:59');
INSERT INTO Unloading (Vehicle_Number, Truck_Type, Cylinder_Type, Capsule1_MT, Capsule2_MT, Capsule3_MT, Gatepass_No) VALUES ('NL54VX4734', 'Bullet', NULL, 7.59, 7.08, 5.82, 1169);
INSERT INTO Filling_Center (Cylinder_Type, Leakage_Test, Cap_Check, Manual_Test, Gatepass_No) VALUES ('5kg', 0, 0, 1, 1169);
INSERT INTO Security_In VALUES (1170, '2025-09-05', 'HR68WH5096', 'Samaksh Devi', '4735096207', 'Pack', 12085);
INSERT INTO Security_Out VALUES (1170, '2025-09-05', 'HR68WH5096', 'Rege-Sunder', 'Samaksh Devi', '4735096207', 'Pack', 12085);
INSERT INTO Weighbridge (Gatepass_No, Truck_Type, Weight_In, Weight_Out, In_Time, Out_Time) VALUES (1170, 'Pack', 13791, 13521, '2025-09-04 12:38', '2025-09-04 13:38');
INSERT INTO Loading (Truck_Type, Cylinder_Type, Gatepass_No) VALUES ('Pack', '47kg', 1170);
INSERT INTO Unloading (Vehicle_Number, Truck_Type, Cylinder_Type, Capsule1_MT, Capsule2_MT, Capsule3_MT, Gatepass_No) VALUES ('HR68WH5096', 'Pack', '47kg', NULL, NULL, NULL, 1170);
INSERT INTO Filling_Center (Cylinder_Type, Leakage_Test, Cap_Check, Manual_Test, Gatepass_No) VALUES ('10kg', 0, 1, 0, 1170);
INSERT INTO Security_In VALUES (1171, '2025-08-24', 'TS53EZ2368', 'Banjeet Sheth', '0141008670', 'Pack', 7852);
INSERT INTO Security_Out VALUES (1171, '2025-08-24', 'TS53EZ2368', 'Peri, Garg and Ravi', 'Banjeet Sheth', '0141008670', 'Pack', 7852);
INSERT INTO Weighbridge (Gatepass_No, Truck_Type, Weight_In, Weight_Out, In_Time, Out_Time) VALUES (1171, 'Pack', 10420, 10183, '2025-08-31 13:42', '2025-08-31 18:42');
INSERT INTO Loading (Truck_Type, Cylinder_Type, Gatepass_No) VALUES ('Pack', '47kg', 1171);
INSERT INTO Unloading (Vehicle_Number, Truck_Type, Cylinder_Type, Capsule1_MT, Capsule2_MT, Capsule3_MT, Gatepass_No) VALUES ('TS53EZ2368', 'Pack', '47kg', NULL, NULL, NULL, 1171);
INSERT INTO Filling_Center (Cylinder_Type, Leakage_Test, Cap_Check, Manual_Test, Gatepass_No) VALUES ('14.5kg', 0, 0, 1, 1171);
INSERT INTO Security_In VALUES (1172, '2025-08-25', 'TS74YQ2642', 'Mekhala Dara', '1178638722', 'Pack', 8542);
INSERT INTO Security_Out VALUES (1172, '2025-08-25', 'TS74YQ2642', 'Nath, Batra and Mander', 'Mekhala Dara', '1178638722', 'Pack', 8542);
INSERT INTO Weighbridge (Gatepass_No, Truck_Type, Weight_In, Weight_Out, In_Time, Out_Time) VALUES (1172, 'Pack', 11455, 10988, '2025-09-08 11:16', '2025-09-08 15:16');
INSERT INTO Loading (Truck_Type, Cylinder_Type, Gatepass_No) VALUES ('Pack', '19kg', 1172);
INSERT INTO Unloading (Vehicle_Number, Truck_Type, Cylinder_Type, Capsule1_MT, Capsule2_MT, Capsule3_MT, Gatepass_No) VALUES ('TS74YQ2642', 'Pack', '19kg', NULL, NULL, NULL, 1172);
INSERT INTO Filling_Center (Cylinder_Type, Leakage_Test, Cap_Check, Manual_Test, Gatepass_No) VALUES ('14.5kg', 0, 1, 1, 1172);
INSERT INTO Security_In VALUES (1173, '2025-08-15', 'MP73SU2505', 'Simon Sankar', '3347281953', 'Bullet', 7444);
INSERT INTO Security_Out VALUES (1173, '2025-08-15', 'MP73SU2505', 'Bava, Srinivasan and Narula', 'Simon Sankar', '3347281953', 'Bullet', 7444);
INSERT INTO Weighbridge (Gatepass_No, Truck_Type, Weight_In, Weight_Out, In_Time, Out_Time) VALUES (1173, 'Bullet', 8608, 8110, '2025-08-05 02:15', '2025-08-05 06:15');
INSERT INTO Unloading (Vehicle_Number, Truck_Type, Cylinder_Type, Capsule1_MT, Capsule2_MT, Capsule3_MT, Gatepass_No) VALUES ('MP73SU2505', 'Bullet', NULL, 7.15, 8.12, 6.01, 1173);
INSERT INTO Filling_Center (Cylinder_Type, Leakage_Test, Cap_Check, Manual_Test, Gatepass_No) VALUES ('14.5kg', 0, 1, 0, 1173);
INSERT INTO Security_In VALUES (1174, '2025-08-14', 'KA13YV7460', 'Gabriel Panchal', '3097812365', 'Bullet', 13837);
INSERT INTO Security_Out VALUES (1174, '2025-08-14', 'KA13YV7460', 'Hora, Chandra and Iyer', 'Gabriel Panchal', '3097812365', 'Bullet', 13837);
INSERT INTO Weighbridge (Gatepass_No, Truck_Type, Weight_In, Weight_Out, In_Time, Out_Time) VALUES (1174, 'Bullet', 15770, 15346, '2025-08-01 16:35', '2025-08-01 21:35');
INSERT INTO Unloading (Vehicle_Number, Truck_Type, Cylinder_Type, Capsule1_MT, Capsule2_MT, Capsule3_MT, Gatepass_No) VALUES ('KA13YV7460', 'Bullet', NULL, 7.52, 5.89, 6.03, 1174);
INSERT INTO Filling_Center (Cylinder_Type, Leakage_Test, Cap_Check, Manual_Test, Gatepass_No) VALUES ('5kg', 0, 0, 0, 1174);
INSERT INTO Security_In VALUES (1175, '2025-09-14', 'RJ37GN5179', 'Bishakha Krishnamurthy', '5304080018', 'Pack', 6042);
INSERT INTO Security_Out VALUES (1175, '2025-09-14', 'RJ37GN5179', 'Ratti, Kant and Shan', 'Bishakha Krishnamurthy', '5304080018', 'Pack', 6042);
INSERT INTO Weighbridge (Gatepass_No, Truck_Type, Weight_In, Weight_Out, In_Time, Out_Time) VALUES (1175, 'Pack', 7188, 6852, '2025-08-18 14:42', '2025-08-18 15:42');
INSERT INTO Loading (Truck_Type, Cylinder_Type, Gatepass_No) VALUES ('Pack', '19kg', 1175);
INSERT INTO Unloading (Vehicle_Number, Truck_Type, Cylinder_Type, Capsule1_MT, Capsule2_MT, Capsule3_MT, Gatepass_No) VALUES ('RJ37GN5179', 'Pack', '19kg', NULL, NULL, NULL, 1175);
INSERT INTO Filling_Center (Cylinder_Type, Leakage_Test, Cap_Check, Manual_Test, Gatepass_No) VALUES ('5kg', 0, 1, 1, 1175);
INSERT INTO Security_In VALUES (1176, '2025-08-07', 'TS15ME8211', 'Bhavani Bhalla', '5450140766', 'Pack', 3314);
INSERT INTO Security_Out VALUES (1176, '2025-08-07', 'TS15ME8211', 'Wadhwa Ltd', 'Bhavani Bhalla', '5450140766', 'Pack', 3314);
INSERT INTO Weighbridge (Gatepass_No, Truck_Type, Weight_In, Weight_Out, In_Time, Out_Time) VALUES (1176, 'Pack', 5226, 4736, '2025-08-24 22:39', '2025-08-24 23:39');
INSERT INTO Loading (Truck_Type, Cylinder_Type, Gatepass_No) VALUES ('Pack', '47kg', 1176);
INSERT INTO Unloading (Vehicle_Number, Truck_Type, Cylinder_Type, Capsule1_MT, Capsule2_MT, Capsule3_MT, Gatepass_No) VALUES ('TS15ME8211', 'Pack', '47kg', NULL, NULL, NULL, 1176);
INSERT INTO Filling_Center (Cylinder_Type, Leakage_Test, Cap_Check, Manual_Test, Gatepass_No) VALUES ('14.5kg', 1, 1, 0, 1176);
INSERT INTO Security_In VALUES (1177, '2025-08-03', 'TN83ZE5772', 'Chaitanya Natt', '1810481297', 'Bullet', 12983);
INSERT INTO Security_Out VALUES (1177, '2025-08-03', 'TN83ZE5772', 'Choudhry-Venkataraman', 'Chaitanya Natt', '1810481297', 'Bullet', 12983);
INSERT INTO Weighbridge (Gatepass_No, Truck_Type, Weight_In, Weight_Out, In_Time, Out_Time) VALUES (1177, 'Bullet', 17307, 17203, '2025-08-27 23:04', '2025-08-28 00:04');
INSERT INTO Unloading (Vehicle_Number, Truck_Type, Cylinder_Type, Capsule1_MT, Capsule2_MT, Capsule3_MT, Gatepass_No) VALUES ('TN83ZE5772', 'Bullet', NULL, 9.68, 5.65, 9.63, 1177);
INSERT INTO Filling_Center (Cylinder_Type, Leakage_Test, Cap_Check, Manual_Test, Gatepass_No) VALUES ('5kg', 0, 1, 0, 1177);
INSERT INTO Security_In VALUES (1178, '2025-08-20', 'KL28AC3009', 'Keya Pal', '0338097758', 'Bullet', 14750);
INSERT INTO Security_Out VALUES (1178, '2025-08-20', 'KL28AC3009', 'Comar, Reddy and Bedi', 'Keya Pal', '0338097758', 'Bullet', 14750);
INSERT INTO Weighbridge (Gatepass_No, Truck_Type, Weight_In, Weight_Out, In_Time, Out_Time) VALUES (1178, 'Bullet', 18090, 17703, '2025-08-24 17:58', '2025-08-24 18:58');
INSERT INTO Unloading (Vehicle_Number, Truck_Type, Cylinder_Type, Capsule1_MT, Capsule2_MT, Capsule3_MT, Gatepass_No) VALUES ('KL28AC3009', 'Bullet', NULL, 5.24, 8.68, 7.69, 1178);
INSERT INTO Filling_Center (Cylinder_Type, Leakage_Test, Cap_Check, Manual_Test, Gatepass_No) VALUES ('47kg', 1, 1, 1, 1178);
INSERT INTO Security_In VALUES (1179, '2025-09-14', 'HP54JQ5015', 'Gabriel Kaur', '0529005485', 'Pack', 17583);
INSERT INTO Security_Out VALUES (1179, '2025-09-14', 'HP54JQ5015', 'Vyas-Mohanty', 'Gabriel Kaur', '0529005485', 'Pack', 17583);
INSERT INTO Weighbridge (Gatepass_No, Truck_Type, Weight_In, Weight_Out, In_Time, Out_Time) VALUES (1179, 'Pack', 18648, 18168, '2025-08-09 02:07', '2025-08-09 03:07');
INSERT INTO Loading (Truck_Type, Cylinder_Type, Gatepass_No) VALUES ('Pack', '19kg', 1179);
INSERT INTO Unloading (Vehicle_Number, Truck_Type, Cylinder_Type, Capsule1_MT, Capsule2_MT, Capsule3_MT, Gatepass_No) VALUES ('HP54JQ5015', 'Pack', '19kg', NULL, NULL, NULL, 1179);
INSERT INTO Filling_Center (Cylinder_Type, Leakage_Test, Cap_Check, Manual_Test, Gatepass_No) VALUES ('47kg', 1, 0, 1, 1179);
INSERT INTO Security_In VALUES (1180, '2025-08-24', 'RJ25WE9175', 'Dipta Mangat', '0324255632', 'Bullet', 16006);
INSERT INTO Security_Out VALUES (1180, '2025-08-24', 'RJ25WE9175', 'Chakraborty, Gour and Wable', 'Dipta Mangat', '0324255632', 'Bullet', 16006);
INSERT INTO Weighbridge (Gatepass_No, Truck_Type, Weight_In, Weight_Out, In_Time, Out_Time) VALUES (1180, 'Bullet', 20020, 19721, '2025-08-12 11:30', '2025-08-12 16:30');
INSERT INTO Unloading (Vehicle_Number, Truck_Type, Cylinder_Type, Capsule1_MT, Capsule2_MT, Capsule3_MT, Gatepass_No) VALUES ('RJ25WE9175', 'Bullet', NULL, 5.43, 5.97, 6.76, 1180);
INSERT INTO Filling_Center (Cylinder_Type, Leakage_Test, Cap_Check, Manual_Test, Gatepass_No) VALUES ('14.5kg', 0, 1, 0, 1180);
INSERT INTO Security_In VALUES (1181, '2025-07-28', 'NL48LV1044', 'Yatan Sethi', '6238431331', 'Bullet', 9529);
INSERT INTO Security_Out VALUES (1181, '2025-07-28', 'NL48LV1044', 'Balakrishnan Ltd', 'Yatan Sethi', '6238431331', 'Bullet', 9529);
INSERT INTO Weighbridge (Gatepass_No, Truck_Type, Weight_In, Weight_Out, In_Time, Out_Time) VALUES (1181, 'Bullet', 11702, 11465, '2025-09-01 17:27', '2025-09-01 18:27');
INSERT INTO Unloading (Vehicle_Number, Truck_Type, Cylinder_Type, Capsule1_MT, Capsule2_MT, Capsule3_MT, Gatepass_No) VALUES ('NL48LV1044', 'Bullet', NULL, 8.01, 6.01, 9.49, 1181);
INSERT INTO Filling_Center (Cylinder_Type, Leakage_Test, Cap_Check, Manual_Test, Gatepass_No) VALUES ('5kg', 1, 0, 1, 1181);
INSERT INTO Security_In VALUES (1182, '2025-09-14', 'PB67PK7242', 'Chaman Bhagat', '1261954948', 'Pack', 8046);
INSERT INTO Security_Out VALUES (1182, '2025-09-14', 'PB67PK7242', 'Saha, Tak and Sani', 'Chaman Bhagat', '1261954948', 'Pack', 8046);
INSERT INTO Weighbridge (Gatepass_No, Truck_Type, Weight_In, Weight_Out, In_Time, Out_Time) VALUES (1182, 'Pack', 10661, 10499, '2025-08-13 17:52', '2025-08-13 22:52');
INSERT INTO Loading (Truck_Type, Cylinder_Type, Gatepass_No) VALUES ('Pack', '14kg', 1182);
INSERT INTO Unloading (Vehicle_Number, Truck_Type, Cylinder_Type, Capsule1_MT, Capsule2_MT, Capsule3_MT, Gatepass_No) VALUES ('PB67PK7242', 'Pack', '14kg', NULL, NULL, NULL, 1182);
INSERT INTO Filling_Center (Cylinder_Type, Leakage_Test, Cap_Check, Manual_Test, Gatepass_No) VALUES ('19kg', 1, 1, 1, 1182);
INSERT INTO Security_In VALUES (1183, '2025-07-19', 'MP49FZ7768', 'Zaitra Pau', '0976350808', 'Bullet', 8856);
INSERT INTO Security_Out VALUES (1183, '2025-07-19', 'MP49FZ7768', 'Goel-Chandran', 'Zaitra Pau', '0976350808', 'Bullet', 8856);
INSERT INTO Weighbridge (Gatepass_No, Truck_Type, Weight_In, Weight_Out, In_Time, Out_Time) VALUES (1183, 'Bullet', 12484, 12037, '2025-07-24 16:27', '2025-07-24 20:27');
INSERT INTO Unloading (Vehicle_Number, Truck_Type, Cylinder_Type, Capsule1_MT, Capsule2_MT, Capsule3_MT, Gatepass_No) VALUES ('MP49FZ7768', 'Bullet', NULL, 7.24, 8.54, 9.84, 1183);
INSERT INTO Filling_Center (Cylinder_Type, Leakage_Test, Cap_Check, Manual_Test, Gatepass_No) VALUES ('10kg', 1, 0, 1, 1183);
INSERT INTO Security_In VALUES (1184, '2025-08-20', 'KL75XB1390', 'Unnati Solanki', '8332450405', 'Pack', 2703);
INSERT INTO Security_Out VALUES (1184, '2025-08-20', 'KL75XB1390', 'Sur, Thakur and Khatri', 'Unnati Solanki', '8332450405', 'Pack', 2703);
INSERT INTO Weighbridge (Gatepass_No, Truck_Type, Weight_In, Weight_Out, In_Time, Out_Time) VALUES (1184, 'Pack', 4613, 4511, '2025-09-11 09:31', '2025-09-11 11:31');
INSERT INTO Loading (Truck_Type, Cylinder_Type, Gatepass_No) VALUES ('Pack', '14kg', 1184);
INSERT INTO Unloading (Vehicle_Number, Truck_Type, Cylinder_Type, Capsule1_MT, Capsule2_MT, Capsule3_MT, Gatepass_No) VALUES ('KL75XB1390', 'Pack', '14kg', NULL, NULL, NULL, 1184);
INSERT INTO Filling_Center (Cylinder_Type, Leakage_Test, Cap_Check, Manual_Test, Gatepass_No) VALUES ('10kg', 0, 0, 1, 1184);
INSERT INTO Security_In VALUES (1185, '2025-09-12', 'UK51AA5601', 'Leena Chowdhury', '9749396474', 'Bullet', 11814);
INSERT INTO Security_Out VALUES (1185, '2025-09-12', 'UK51AA5601', 'Bawa Group', 'Leena Chowdhury', '9749396474', 'Bullet', 11814);
INSERT INTO Weighbridge (Gatepass_No, Truck_Type, Weight_In, Weight_Out, In_Time, Out_Time) VALUES (1185, 'Bullet', 15623, 15297, '2025-07-21 17:02', '2025-07-21 18:02');
INSERT INTO Unloading (Vehicle_Number, Truck_Type, Cylinder_Type, Capsule1_MT, Capsule2_MT, Capsule3_MT, Gatepass_No) VALUES ('UK51AA5601', 'Bullet', NULL, 9.4, 6.13, 9.59, 1185);
INSERT INTO Filling_Center (Cylinder_Type, Leakage_Test, Cap_Check, Manual_Test, Gatepass_No) VALUES ('5kg', 1, 0, 0, 1185);
INSERT INTO Security_In VALUES (1186, '2025-08-24', 'PB44UM6000', 'Indira Varughese', '4680619700', 'Pack', 18955);
INSERT INTO Security_Out VALUES (1186, '2025-08-24', 'PB44UM6000', 'Grover-Palla', 'Indira Varughese', '4680619700', 'Pack', 18955);
INSERT INTO Weighbridge (Gatepass_No, Truck_Type, Weight_In, Weight_Out, In_Time, Out_Time) VALUES (1186, 'Pack', 23711, 23559, '2025-07-19 18:58', '2025-07-19 20:58');
INSERT INTO Loading (Truck_Type, Cylinder_Type, Gatepass_No) VALUES ('Pack', '14kg', 1186);
INSERT INTO Unloading (Vehicle_Number, Truck_Type, Cylinder_Type, Capsule1_MT, Capsule2_MT, Capsule3_MT, Gatepass_No) VALUES ('PB44UM6000', 'Pack', '14kg', NULL, NULL, NULL, 1186);
INSERT INTO Filling_Center (Cylinder_Type, Leakage_Test, Cap_Check, Manual_Test, Gatepass_No) VALUES ('5kg', 0, 1, 0, 1186);
INSERT INTO Security_In VALUES (1187, '2025-08-27', 'ML58SY4424', 'Vaishnavi Jhaveri', '9910435408', 'Pack', 1535);
INSERT INTO Security_Out VALUES (1187, '2025-08-27', 'ML58SY4424', 'Sen, Dubey and Kala', 'Vaishnavi Jhaveri', '9910435408', 'Pack', 1535);
INSERT INTO Weighbridge (Gatepass_No, Truck_Type, Weight_In, Weight_Out, In_Time, Out_Time) VALUES (1187, 'Pack', 4275, 3937, '2025-09-13 22:27', '2025-09-13 23:27');
INSERT INTO Loading (Truck_Type, Cylinder_Type, Gatepass_No) VALUES ('Pack', '19kg', 1187);
INSERT INTO Unloading (Vehicle_Number, Truck_Type, Cylinder_Type, Capsule1_MT, Capsule2_MT, Capsule3_MT, Gatepass_No) VALUES ('ML58SY4424', 'Pack', '19kg', NULL, NULL, NULL, 1187);
INSERT INTO Filling_Center (Cylinder_Type, Leakage_Test, Cap_Check, Manual_Test, Gatepass_No) VALUES ('47kg', 1, 0, 0, 1187);
INSERT INTO Security_In VALUES (1188, '2025-08-07', 'GA43ZD9002', 'Lavanya Trivedi', '7872988204', 'Pack', 14836);
INSERT INTO Security_Out VALUES (1188, '2025-08-07', 'GA43ZD9002', 'Dayal, Prasad and Gade', 'Lavanya Trivedi', '7872988204', 'Pack', 14836);
INSERT INTO Weighbridge (Gatepass_No, Truck_Type, Weight_In, Weight_Out, In_Time, Out_Time) VALUES (1188, 'Pack', 16278, 15908, '2025-07-22 07:39', '2025-07-22 09:39');
INSERT INTO Loading (Truck_Type, Cylinder_Type, Gatepass_No) VALUES ('Pack', '14kg', 1188);
INSERT INTO Unloading (Vehicle_Number, Truck_Type, Cylinder_Type, Capsule1_MT, Capsule2_MT, Capsule3_MT, Gatepass_No) VALUES ('GA43ZD9002', 'Pack', '14kg', NULL, NULL, NULL, 1188);
INSERT INTO Filling_Center (Cylinder_Type, Leakage_Test, Cap_Check, Manual_Test, Gatepass_No) VALUES ('14.5kg', 0, 1, 0, 1188);
INSERT INTO Security_In VALUES (1189, '2025-09-15', 'MZ62IN4955', 'Ria Srivastava', '6804768663', 'Bullet', 17733);
INSERT INTO Security_Out VALUES (1189, '2025-09-15', 'MZ62IN4955', 'Hegde, Choudhary and Borra', 'Ria Srivastava', '6804768663', 'Bullet', 17733);
INSERT INTO Weighbridge (Gatepass_No, Truck_Type, Weight_In, Weight_Out, In_Time, Out_Time) VALUES (1189, 'Bullet', 22236, 21792, '2025-07-28 06:40', '2025-07-28 08:40');
INSERT INTO Unloading (Vehicle_Number, Truck_Type, Cylinder_Type, Capsule1_MT, Capsule2_MT, Capsule3_MT, Gatepass_No) VALUES ('MZ62IN4955', 'Bullet', NULL, 6.7, 8.59, 9.72, 1189);
INSERT INTO Filling_Center (Cylinder_Type, Leakage_Test, Cap_Check, Manual_Test, Gatepass_No) VALUES ('14.5kg', 1, 0, 1, 1189);
INSERT INTO Security_In VALUES (1190, '2025-07-31', 'NL75FM1166', 'Madhavi Andra', '6113101250', 'Pack', 16545);
INSERT INTO Security_Out VALUES (1190, '2025-07-31', 'NL75FM1166', 'Hayer, Bath and Patel', 'Madhavi Andra', '6113101250', 'Pack', 16545);
INSERT INTO Weighbridge (Gatepass_No, Truck_Type, Weight_In, Weight_Out, In_Time, Out_Time) VALUES (1190, 'Pack', 21048, 20903, '2025-09-10 23:32', '2025-09-11 04:32');
INSERT INTO Loading (Truck_Type, Cylinder_Type, Gatepass_No) VALUES ('Pack', '47kg', 1190);
INSERT INTO Unloading (Vehicle_Number, Truck_Type, Cylinder_Type, Capsule1_MT, Capsule2_MT, Capsule3_MT, Gatepass_No) VALUES ('NL75FM1166', 'Pack', '47kg', NULL, NULL, NULL, 1190);
INSERT INTO Filling_Center (Cylinder_Type, Leakage_Test, Cap_Check, Manual_Test, Gatepass_No) VALUES ('10kg', 1, 0, 0, 1190);
INSERT INTO Security_In VALUES (1191, '2025-07-29', 'SK90YI5846', 'Odika Sathe', '0287134422', 'Pack', 12161);
INSERT INTO Security_Out VALUES (1191, '2025-07-29', 'SK90YI5846', 'Kota, Edwin and Mannan', 'Odika Sathe', '0287134422', 'Pack', 12161);
INSERT INTO Weighbridge (Gatepass_No, Truck_Type, Weight_In, Weight_Out, In_Time, Out_Time) VALUES (1191, 'Pack', 13509, 13266, '2025-07-29 04:40', '2025-07-29 07:40');
INSERT INTO Loading (Truck_Type, Cylinder_Type, Gatepass_No) VALUES ('Pack', '14kg', 1191);
INSERT INTO Unloading (Vehicle_Number, Truck_Type, Cylinder_Type, Capsule1_MT, Capsule2_MT, Capsule3_MT, Gatepass_No) VALUES ('SK90YI5846', 'Pack', '14kg', NULL, NULL, NULL, 1191);
INSERT INTO Filling_Center (Cylinder_Type, Leakage_Test, Cap_Check, Manual_Test, Gatepass_No) VALUES ('10kg', 1, 1, 1, 1191);
INSERT INTO Security_In VALUES (1192, '2025-08-24', 'CG91LG9734', 'Unnati Dube', '3458685086', 'Pack', 12197);
INSERT INTO Security_Out VALUES (1192, '2025-08-24', 'CG91LG9734', 'Thaman, Agarwal and Sodhi', 'Unnati Dube', '3458685086', 'Pack', 12197);
INSERT INTO Weighbridge (Gatepass_No, Truck_Type, Weight_In, Weight_Out, In_Time, Out_Time) VALUES (1192, 'Pack', 13878, 13593, '2025-08-17 10:35', '2025-08-17 14:35');
INSERT INTO Loading (Truck_Type, Cylinder_Type, Gatepass_No) VALUES ('Pack', '47kg', 1192);
INSERT INTO Unloading (Vehicle_Number, Truck_Type, Cylinder_Type, Capsule1_MT, Capsule2_MT, Capsule3_MT, Gatepass_No) VALUES ('CG91LG9734', 'Pack', '47kg', NULL, NULL, NULL, 1192);
INSERT INTO Filling_Center (Cylinder_Type, Leakage_Test, Cap_Check, Manual_Test, Gatepass_No) VALUES ('10kg', 0, 1, 0, 1192);
INSERT INTO Security_In VALUES (1193, '2025-07-23', 'HR26IU7072', 'Eiravati Ghosh', '3517530279', 'Bullet', 1721);
INSERT INTO Security_Out VALUES (1193, '2025-07-23', 'HR26IU7072', 'Mallick, Kaur and Sane', 'Eiravati Ghosh', '3517530279', 'Bullet', 1721);
INSERT INTO Weighbridge (Gatepass_No, Truck_Type, Weight_In, Weight_Out, In_Time, Out_Time) VALUES (1193, 'Bullet', 5097, 4734, '2025-08-05 11:51', '2025-08-05 16:51');
INSERT INTO Unloading (Vehicle_Number, Truck_Type, Cylinder_Type, Capsule1_MT, Capsule2_MT, Capsule3_MT, Gatepass_No) VALUES ('HR26IU7072', 'Bullet', NULL, 7.14, 8.43, 8.13, 1193);
INSERT INTO Filling_Center (Cylinder_Type, Leakage_Test, Cap_Check, Manual_Test, Gatepass_No) VALUES ('14.5kg', 0, 0, 0, 1193);
INSERT INTO Security_In VALUES (1194, '2025-08-15', 'ML69XC3590', 'Zinal Saini', '6472543504', 'Pack', 7176);
INSERT INTO Security_Out VALUES (1194, '2025-08-15', 'ML69XC3590', 'Ahuja, Ganesan and Sandal', 'Zinal Saini', '6472543504', 'Pack', 7176);
INSERT INTO Weighbridge (Gatepass_No, Truck_Type, Weight_In, Weight_Out, In_Time, Out_Time) VALUES (1194, 'Pack', 11318, 11160, '2025-08-19 22:10', '2025-08-19 23:10');
INSERT INTO Loading (Truck_Type, Cylinder_Type, Gatepass_No) VALUES ('Pack', '19kg', 1194);
INSERT INTO Unloading (Vehicle_Number, Truck_Type, Cylinder_Type, Capsule1_MT, Capsule2_MT, Capsule3_MT, Gatepass_No) VALUES ('ML69XC3590', 'Pack', '19kg', NULL, NULL, NULL, 1194);
INSERT INTO Filling_Center (Cylinder_Type, Leakage_Test, Cap_Check, Manual_Test, Gatepass_No) VALUES ('10kg', 0, 1, 1, 1194);
INSERT INTO Security_In VALUES (1195, '2025-08-04', 'WB68MQ4904', 'Nilima Singhal', '5791288331', 'Bullet', 2355);
INSERT INTO Security_Out VALUES (1195, '2025-08-04', 'WB68MQ4904', 'Varty, Grover and Chandra', 'Nilima Singhal', '5791288331', 'Bullet', 2355);
INSERT INTO Weighbridge (Gatepass_No, Truck_Type, Weight_In, Weight_Out, In_Time, Out_Time) VALUES (1195, 'Bullet', 4508, 4206, '2025-08-02 19:15', '2025-08-02 21:15');
INSERT INTO Unloading (Vehicle_Number, Truck_Type, Cylinder_Type, Capsule1_MT, Capsule2_MT, Capsule3_MT, Gatepass_No) VALUES ('WB68MQ4904', 'Bullet', NULL, 6.43, 7.62, 6.0, 1195);
INSERT INTO Filling_Center (Cylinder_Type, Leakage_Test, Cap_Check, Manual_Test, Gatepass_No) VALUES ('19kg', 1, 1, 0, 1195);
INSERT INTO Security_In VALUES (1196, '2025-08-22', 'TN72RX7437', 'Gaurika Samra', '7591234781', 'Bullet', 16185);
INSERT INTO Security_Out VALUES (1196, '2025-08-22', 'TN72RX7437', 'Badal, Behl and Setty', 'Gaurika Samra', '7591234781', 'Bullet', 16185);
INSERT INTO Weighbridge (Gatepass_No, Truck_Type, Weight_In, Weight_Out, In_Time, Out_Time) VALUES (1196, 'Bullet', 20393, 20188, '2025-08-03 15:20', '2025-08-03 16:20');
INSERT INTO Unloading (Vehicle_Number, Truck_Type, Cylinder_Type, Capsule1_MT, Capsule2_MT, Capsule3_MT, Gatepass_No) VALUES ('TN72RX7437', 'Bullet', NULL, 5.27, 9.78, 9.94, 1196);
INSERT INTO Filling_Center (Cylinder_Type, Leakage_Test, Cap_Check, Manual_Test, Gatepass_No) VALUES ('47kg', 1, 0, 1, 1196);
INSERT INTO Security_In VALUES (1197, '2025-09-14', 'HP50DR3913', 'Faras Rajagopal', '7329545679', 'Bullet', 17964);
INSERT INTO Security_Out VALUES (1197, '2025-09-14', 'HP50DR3913', 'Nayak, Tara and Mammen', 'Faras Rajagopal', '7329545679', 'Bullet', 17964);
INSERT INTO Weighbridge (Gatepass_No, Truck_Type, Weight_In, Weight_Out, In_Time, Out_Time) VALUES (1197, 'Bullet', 22917, 22655, '2025-08-24 19:38', '2025-08-24 23:38');
INSERT INTO Unloading (Vehicle_Number, Truck_Type, Cylinder_Type, Capsule1_MT, Capsule2_MT, Capsule3_MT, Gatepass_No) VALUES ('HP50DR3913', 'Bullet', NULL, 6.8, 9.42, 7.89, 1197);
INSERT INTO Filling_Center (Cylinder_Type, Leakage_Test, Cap_Check, Manual_Test, Gatepass_No) VALUES ('5kg', 1, 1, 0, 1197);
INSERT INTO Security_In VALUES (1198, '2025-08-26', 'OD45PJ7189', 'Dalaja Rama', '7991931483', 'Pack', 2902);
INSERT INTO Security_Out VALUES (1198, '2025-08-26', 'OD45PJ7189', 'Narayanan-Bawa', 'Dalaja Rama', '7991931483', 'Pack', 2902);
INSERT INTO Weighbridge (Gatepass_No, Truck_Type, Weight_In, Weight_Out, In_Time, Out_Time) VALUES (1198, 'Pack', 6021, 5870, '2025-07-24 08:37', '2025-07-24 10:37');
INSERT INTO Loading (Truck_Type, Cylinder_Type, Gatepass_No) VALUES ('Pack', '14kg', 1198);
INSERT INTO Unloading (Vehicle_Number, Truck_Type, Cylinder_Type, Capsule1_MT, Capsule2_MT, Capsule3_MT, Gatepass_No) VALUES ('OD45PJ7189', 'Pack', '14kg', NULL, NULL, NULL, 1198);
INSERT INTO Filling_Center (Cylinder_Type, Leakage_Test, Cap_Check, Manual_Test, Gatepass_No) VALUES ('10kg', 1, 0, 0, 1198);
INSERT INTO Security_In VALUES (1199, '2025-08-16', 'KA17NI3208', 'Arjun Gala', '8952772832', 'Pack', 12960);
INSERT INTO Security_Out VALUES (1199, '2025-08-16', 'KA17NI3208', 'Walla, Dar and Morar', 'Arjun Gala', '8952772832', 'Pack', 12960);
INSERT INTO Weighbridge (Gatepass_No, Truck_Type, Weight_In, Weight_Out, In_Time, Out_Time) VALUES (1199, 'Pack', 15053, 14712, '2025-09-13 14:08', '2025-09-13 17:08');
INSERT INTO Loading (Truck_Type, Cylinder_Type, Gatepass_No) VALUES ('Pack', '14kg', 1199);
INSERT INTO Unloading (Vehicle_Number, Truck_Type, Cylinder_Type, Capsule1_MT, Capsule2_MT, Capsule3_MT, Gatepass_No) VALUES ('KA17NI3208', 'Pack', '14kg', NULL, NULL, NULL, 1199);
INSERT INTO Filling_Center (Cylinder_Type, Leakage_Test, Cap_Check, Manual_Test, Gatepass_No) VALUES ('47kg', 1, 0, 0, 1199);
INSERT INTO Security_In VALUES (1200, '2025-07-31', 'MH17IU5656', 'Hritik Chaudhuri', '0567274819', 'Pack', 7483);
INSERT INTO Security_Out VALUES (1200, '2025-07-31', 'MH17IU5656', 'Pant, Gade and Kuruvilla', 'Hritik Chaudhuri', '0567274819', 'Pack', 7483);
INSERT INTO Weighbridge (Gatepass_No, Truck_Type, Weight_In, Weight_Out, In_Time, Out_Time) VALUES (1200, 'Pack', 9337, 8914, '2025-09-10 23:13', '2025-09-11 03:13');
INSERT INTO Loading (Truck_Type, Cylinder_Type, Gatepass_No) VALUES ('Pack', '47kg', 1200);
INSERT INTO Unloading (Vehicle_Number, Truck_Type, Cylinder_Type, Capsule1_MT, Capsule2_MT, Capsule3_MT, Gatepass_No) VALUES ('MH17IU5656', 'Pack', '47kg', NULL, NULL, NULL, 1200);
INSERT INTO Filling_Center (Cylinder_Type, Leakage_Test, Cap_Check, Manual_Test, Gatepass_No) VALUES ('14.5kg', 0, 0, 0, 1200);
INSERT INTO Security_In VALUES (1201, '2025-08-26', 'NL72WV5048', 'Aahana Sarin', '7488975554', 'Bullet', 1508);
INSERT INTO Security_Out VALUES (1201, '2025-08-26', 'NL72WV5048', 'Srinivas, Sehgal and Goda', 'Aahana Sarin', '7488975554', 'Bullet', 1508);
INSERT INTO Weighbridge (Gatepass_No, Truck_Type, Weight_In, Weight_Out, In_Time, Out_Time) VALUES (1201, 'Bullet', 6416, 6121, '2025-09-13 09:55', '2025-09-13 11:55');
INSERT INTO Unloading (Vehicle_Number, Truck_Type, Cylinder_Type, Capsule1_MT, Capsule2_MT, Capsule3_MT, Gatepass_No) VALUES ('NL72WV5048', 'Bullet', NULL, 6.26, 5.26, 7.18, 1201);
INSERT INTO Filling_Center (Cylinder_Type, Leakage_Test, Cap_Check, Manual_Test, Gatepass_No) VALUES ('14.5kg', 0, 0, 0, 1201);
INSERT INTO Security_In VALUES (1202, '2025-08-28', 'MP25ZV5992', 'Oviya Brahmbhatt', '5397260777', 'Pack', 4800);
INSERT INTO Security_Out VALUES (1202, '2025-08-28', 'MP25ZV5992', 'Bhagat-Shan', 'Oviya Brahmbhatt', '5397260777', 'Pack', 4800);
INSERT INTO Weighbridge (Gatepass_No, Truck_Type, Weight_In, Weight_Out, In_Time, Out_Time) VALUES (1202, 'Pack', 7102, 6887, '2025-08-02 02:42', '2025-08-02 05:42');
INSERT INTO Loading (Truck_Type, Cylinder_Type, Gatepass_No) VALUES ('Pack', '14kg', 1202);
INSERT INTO Unloading (Vehicle_Number, Truck_Type, Cylinder_Type, Capsule1_MT, Capsule2_MT, Capsule3_MT, Gatepass_No) VALUES ('MP25ZV5992', 'Pack', '14kg', NULL, NULL, NULL, 1202);
INSERT INTO Filling_Center (Cylinder_Type, Leakage_Test, Cap_Check, Manual_Test, Gatepass_No) VALUES ('5kg', 1, 0, 0, 1202);
INSERT INTO Security_In VALUES (1203, '2025-09-03', 'MZ78BA2067', 'Eesha Desai', '7527767616', 'Pack', 17098);
INSERT INTO Security_Out VALUES (1203, '2025-09-03', 'MZ78BA2067', 'Chokshi-Mitter', 'Eesha Desai', '7527767616', 'Pack', 17098);
INSERT INTO Weighbridge (Gatepass_No, Truck_Type, Weight_In, Weight_Out, In_Time, Out_Time) VALUES (1203, 'Pack', 21250, 21008, '2025-09-08 11:46', '2025-09-08 12:46');
INSERT INTO Loading (Truck_Type, Cylinder_Type, Gatepass_No) VALUES ('Pack', '47kg', 1203);
INSERT INTO Unloading (Vehicle_Number, Truck_Type, Cylinder_Type, Capsule1_MT, Capsule2_MT, Capsule3_MT, Gatepass_No) VALUES ('MZ78BA2067', 'Pack', '47kg', NULL, NULL, NULL, 1203);
INSERT INTO Filling_Center (Cylinder_Type, Leakage_Test, Cap_Check, Manual_Test, Gatepass_No) VALUES ('19kg', 1, 0, 1, 1203);
INSERT INTO Security_In VALUES (1204, '2025-09-06', 'AP50CR4201', 'Eta Andra', '7773937739', 'Bullet', 12784);
INSERT INTO Security_Out VALUES (1204, '2025-09-06', 'AP50CR4201', 'Badami, Ramanathan and Shroff', 'Eta Andra', '7773937739', 'Bullet', 12784);
INSERT INTO Weighbridge (Gatepass_No, Truck_Type, Weight_In, Weight_Out, In_Time, Out_Time) VALUES (1204, 'Bullet', 14888, 14476, '2025-08-06 13:08', '2025-08-06 16:08');
INSERT INTO Unloading (Vehicle_Number, Truck_Type, Cylinder_Type, Capsule1_MT, Capsule2_MT, Capsule3_MT, Gatepass_No) VALUES ('AP50CR4201', 'Bullet', NULL, 8.94, 9.93, 9.94, 1204);
INSERT INTO Filling_Center (Cylinder_Type, Leakage_Test, Cap_Check, Manual_Test, Gatepass_No) VALUES ('47kg', 0, 0, 1, 1204);
INSERT INTO Security_In VALUES (1205, '2025-08-24', 'BR25DB7168', 'Aayush Dewan', '4009159787', 'Bullet', 14011);
INSERT INTO Security_Out VALUES (1205, '2025-08-24', 'BR25DB7168', 'Nagarajan-Mukhopadhyay', 'Aayush Dewan', '4009159787', 'Bullet', 14011);
INSERT INTO Weighbridge (Gatepass_No, Truck_Type, Weight_In, Weight_Out, In_Time, Out_Time) VALUES (1205, 'Bullet', 16971, 16702, '2025-08-16 05:22', '2025-08-16 06:22');
INSERT INTO Unloading (Vehicle_Number, Truck_Type, Cylinder_Type, Capsule1_MT, Capsule2_MT, Capsule3_MT, Gatepass_No) VALUES ('BR25DB7168', 'Bullet', NULL, 9.14, 6.51, 8.2, 1205);
INSERT INTO Filling_Center (Cylinder_Type, Leakage_Test, Cap_Check, Manual_Test, Gatepass_No) VALUES ('19kg', 1, 0, 1, 1205);
INSERT INTO Security_In VALUES (1206, '2025-09-02', 'MP26DR7372', 'Owen Shah', '7557827604', 'Pack', 4407);
INSERT INTO Security_Out VALUES (1206, '2025-09-02', 'MP26DR7372', 'Bhardwaj, Narula and Sarma', 'Owen Shah', '7557827604', 'Pack', 4407);
INSERT INTO Weighbridge (Gatepass_No, Truck_Type, Weight_In, Weight_Out, In_Time, Out_Time) VALUES (1206, 'Pack', 7592, 7477, '2025-08-18 04:11', '2025-08-18 07:11');
INSERT INTO Loading (Truck_Type, Cylinder_Type, Gatepass_No) VALUES ('Pack', '14kg', 1206);
INSERT INTO Unloading (Vehicle_Number, Truck_Type, Cylinder_Type, Capsule1_MT, Capsule2_MT, Capsule3_MT, Gatepass_No) VALUES ('MP26DR7372', 'Pack', '14kg', NULL, NULL, NULL, 1206);
INSERT INTO Filling_Center (Cylinder_Type, Leakage_Test, Cap_Check, Manual_Test, Gatepass_No) VALUES ('47kg', 1, 0, 0, 1206);
INSERT INTO Security_In VALUES (1207, '2025-08-03', 'TN47MO7687', 'Tejas Ranganathan', '4521093465', 'Bullet', 12165);
INSERT INTO Security_Out VALUES (1207, '2025-08-03', 'TN47MO7687', 'Krishnan-Shanker', 'Tejas Ranganathan', '4521093465', 'Bullet', 12165);
INSERT INTO Weighbridge (Gatepass_No, Truck_Type, Weight_In, Weight_Out, In_Time, Out_Time) VALUES (1207, 'Bullet', 13708, 13221, '2025-08-10 22:27', '2025-08-11 03:27');
INSERT INTO Unloading (Vehicle_Number, Truck_Type, Cylinder_Type, Capsule1_MT, Capsule2_MT, Capsule3_MT, Gatepass_No) VALUES ('TN47MO7687', 'Bullet', NULL, 8.8, 6.97, 9.74, 1207);
INSERT INTO Filling_Center (Cylinder_Type, Leakage_Test, Cap_Check, Manual_Test, Gatepass_No) VALUES ('19kg', 1, 0, 0, 1207);
INSERT INTO Security_In VALUES (1208, '2025-08-01', 'HR82VQ2653', 'Wahab Hans', '6205355515', 'Bullet', 6197);
INSERT INTO Security_Out VALUES (1208, '2025-08-01', 'HR82VQ2653', 'Viswanathan Inc', 'Wahab Hans', '6205355515', 'Bullet', 6197);
INSERT INTO Weighbridge (Gatepass_No, Truck_Type, Weight_In, Weight_Out, In_Time, Out_Time) VALUES (1208, 'Bullet', 10356, 10086, '2025-07-20 01:32', '2025-07-20 04:32');
INSERT INTO Unloading (Vehicle_Number, Truck_Type, Cylinder_Type, Capsule1_MT, Capsule2_MT, Capsule3_MT, Gatepass_No) VALUES ('HR82VQ2653', 'Bullet', NULL, 5.37, 6.26, 6.39, 1208);
INSERT INTO Filling_Center (Cylinder_Type, Leakage_Test, Cap_Check, Manual_Test, Gatepass_No) VALUES ('47kg', 1, 0, 0, 1208);
INSERT INTO Security_In VALUES (1209, '2025-08-26', 'ML47SH6308', 'Zaitra Loyal', '3218288440', 'Pack', 13334);
INSERT INTO Security_Out VALUES (1209, '2025-08-26', 'ML47SH6308', 'Hans-Bhavsar', 'Zaitra Loyal', '3218288440', 'Pack', 13334);
INSERT INTO Weighbridge (Gatepass_No, Truck_Type, Weight_In, Weight_Out, In_Time, Out_Time) VALUES (1209, 'Pack', 15654, 15298, '2025-08-21 16:28', '2025-08-21 19:28');
INSERT INTO Loading (Truck_Type, Cylinder_Type, Gatepass_No) VALUES ('Pack', '47kg', 1209);
INSERT INTO Unloading (Vehicle_Number, Truck_Type, Cylinder_Type, Capsule1_MT, Capsule2_MT, Capsule3_MT, Gatepass_No) VALUES ('ML47SH6308', 'Pack', '47kg', NULL, NULL, NULL, 1209);
INSERT INTO Filling_Center (Cylinder_Type, Leakage_Test, Cap_Check, Manual_Test, Gatepass_No) VALUES ('10kg', 0, 1, 0, 1209);
INSERT INTO Security_In VALUES (1210, '2025-08-22', 'RJ82TS8649', 'Vasana Mukherjee', '8037370311', 'Pack', 8632);
INSERT INTO Security_Out VALUES (1210, '2025-08-22', 'RJ82TS8649', 'Savant, Mallick and Kala', 'Vasana Mukherjee', '8037370311', 'Pack', 8632);
INSERT INTO Weighbridge (Gatepass_No, Truck_Type, Weight_In, Weight_Out, In_Time, Out_Time) VALUES (1210, 'Pack', 10073, 9686, '2025-08-30 17:32', '2025-08-30 22:32');
INSERT INTO Loading (Truck_Type, Cylinder_Type, Gatepass_No) VALUES ('Pack', '47kg', 1210);
INSERT INTO Unloading (Vehicle_Number, Truck_Type, Cylinder_Type, Capsule1_MT, Capsule2_MT, Capsule3_MT, Gatepass_No) VALUES ('RJ82TS8649', 'Pack', '47kg', NULL, NULL, NULL, 1210);
INSERT INTO Filling_Center (Cylinder_Type, Leakage_Test, Cap_Check, Manual_Test, Gatepass_No) VALUES ('47kg', 0, 1, 1, 1210);
INSERT INTO Security_In VALUES (1211, '2025-09-14', 'ML12KQ5059', 'Krish Chaudhari', '2248830766', 'Pack', 5672);
INSERT INTO Security_Out VALUES (1211, '2025-09-14', 'ML12KQ5059', 'Bora-Badami', 'Krish Chaudhari', '2248830766', 'Pack', 5672);
INSERT INTO Weighbridge (Gatepass_No, Truck_Type, Weight_In, Weight_Out, In_Time, Out_Time) VALUES (1211, 'Pack', 8632, 8138, '2025-08-11 09:30', '2025-08-11 10:30');
INSERT INTO Loading (Truck_Type, Cylinder_Type, Gatepass_No) VALUES ('Pack', '47kg', 1211);
INSERT INTO Unloading (Vehicle_Number, Truck_Type, Cylinder_Type, Capsule1_MT, Capsule2_MT, Capsule3_MT, Gatepass_No) VALUES ('ML12KQ5059', 'Pack', '47kg', NULL, NULL, NULL, 1211);
INSERT INTO Filling_Center (Cylinder_Type, Leakage_Test, Cap_Check, Manual_Test, Gatepass_No) VALUES ('14.5kg', 1, 1, 1, 1211);
INSERT INTO Security_In VALUES (1212, '2025-09-11', 'TN89SM6159', 'Darika Srivastava', '4304380713', 'Bullet', 13493);
INSERT INTO Security_Out VALUES (1212, '2025-09-11', 'TN89SM6159', 'Sarma-Amble', 'Darika Srivastava', '4304380713', 'Bullet', 13493);
INSERT INTO Weighbridge (Gatepass_No, Truck_Type, Weight_In, Weight_Out, In_Time, Out_Time) VALUES (1212, 'Bullet', 16888, 16503, '2025-07-26 22:40', '2025-07-27 03:40');
INSERT INTO Unloading (Vehicle_Number, Truck_Type, Cylinder_Type, Capsule1_MT, Capsule2_MT, Capsule3_MT, Gatepass_No) VALUES ('TN89SM6159', 'Bullet', NULL, 5.31, 5.43, 6.5, 1212);
INSERT INTO Filling_Center (Cylinder_Type, Leakage_Test, Cap_Check, Manual_Test, Gatepass_No) VALUES ('14.5kg', 0, 1, 0, 1212);
INSERT INTO Security_In VALUES (1213, '2025-07-25', 'MP76JP5541', 'Wakeeta Khatri', '2616104323', 'Pack', 2837);
INSERT INTO Security_Out VALUES (1213, '2025-07-25', 'MP76JP5541', 'Chaudhuri and Sons', 'Wakeeta Khatri', '2616104323', 'Pack', 2837);
INSERT INTO Weighbridge (Gatepass_No, Truck_Type, Weight_In, Weight_Out, In_Time, Out_Time) VALUES (1213, 'Pack', 4408, 4017, '2025-08-16 15:14', '2025-08-16 20:14');
INSERT INTO Loading (Truck_Type, Cylinder_Type, Gatepass_No) VALUES ('Pack', '19kg', 1213);
INSERT INTO Unloading (Vehicle_Number, Truck_Type, Cylinder_Type, Capsule1_MT, Capsule2_MT, Capsule3_MT, Gatepass_No) VALUES ('MP76JP5541', 'Pack', '19kg', NULL, NULL, NULL, 1213);
INSERT INTO Filling_Center (Cylinder_Type, Leakage_Test, Cap_Check, Manual_Test, Gatepass_No) VALUES ('19kg', 1, 0, 1, 1213);
INSERT INTO Security_In VALUES (1214, '2025-09-07', 'RJ12DL4425', 'Leena Seshadri', '5722868233', 'Pack', 17303);
INSERT INTO Security_Out VALUES (1214, '2025-09-07', 'RJ12DL4425', 'Balasubramanian-Rama', 'Leena Seshadri', '5722868233', 'Pack', 17303);
INSERT INTO Weighbridge (Gatepass_No, Truck_Type, Weight_In, Weight_Out, In_Time, Out_Time) VALUES (1214, 'Pack', 20310, 20166, '2025-07-28 13:57', '2025-07-28 14:57');
INSERT INTO Loading (Truck_Type, Cylinder_Type, Gatepass_No) VALUES ('Pack', '14kg', 1214);
INSERT INTO Unloading (Vehicle_Number, Truck_Type, Cylinder_Type, Capsule1_MT, Capsule2_MT, Capsule3_MT, Gatepass_No) VALUES ('RJ12DL4425', 'Pack', '14kg', NULL, NULL, NULL, 1214);
INSERT INTO Filling_Center (Cylinder_Type, Leakage_Test, Cap_Check, Manual_Test, Gatepass_No) VALUES ('5kg', 0, 0, 0, 1214);
INSERT INTO Security_In VALUES (1215, '2025-09-04', 'MZ52YO6905', 'Jacob Sundaram', '0827932957', 'Bullet', 19159);
INSERT INTO Security_Out VALUES (1215, '2025-09-04', 'MZ52YO6905', 'Pal and Sons', 'Jacob Sundaram', '0827932957', 'Bullet', 19159);
INSERT INTO Weighbridge (Gatepass_No, Truck_Type, Weight_In, Weight_Out, In_Time, Out_Time) VALUES (1215, 'Bullet', 21896, 21614, '2025-09-15 22:22', '2025-09-16 00:22');
INSERT INTO Unloading (Vehicle_Number, Truck_Type, Cylinder_Type, Capsule1_MT, Capsule2_MT, Capsule3_MT, Gatepass_No) VALUES ('MZ52YO6905', 'Bullet', NULL, 7.8, 6.16, 8.0, 1215);
INSERT INTO Filling_Center (Cylinder_Type, Leakage_Test, Cap_Check, Manual_Test, Gatepass_No) VALUES ('47kg', 0, 0, 0, 1215);
INSERT INTO Security_In VALUES (1216, '2025-08-02', 'NL73LI3528', 'Finn Chaudhari', '1398200890', 'Pack', 9040);
INSERT INTO Security_Out VALUES (1216, '2025-08-02', 'NL73LI3528', 'Om, Sachar and Varkey', 'Finn Chaudhari', '1398200890', 'Pack', 9040);
INSERT INTO Weighbridge (Gatepass_No, Truck_Type, Weight_In, Weight_Out, In_Time, Out_Time) VALUES (1216, 'Pack', 11379, 11252, '2025-07-21 04:36', '2025-07-21 05:36');
INSERT INTO Loading (Truck_Type, Cylinder_Type, Gatepass_No) VALUES ('Pack', '47kg', 1216);
INSERT INTO Unloading (Vehicle_Number, Truck_Type, Cylinder_Type, Capsule1_MT, Capsule2_MT, Capsule3_MT, Gatepass_No) VALUES ('NL73LI3528', 'Pack', '47kg', NULL, NULL, NULL, 1216);
INSERT INTO Filling_Center (Cylinder_Type, Leakage_Test, Cap_Check, Manual_Test, Gatepass_No) VALUES ('19kg', 1, 1, 0, 1216);
INSERT INTO Security_In VALUES (1217, '2025-08-31', 'WB38PO9094', 'Gabriel Konda', '7965837250', 'Pack', 12051);
INSERT INTO Security_Out VALUES (1217, '2025-08-31', 'WB38PO9094', 'Rege-Kumar', 'Gabriel Konda', '7965837250', 'Pack', 12051);
INSERT INTO Weighbridge (Gatepass_No, Truck_Type, Weight_In, Weight_Out, In_Time, Out_Time) VALUES (1217, 'Pack', 15722, 15580, '2025-09-10 11:11', '2025-09-10 15:11');
INSERT INTO Loading (Truck_Type, Cylinder_Type, Gatepass_No) VALUES ('Pack', '14kg', 1217);
INSERT INTO Unloading (Vehicle_Number, Truck_Type, Cylinder_Type, Capsule1_MT, Capsule2_MT, Capsule3_MT, Gatepass_No) VALUES ('WB38PO9094', 'Pack', '14kg', NULL, NULL, NULL, 1217);
INSERT INTO Filling_Center (Cylinder_Type, Leakage_Test, Cap_Check, Manual_Test, Gatepass_No) VALUES ('10kg', 0, 0, 0, 1217);
INSERT INTO Security_In VALUES (1218, '2025-09-11', 'ML41IF9558', 'Ridhi Mital', '7176421470', 'Bullet', 10956);
INSERT INTO Security_Out VALUES (1218, '2025-09-11', 'ML41IF9558', 'Behl-Setty', 'Ridhi Mital', '7176421470', 'Bullet', 10956);
INSERT INTO Weighbridge (Gatepass_No, Truck_Type, Weight_In, Weight_Out, In_Time, Out_Time) VALUES (1218, 'Bullet', 12522, 12337, '2025-09-02 08:14', '2025-09-02 11:14');
INSERT INTO Unloading (Vehicle_Number, Truck_Type, Cylinder_Type, Capsule1_MT, Capsule2_MT, Capsule3_MT, Gatepass_No) VALUES ('ML41IF9558', 'Bullet', NULL, 8.94, 6.01, 8.92, 1218);
INSERT INTO Filling_Center (Cylinder_Type, Leakage_Test, Cap_Check, Manual_Test, Gatepass_No) VALUES ('10kg', 0, 1, 1, 1218);
INSERT INTO Security_In VALUES (1219, '2025-09-09', 'WB43YN1046', 'Samesh Majumdar', '9642781600', 'Bullet', 531);
INSERT INTO Security_Out VALUES (1219, '2025-09-09', 'WB43YN1046', 'Choudhury-Chaudhuri', 'Samesh Majumdar', '9642781600', 'Bullet', 531);
INSERT INTO Weighbridge (Gatepass_No, Truck_Type, Weight_In, Weight_Out, In_Time, Out_Time) VALUES (1219, 'Bullet', 1657, 1295, '2025-08-05 04:18', '2025-08-05 06:18');
INSERT INTO Unloading (Vehicle_Number, Truck_Type, Cylinder_Type, Capsule1_MT, Capsule2_MT, Capsule3_MT, Gatepass_No) VALUES ('WB43YN1046', 'Bullet', NULL, 6.24, 9.95, 6.34, 1219);
INSERT INTO Filling_Center (Cylinder_Type, Leakage_Test, Cap_Check, Manual_Test, Gatepass_No) VALUES ('47kg', 1, 0, 1, 1219);
INSERT INTO Security_In VALUES (1220, '2025-08-26', 'JH86PC2441', 'Xiti Karan', '8587776181', 'Pack', 8738);
INSERT INTO Security_Out VALUES (1220, '2025-08-26', 'JH86PC2441', 'Bhatti-Chada', 'Xiti Karan', '8587776181', 'Pack', 8738);
INSERT INTO Weighbridge (Gatepass_No, Truck_Type, Weight_In, Weight_Out, In_Time, Out_Time) VALUES (1220, 'Pack', 10030, 9706, '2025-07-20 17:20', '2025-07-20 22:20');
INSERT INTO Loading (Truck_Type, Cylinder_Type, Gatepass_No) VALUES ('Pack', '19kg', 1220);
INSERT INTO Unloading (Vehicle_Number, Truck_Type, Cylinder_Type, Capsule1_MT, Capsule2_MT, Capsule3_MT, Gatepass_No) VALUES ('JH86PC2441', 'Pack', '19kg', NULL, NULL, NULL, 1220);
INSERT INTO Filling_Center (Cylinder_Type, Leakage_Test, Cap_Check, Manual_Test, Gatepass_No) VALUES ('10kg', 0, 1, 0, 1220);
INSERT INTO Security_In VALUES (1221, '2025-08-05', 'MN82NG1248', 'Manthan Gandhi', '5217922911', 'Bullet', 16279);
INSERT INTO Security_Out VALUES (1221, '2025-08-05', 'MN82NG1248', 'Pall, Biswas and Chandran', 'Manthan Gandhi', '5217922911', 'Bullet', 16279);
INSERT INTO Weighbridge (Gatepass_No, Truck_Type, Weight_In, Weight_Out, In_Time, Out_Time) VALUES (1221, 'Bullet', 19713, 19226, '2025-07-29 16:24', '2025-07-29 17:24');
INSERT INTO Unloading (Vehicle_Number, Truck_Type, Cylinder_Type, Capsule1_MT, Capsule2_MT, Capsule3_MT, Gatepass_No) VALUES ('MN82NG1248', 'Bullet', NULL, 8.2, 9.56, 9.47, 1221);
INSERT INTO Filling_Center (Cylinder_Type, Leakage_Test, Cap_Check, Manual_Test, Gatepass_No) VALUES ('19kg', 1, 1, 0, 1221);
INSERT INTO Security_In VALUES (1222, '2025-09-12', 'HP54MU1690', 'Abhimanyu Kalla', '8010187083', 'Bullet', 7693);
INSERT INTO Security_Out VALUES (1222, '2025-09-12', 'HP54MU1690', 'Deshpande, Chada and Raj', 'Abhimanyu Kalla', '8010187083', 'Bullet', 7693);
INSERT INTO Weighbridge (Gatepass_No, Truck_Type, Weight_In, Weight_Out, In_Time, Out_Time) VALUES (1222, 'Bullet', 11536, 11436, '2025-07-21 19:34', '2025-07-21 21:34');
INSERT INTO Unloading (Vehicle_Number, Truck_Type, Cylinder_Type, Capsule1_MT, Capsule2_MT, Capsule3_MT, Gatepass_No) VALUES ('HP54MU1690', 'Bullet', NULL, 6.2, 7.59, 8.06, 1222);
INSERT INTO Filling_Center (Cylinder_Type, Leakage_Test, Cap_Check, Manual_Test, Gatepass_No) VALUES ('14.5kg', 1, 0, 1, 1222);
INSERT INTO Security_In VALUES (1223, '2025-08-31', 'WB13CJ3092', 'Tanay Sheth', '6459454920', 'Pack', 10951);
INSERT INTO Security_Out VALUES (1223, '2025-08-31', 'WB13CJ3092', 'Mohan and Sons', 'Tanay Sheth', '6459454920', 'Pack', 10951);
INSERT INTO Weighbridge (Gatepass_No, Truck_Type, Weight_In, Weight_Out, In_Time, Out_Time) VALUES (1223, 'Pack', 15782, 15404, '2025-08-17 15:50', '2025-08-17 16:50');
INSERT INTO Loading (Truck_Type, Cylinder_Type, Gatepass_No) VALUES ('Pack', '19kg', 1223);
INSERT INTO Unloading (Vehicle_Number, Truck_Type, Cylinder_Type, Capsule1_MT, Capsule2_MT, Capsule3_MT, Gatepass_No) VALUES ('WB13CJ3092', 'Pack', '19kg', NULL, NULL, NULL, 1223);
INSERT INTO Filling_Center (Cylinder_Type, Leakage_Test, Cap_Check, Manual_Test, Gatepass_No) VALUES ('10kg', 1, 1, 0, 1223);
INSERT INTO Security_In VALUES (1224, '2025-09-01', 'MH46VG7616', 'Lohit Vala', '6381089363', 'Bullet', 7397);
INSERT INTO Security_Out VALUES (1224, '2025-09-01', 'MH46VG7616', 'Chandran LLC', 'Lohit Vala', '6381089363', 'Bullet', 7397);
INSERT INTO Weighbridge (Gatepass_No, Truck_Type, Weight_In, Weight_Out, In_Time, Out_Time) VALUES (1224, 'Bullet', 11060, 10663, '2025-09-12 11:07', '2025-09-12 12:07');
INSERT INTO Unloading (Vehicle_Number, Truck_Type, Cylinder_Type, Capsule1_MT, Capsule2_MT, Capsule3_MT, Gatepass_No) VALUES ('MH46VG7616', 'Bullet', NULL, 5.4, 5.84, 9.43, 1224);
INSERT INTO Filling_Center (Cylinder_Type, Leakage_Test, Cap_Check, Manual_Test, Gatepass_No) VALUES ('14.5kg', 1, 0, 1, 1224);
INSERT INTO Security_In VALUES (1225, '2025-07-22', 'OD16AJ1704', 'Zarna Sane', '6114221107', 'Pack', 3465);
INSERT INTO Security_Out VALUES (1225, '2025-07-22', 'OD16AJ1704', 'Garg, Handa and Rege', 'Zarna Sane', '6114221107', 'Pack', 3465);
INSERT INTO Weighbridge (Gatepass_No, Truck_Type, Weight_In, Weight_Out, In_Time, Out_Time) VALUES (1225, 'Pack', 6670, 6312, '2025-09-02 21:56', '2025-09-03 00:56');
INSERT INTO Loading (Truck_Type, Cylinder_Type, Gatepass_No) VALUES ('Pack', '47kg', 1225);
INSERT INTO Unloading (Vehicle_Number, Truck_Type, Cylinder_Type, Capsule1_MT, Capsule2_MT, Capsule3_MT, Gatepass_No) VALUES ('OD16AJ1704', 'Pack', '47kg', NULL, NULL, NULL, 1225);
INSERT INTO Filling_Center (Cylinder_Type, Leakage_Test, Cap_Check, Manual_Test, Gatepass_No) VALUES ('14.5kg', 1, 0, 1, 1225);
INSERT INTO Security_In VALUES (1226, '2025-09-11', 'UK79ZS6048', 'Kavya Dara', '6310895706', 'Pack', 16314);
INSERT INTO Security_Out VALUES (1226, '2025-09-11', 'UK79ZS6048', 'Muni and Sons', 'Kavya Dara', '6310895706', 'Pack', 16314);
INSERT INTO Weighbridge (Gatepass_No, Truck_Type, Weight_In, Weight_Out, In_Time, Out_Time) VALUES (1226, 'Pack', 20739, 20486, '2025-08-12 05:08', '2025-08-12 07:08');
INSERT INTO Loading (Truck_Type, Cylinder_Type, Gatepass_No) VALUES ('Pack', '47kg', 1226);
INSERT INTO Unloading (Vehicle_Number, Truck_Type, Cylinder_Type, Capsule1_MT, Capsule2_MT, Capsule3_MT, Gatepass_No) VALUES ('UK79ZS6048', 'Pack', '47kg', NULL, NULL, NULL, 1226);
INSERT INTO Filling_Center (Cylinder_Type, Leakage_Test, Cap_Check, Manual_Test, Gatepass_No) VALUES ('5kg', 0, 0, 0, 1226);
INSERT INTO Security_In VALUES (1227, '2025-09-04', 'UP62MX2110', 'Gagan Morar', '6579466556', 'Bullet', 17530);
INSERT INTO Security_Out VALUES (1227, '2025-09-04', 'UP62MX2110', 'Sami-Khatri', 'Gagan Morar', '6579466556', 'Bullet', 17530);
INSERT INTO Weighbridge (Gatepass_No, Truck_Type, Weight_In, Weight_Out, In_Time, Out_Time) VALUES (1227, 'Bullet', 21699, 21224, '2025-08-08 12:27', '2025-08-08 17:27');
INSERT INTO Unloading (Vehicle_Number, Truck_Type, Cylinder_Type, Capsule1_MT, Capsule2_MT, Capsule3_MT, Gatepass_No) VALUES ('UP62MX2110', 'Bullet', NULL, 6.27, 7.46, 9.01, 1227);
INSERT INTO Filling_Center (Cylinder_Type, Leakage_Test, Cap_Check, Manual_Test, Gatepass_No) VALUES ('14.5kg', 1, 1, 0, 1227);
INSERT INTO Security_In VALUES (1228, '2025-08-21', 'AS65YB6799', 'Garima Desai', '3693181218', 'Pack', 11110);
INSERT INTO Security_Out VALUES (1228, '2025-08-21', 'AS65YB6799', 'Bose, Balakrishnan and Grewal', 'Garima Desai', '3693181218', 'Pack', 11110);
INSERT INTO Weighbridge (Gatepass_No, Truck_Type, Weight_In, Weight_Out, In_Time, Out_Time) VALUES (1228, 'Pack', 15625, 15297, '2025-09-07 22:58', '2025-09-08 03:58');
INSERT INTO Loading (Truck_Type, Cylinder_Type, Gatepass_No) VALUES ('Pack', '47kg', 1228);
INSERT INTO Unloading (Vehicle_Number, Truck_Type, Cylinder_Type, Capsule1_MT, Capsule2_MT, Capsule3_MT, Gatepass_No) VALUES ('AS65YB6799', 'Pack', '47kg', NULL, NULL, NULL, 1228);
INSERT INTO Filling_Center (Cylinder_Type, Leakage_Test, Cap_Check, Manual_Test, Gatepass_No) VALUES ('19kg', 1, 1, 0, 1228);
INSERT INTO Security_In VALUES (1229, '2025-07-19', 'TR78TD6510', 'Ekapad Mohanty', '8393938800', 'Pack', 1633);
INSERT INTO Security_Out VALUES (1229, '2025-07-19', 'TR78TD6510', 'Bal Group', 'Ekapad Mohanty', '8393938800', 'Pack', 1633);
INSERT INTO Weighbridge (Gatepass_No, Truck_Type, Weight_In, Weight_Out, In_Time, Out_Time) VALUES (1229, 'Pack', 5484, 5006, '2025-09-14 12:36', '2025-09-14 15:36');
INSERT INTO Loading (Truck_Type, Cylinder_Type, Gatepass_No) VALUES ('Pack', '14kg', 1229);
INSERT INTO Unloading (Vehicle_Number, Truck_Type, Cylinder_Type, Capsule1_MT, Capsule2_MT, Capsule3_MT, Gatepass_No) VALUES ('TR78TD6510', 'Pack', '14kg', NULL, NULL, NULL, 1229);
INSERT INTO Filling_Center (Cylinder_Type, Leakage_Test, Cap_Check, Manual_Test, Gatepass_No) VALUES ('10kg', 1, 1, 0, 1229);
INSERT INTO Security_In VALUES (1230, '2025-07-21', 'UP28ZY8265', 'Victor Salvi', '6631548668', 'Bullet', 1596);
INSERT INTO Security_Out VALUES (1230, '2025-07-21', 'UP28ZY8265', 'Yogi-Arya', 'Victor Salvi', '6631548668', 'Bullet', 1596);
INSERT INTO Weighbridge (Gatepass_No, Truck_Type, Weight_In, Weight_Out, In_Time, Out_Time) VALUES (1230, 'Bullet', 3192, 2892, '2025-07-22 08:24', '2025-07-22 10:24');
INSERT INTO Unloading (Vehicle_Number, Truck_Type, Cylinder_Type, Capsule1_MT, Capsule2_MT, Capsule3_MT, Gatepass_No) VALUES ('UP28ZY8265', 'Bullet', NULL, 7.13, 5.16, 6.04, 1230);
INSERT INTO Filling_Center (Cylinder_Type, Leakage_Test, Cap_Check, Manual_Test, Gatepass_No) VALUES ('10kg', 0, 1, 0, 1230);
INSERT INTO Security_In VALUES (1231, '2025-08-05', 'NL32DE7987', 'Leela Lalla', '7000032732', 'Bullet', 11609);
INSERT INTO Security_Out VALUES (1231, '2025-08-05', 'NL32DE7987', 'Mittal, Vohra and Sawhney', 'Leela Lalla', '7000032732', 'Bullet', 11609);
INSERT INTO Weighbridge (Gatepass_No, Truck_Type, Weight_In, Weight_Out, In_Time, Out_Time) VALUES (1231, 'Bullet', 13024, 12606, '2025-08-07 13:14', '2025-08-07 17:14');
INSERT INTO Unloading (Vehicle_Number, Truck_Type, Cylinder_Type, Capsule1_MT, Capsule2_MT, Capsule3_MT, Gatepass_No) VALUES ('NL32DE7987', 'Bullet', NULL, 5.07, 7.08, 8.35, 1231);
INSERT INTO Filling_Center (Cylinder_Type, Leakage_Test, Cap_Check, Manual_Test, Gatepass_No) VALUES ('19kg', 1, 1, 0, 1231);
INSERT INTO Security_In VALUES (1232, '2025-09-06', 'JH25AD1618', 'Darika Samra', '8799810860', 'Pack', 5432);
INSERT INTO Security_Out VALUES (1232, '2025-09-06', 'JH25AD1618', 'Nagy-Dewan', 'Darika Samra', '8799810860', 'Pack', 5432);
INSERT INTO Weighbridge (Gatepass_No, Truck_Type, Weight_In, Weight_Out, In_Time, Out_Time) VALUES (1232, 'Pack', 7702, 7234, '2025-08-09 19:08', '2025-08-09 22:08');
INSERT INTO Loading (Truck_Type, Cylinder_Type, Gatepass_No) VALUES ('Pack', '14kg', 1232);
INSERT INTO Unloading (Vehicle_Number, Truck_Type, Cylinder_Type, Capsule1_MT, Capsule2_MT, Capsule3_MT, Gatepass_No) VALUES ('JH25AD1618', 'Pack', '14kg', NULL, NULL, NULL, 1232);
INSERT INTO Filling_Center (Cylinder_Type, Leakage_Test, Cap_Check, Manual_Test, Gatepass_No) VALUES ('47kg', 0, 1, 0, 1232);
INSERT INTO Security_In VALUES (1233, '2025-08-29', 'MH16VN9359', 'Garima Loke', '7487865212', 'Pack', 18966);
INSERT INTO Security_Out VALUES (1233, '2025-08-29', 'MH16VN9359', 'Patel Ltd', 'Garima Loke', '7487865212', 'Pack', 18966);
INSERT INTO Weighbridge (Gatepass_No, Truck_Type, Weight_In, Weight_Out, In_Time, Out_Time) VALUES (1233, 'Pack', 23793, 23442, '2025-08-27 23:32', '2025-08-28 01:32');
INSERT INTO Loading (Truck_Type, Cylinder_Type, Gatepass_No) VALUES ('Pack', '47kg', 1233);
INSERT INTO Unloading (Vehicle_Number, Truck_Type, Cylinder_Type, Capsule1_MT, Capsule2_MT, Capsule3_MT, Gatepass_No) VALUES ('MH16VN9359', 'Pack', '47kg', NULL, NULL, NULL, 1233);
INSERT INTO Filling_Center (Cylinder_Type, Leakage_Test, Cap_Check, Manual_Test, Gatepass_No) VALUES ('19kg', 0, 0, 1, 1233);
INSERT INTO Security_In VALUES (1234, '2025-09-14', 'TR41NF5227', 'Hema Pandey', '2298327848', 'Pack', 17139);
INSERT INTO Security_Out VALUES (1234, '2025-09-14', 'TR41NF5227', 'Mittal LLC', 'Hema Pandey', '2298327848', 'Pack', 17139);
INSERT INTO Weighbridge (Gatepass_No, Truck_Type, Weight_In, Weight_Out, In_Time, Out_Time) VALUES (1234, 'Pack', 21491, 21098, '2025-09-06 10:53', '2025-09-06 13:53');
INSERT INTO Loading (Truck_Type, Cylinder_Type, Gatepass_No) VALUES ('Pack', '14kg', 1234);
INSERT INTO Unloading (Vehicle_Number, Truck_Type, Cylinder_Type, Capsule1_MT, Capsule2_MT, Capsule3_MT, Gatepass_No) VALUES ('TR41NF5227', 'Pack', '14kg', NULL, NULL, NULL, 1234);
INSERT INTO Filling_Center (Cylinder_Type, Leakage_Test, Cap_Check, Manual_Test, Gatepass_No) VALUES ('19kg', 1, 0, 1, 1234);
INSERT INTO Security_In VALUES (1235, '2025-07-19', 'HR41ZK5635', 'Theodore Bose', '1348736693', 'Pack', 11846);
INSERT INTO Security_Out VALUES (1235, '2025-07-19', 'HR41ZK5635', 'Chahal-Saran', 'Theodore Bose', '1348736693', 'Pack', 11846);
INSERT INTO Weighbridge (Gatepass_No, Truck_Type, Weight_In, Weight_Out, In_Time, Out_Time) VALUES (1235, 'Pack', 15727, 15621, '2025-07-29 03:13', '2025-07-29 06:13');
INSERT INTO Loading (Truck_Type, Cylinder_Type, Gatepass_No) VALUES ('Pack', '47kg', 1235);
INSERT INTO Unloading (Vehicle_Number, Truck_Type, Cylinder_Type, Capsule1_MT, Capsule2_MT, Capsule3_MT, Gatepass_No) VALUES ('HR41ZK5635', 'Pack', '47kg', NULL, NULL, NULL, 1235);
INSERT INTO Filling_Center (Cylinder_Type, Leakage_Test, Cap_Check, Manual_Test, Gatepass_No) VALUES ('47kg', 0, 0, 1, 1235);
INSERT INTO Security_In VALUES (1236, '2025-07-18', 'WB34TW8209', 'Harinakshi Vasa', '2533991235', 'Pack', 16388);
INSERT INTO Security_Out VALUES (1236, '2025-07-18', 'WB34TW8209', 'Bahl-Bakshi', 'Harinakshi Vasa', '2533991235', 'Pack', 16388);
INSERT INTO Weighbridge (Gatepass_No, Truck_Type, Weight_In, Weight_Out, In_Time, Out_Time) VALUES (1236, 'Pack', 17419, 17057, '2025-07-29 18:39', '2025-07-29 19:39');
INSERT INTO Loading (Truck_Type, Cylinder_Type, Gatepass_No) VALUES ('Pack', '14kg', 1236);
INSERT INTO Unloading (Vehicle_Number, Truck_Type, Cylinder_Type, Capsule1_MT, Capsule2_MT, Capsule3_MT, Gatepass_No) VALUES ('WB34TW8209', 'Pack', '14kg', NULL, NULL, NULL, 1236);
INSERT INTO Filling_Center (Cylinder_Type, Leakage_Test, Cap_Check, Manual_Test, Gatepass_No) VALUES ('5kg', 0, 1, 1, 1236);
INSERT INTO Security_In VALUES (1237, '2025-08-17', 'OD98GU3192', 'Sai Bali', '9136671977', 'Bullet', 6148);
INSERT INTO Security_Out VALUES (1237, '2025-08-17', 'OD98GU3192', 'Deol and Sons', 'Sai Bali', '9136671977', 'Bullet', 6148);
INSERT INTO Weighbridge (Gatepass_No, Truck_Type, Weight_In, Weight_Out, In_Time, Out_Time) VALUES (1237, 'Bullet', 10644, 10423, '2025-08-05 19:05', '2025-08-05 22:05');
INSERT INTO Unloading (Vehicle_Number, Truck_Type, Cylinder_Type, Capsule1_MT, Capsule2_MT, Capsule3_MT, Gatepass_No) VALUES ('OD98GU3192', 'Bullet', NULL, 6.22, 8.05, 7.27, 1237);
INSERT INTO Filling_Center (Cylinder_Type, Leakage_Test, Cap_Check, Manual_Test, Gatepass_No) VALUES ('5kg', 1, 0, 0, 1237);
INSERT INTO Security_In VALUES (1238, '2025-09-09', 'MZ45SS5089', 'Vihaan Gandhi', '1444820644', 'Bullet', 9220);
INSERT INTO Security_Out VALUES (1238, '2025-09-09', 'MZ45SS5089', 'Memon-Mohanty', 'Vihaan Gandhi', '1444820644', 'Bullet', 9220);
INSERT INTO Weighbridge (Gatepass_No, Truck_Type, Weight_In, Weight_Out, In_Time, Out_Time) VALUES (1238, 'Bullet', 12665, 12257, '2025-08-30 09:08', '2025-08-30 14:08');
INSERT INTO Unloading (Vehicle_Number, Truck_Type, Cylinder_Type, Capsule1_MT, Capsule2_MT, Capsule3_MT, Gatepass_No) VALUES ('MZ45SS5089', 'Bullet', NULL, 6.49, 7.38, 8.33, 1238);
INSERT INTO Filling_Center (Cylinder_Type, Leakage_Test, Cap_Check, Manual_Test, Gatepass_No) VALUES ('5kg', 1, 0, 0, 1238);
INSERT INTO Security_In VALUES (1239, '2025-08-02', 'MH95ZN8180', 'Guneet Biswas', '4912046607', 'Pack', 3182);
INSERT INTO Security_Out VALUES (1239, '2025-08-02', 'MH95ZN8180', 'Sundaram-Kalla', 'Guneet Biswas', '4912046607', 'Pack', 3182);
INSERT INTO Weighbridge (Gatepass_No, Truck_Type, Weight_In, Weight_Out, In_Time, Out_Time) VALUES (1239, 'Pack', 6169, 5771, '2025-09-03 18:52', '2025-09-03 21:52');
INSERT INTO Loading (Truck_Type, Cylinder_Type, Gatepass_No) VALUES ('Pack', '47kg', 1239);
INSERT INTO Unloading (Vehicle_Number, Truck_Type, Cylinder_Type, Capsule1_MT, Capsule2_MT, Capsule3_MT, Gatepass_No) VALUES ('MH95ZN8180', 'Pack', '47kg', NULL, NULL, NULL, 1239);
INSERT INTO Filling_Center (Cylinder_Type, Leakage_Test, Cap_Check, Manual_Test, Gatepass_No) VALUES ('47kg', 0, 1, 1, 1239);
INSERT INTO Security_In VALUES (1240, '2025-08-12', 'MZ78VH9396', 'Jonathan Sama', '1752830984', 'Pack', 6575);
INSERT INTO Security_Out VALUES (1240, '2025-08-12', 'MZ78VH9396', 'Wadhwa-Dani', 'Jonathan Sama', '1752830984', 'Pack', 6575);
INSERT INTO Weighbridge (Gatepass_No, Truck_Type, Weight_In, Weight_Out, In_Time, Out_Time) VALUES (1240, 'Pack', 10561, 10360, '2025-08-06 08:42', '2025-08-06 10:42');
INSERT INTO Loading (Truck_Type, Cylinder_Type, Gatepass_No) VALUES ('Pack', '14kg', 1240);
INSERT INTO Unloading (Vehicle_Number, Truck_Type, Cylinder_Type, Capsule1_MT, Capsule2_MT, Capsule3_MT, Gatepass_No) VALUES ('MZ78VH9396', 'Pack', '14kg', NULL, NULL, NULL, 1240);
INSERT INTO Filling_Center (Cylinder_Type, Leakage_Test, Cap_Check, Manual_Test, Gatepass_No) VALUES ('19kg', 1, 1, 0, 1240);
INSERT INTO Security_In VALUES (1241, '2025-08-06', 'KL88GQ4949', 'Vyanjana Balasubramanian', '1477525580', 'Bullet', 13036);
INSERT INTO Security_Out VALUES (1241, '2025-08-06', 'KL88GQ4949', 'Suri Group', 'Vyanjana Balasubramanian', '1477525580', 'Bullet', 13036);
INSERT INTO Weighbridge (Gatepass_No, Truck_Type, Weight_In, Weight_Out, In_Time, Out_Time) VALUES (1241, 'Bullet', 17995, 17699, '2025-09-05 06:42', '2025-09-05 09:42');
INSERT INTO Unloading (Vehicle_Number, Truck_Type, Cylinder_Type, Capsule1_MT, Capsule2_MT, Capsule3_MT, Gatepass_No) VALUES ('KL88GQ4949', 'Bullet', NULL, 8.81, 8.99, 5.01, 1241);
INSERT INTO Filling_Center (Cylinder_Type, Leakage_Test, Cap_Check, Manual_Test, Gatepass_No) VALUES ('5kg', 1, 0, 1, 1241);
INSERT INTO Security_In VALUES (1242, '2025-09-07', 'OD83FN5436', 'Rushil Raval', '5969808117', 'Pack', 19028);
INSERT INTO Security_Out VALUES (1242, '2025-09-07', 'OD83FN5436', 'Zachariah, Choudhry and Kulkarni', 'Rushil Raval', '5969808117', 'Pack', 19028);
INSERT INTO Weighbridge (Gatepass_No, Truck_Type, Weight_In, Weight_Out, In_Time, Out_Time) VALUES (1242, 'Pack', 23315, 23051, '2025-08-24 17:34', '2025-08-24 21:34');
INSERT INTO Loading (Truck_Type, Cylinder_Type, Gatepass_No) VALUES ('Pack', '14kg', 1242);
INSERT INTO Unloading (Vehicle_Number, Truck_Type, Cylinder_Type, Capsule1_MT, Capsule2_MT, Capsule3_MT, Gatepass_No) VALUES ('OD83FN5436', 'Pack', '14kg', NULL, NULL, NULL, 1242);
INSERT INTO Filling_Center (Cylinder_Type, Leakage_Test, Cap_Check, Manual_Test, Gatepass_No) VALUES ('10kg', 1, 0, 1, 1242);
INSERT INTO Security_In VALUES (1243, '2025-09-05', 'NL22XJ4005', 'Pushti Krishna', '5088434816', 'Bullet', 18902);
INSERT INTO Security_Out VALUES (1243, '2025-09-05', 'NL22XJ4005', 'Keer and Sons', 'Pushti Krishna', '5088434816', 'Bullet', 18902);
INSERT INTO Weighbridge (Gatepass_No, Truck_Type, Weight_In, Weight_Out, In_Time, Out_Time) VALUES (1243, 'Bullet', 22901, 22488, '2025-09-13 14:07', '2025-09-13 17:07');
INSERT INTO Unloading (Vehicle_Number, Truck_Type, Cylinder_Type, Capsule1_MT, Capsule2_MT, Capsule3_MT, Gatepass_No) VALUES ('NL22XJ4005', 'Bullet', NULL, 9.58, 6.25, 9.15, 1243);
INSERT INTO Filling_Center (Cylinder_Type, Leakage_Test, Cap_Check, Manual_Test, Gatepass_No) VALUES ('19kg', 1, 0, 0, 1243);
INSERT INTO Security_In VALUES (1244, '2025-09-11', 'BR82SL5713', 'Nakul Date', '3640051620', 'Bullet', 12761);
INSERT INTO Security_Out VALUES (1244, '2025-09-11', 'BR82SL5713', 'Karan PLC', 'Nakul Date', '3640051620', 'Bullet', 12761);
INSERT INTO Weighbridge (Gatepass_No, Truck_Type, Weight_In, Weight_Out, In_Time, Out_Time) VALUES (1244, 'Bullet', 15710, 15573, '2025-09-02 11:51', '2025-09-02 13:51');
INSERT INTO Unloading (Vehicle_Number, Truck_Type, Cylinder_Type, Capsule1_MT, Capsule2_MT, Capsule3_MT, Gatepass_No) VALUES ('BR82SL5713', 'Bullet', NULL, 6.39, 5.05, 5.39, 1244);
INSERT INTO Filling_Center (Cylinder_Type, Leakage_Test, Cap_Check, Manual_Test, Gatepass_No) VALUES ('19kg', 0, 0, 0, 1244);
INSERT INTO Security_In VALUES (1245, '2025-08-31', 'GJ69AB9265', 'George Bala', '9012607070', 'Pack', 12513);
INSERT INTO Security_Out VALUES (1245, '2025-08-31', 'GJ69AB9265', 'Mistry-Saxena', 'George Bala', '9012607070', 'Pack', 12513);
INSERT INTO Weighbridge (Gatepass_No, Truck_Type, Weight_In, Weight_Out, In_Time, Out_Time) VALUES (1245, 'Pack', 17203, 16786, '2025-09-09 23:31', '2025-09-10 00:31');
INSERT INTO Loading (Truck_Type, Cylinder_Type, Gatepass_No) VALUES ('Pack', '47kg', 1245);
INSERT INTO Unloading (Vehicle_Number, Truck_Type, Cylinder_Type, Capsule1_MT, Capsule2_MT, Capsule3_MT, Gatepass_No) VALUES ('GJ69AB9265', 'Pack', '47kg', NULL, NULL, NULL, 1245);
INSERT INTO Filling_Center (Cylinder_Type, Leakage_Test, Cap_Check, Manual_Test, Gatepass_No) VALUES ('47kg', 0, 0, 0, 1245);
INSERT INTO Security_In VALUES (1246, '2025-08-12', 'CG36DJ9677', 'Lekha Pai', '2330514657', 'Pack', 11090);
INSERT INTO Security_Out VALUES (1246, '2025-08-12', 'CG36DJ9677', 'Loyal-Banerjee', 'Lekha Pai', '2330514657', 'Pack', 11090);
INSERT INTO Weighbridge (Gatepass_No, Truck_Type, Weight_In, Weight_Out, In_Time, Out_Time) VALUES (1246, 'Pack', 13739, 13599, '2025-08-30 17:40', '2025-08-30 21:40');
INSERT INTO Loading (Truck_Type, Cylinder_Type, Gatepass_No) VALUES ('Pack', '14kg', 1246);
INSERT INTO Unloading (Vehicle_Number, Truck_Type, Cylinder_Type, Capsule1_MT, Capsule2_MT, Capsule3_MT, Gatepass_No) VALUES ('CG36DJ9677', 'Pack', '14kg', NULL, NULL, NULL, 1246);
INSERT INTO Filling_Center (Cylinder_Type, Leakage_Test, Cap_Check, Manual_Test, Gatepass_No) VALUES ('5kg', 0, 1, 0, 1246);
INSERT INTO Security_In VALUES (1247, '2025-07-20', 'NL82OQ9459', 'Yug Palla', '4759094319', 'Bullet', 2188);
INSERT INTO Security_Out VALUES (1247, '2025-07-20', 'NL82OQ9459', 'Raju-Grewal', 'Yug Palla', '4759094319', 'Bullet', 2188);
INSERT INTO Weighbridge (Gatepass_No, Truck_Type, Weight_In, Weight_Out, In_Time, Out_Time) VALUES (1247, 'Bullet', 5552, 5203, '2025-09-07 06:35', '2025-09-07 11:35');
INSERT INTO Unloading (Vehicle_Number, Truck_Type, Cylinder_Type, Capsule1_MT, Capsule2_MT, Capsule3_MT, Gatepass_No) VALUES ('NL82OQ9459', 'Bullet', NULL, 9.52, 5.79, 6.45, 1247);
INSERT INTO Filling_Center (Cylinder_Type, Leakage_Test, Cap_Check, Manual_Test, Gatepass_No) VALUES ('19kg', 1, 1, 1, 1247);
INSERT INTO Security_In VALUES (1248, '2025-08-03', 'WB84KX8808', 'Abhimanyu Chandra', '4020948147', 'Bullet', 19776);
INSERT INTO Security_Out VALUES (1248, '2025-08-03', 'WB84KX8808', 'More, Sunder and Sathe', 'Abhimanyu Chandra', '4020948147', 'Bullet', 19776);
INSERT INTO Weighbridge (Gatepass_No, Truck_Type, Weight_In, Weight_Out, In_Time, Out_Time) VALUES (1248, 'Bullet', 21253, 20951, '2025-08-07 18:49', '2025-08-07 21:49');
INSERT INTO Unloading (Vehicle_Number, Truck_Type, Cylinder_Type, Capsule1_MT, Capsule2_MT, Capsule3_MT, Gatepass_No) VALUES ('WB84KX8808', 'Bullet', NULL, 5.73, 9.93, 9.5, 1248);
INSERT INTO Filling_Center (Cylinder_Type, Leakage_Test, Cap_Check, Manual_Test, Gatepass_No) VALUES ('19kg', 1, 1, 1, 1248);
INSERT INTO Security_In VALUES (1249, '2025-07-21', 'GA93JV9064', 'Yamini Chakraborty', '0242890207', 'Bullet', 8895);
INSERT INTO Security_Out VALUES (1249, '2025-07-21', 'GA93JV9064', 'Cherian Group', 'Yamini Chakraborty', '0242890207', 'Bullet', 8895);
INSERT INTO Weighbridge (Gatepass_No, Truck_Type, Weight_In, Weight_Out, In_Time, Out_Time) VALUES (1249, 'Bullet', 11086, 10676, '2025-08-25 03:56', '2025-08-25 08:56');
INSERT INTO Unloading (Vehicle_Number, Truck_Type, Cylinder_Type, Capsule1_MT, Capsule2_MT, Capsule3_MT, Gatepass_No) VALUES ('GA93JV9064', 'Bullet', NULL, 6.3, 5.61, 5.65, 1249);
INSERT INTO Filling_Center (Cylinder_Type, Leakage_Test, Cap_Check, Manual_Test, Gatepass_No) VALUES ('5kg', 1, 0, 1, 1249);
INSERT INTO Security_In VALUES (1250, '2025-08-29', 'UP35AH2187', 'Wridesh Sane', '4700098544', 'Bullet', 14780);
INSERT INTO Security_Out VALUES (1250, '2025-08-29', 'UP35AH2187', 'Sagar, Bala and Sama', 'Wridesh Sane', '4700098544', 'Bullet', 14780);
INSERT INTO Weighbridge (Gatepass_No, Truck_Type, Weight_In, Weight_Out, In_Time, Out_Time) VALUES (1250, 'Bullet', 15976, 15539, '2025-09-04 18:34', '2025-09-04 23:34');
INSERT INTO Unloading (Vehicle_Number, Truck_Type, Cylinder_Type, Capsule1_MT, Capsule2_MT, Capsule3_MT, Gatepass_No) VALUES ('UP35AH2187', 'Bullet', NULL, 8.74, 9.71, 7.91, 1250);
INSERT INTO Filling_Center (Cylinder_Type, Leakage_Test, Cap_Check, Manual_Test, Gatepass_No) VALUES ('5kg', 1, 0, 0, 1250);
INSERT INTO Security_In VALUES (1251, '2025-09-05', 'NL36BX7623', 'Sachi Batta', '1403376970', 'Bullet', 5278);
INSERT INTO Security_Out VALUES (1251, '2025-09-05', 'NL36BX7623', 'Parmer, Sarkar and Mand', 'Sachi Batta', '1403376970', 'Bullet', 5278);
INSERT INTO Weighbridge (Gatepass_No, Truck_Type, Weight_In, Weight_Out, In_Time, Out_Time) VALUES (1251, 'Bullet', 8918, 8491, '2025-08-04 15:34', '2025-08-04 19:34');
INSERT INTO Unloading (Vehicle_Number, Truck_Type, Cylinder_Type, Capsule1_MT, Capsule2_MT, Capsule3_MT, Gatepass_No) VALUES ('NL36BX7623', 'Bullet', NULL, 5.91, 9.85, 8.64, 1251);
INSERT INTO Filling_Center (Cylinder_Type, Leakage_Test, Cap_Check, Manual_Test, Gatepass_No) VALUES ('19kg', 0, 1, 0, 1251);
INSERT INTO Security_In VALUES (1252, '2025-08-21', 'JH18SK9619', 'Mitali Chhabra', '3092124513', 'Pack', 8872);
INSERT INTO Security_Out VALUES (1252, '2025-08-21', 'JH18SK9619', 'Nagarajan LLC', 'Mitali Chhabra', '3092124513', 'Pack', 8872);
INSERT INTO Weighbridge (Gatepass_No, Truck_Type, Weight_In, Weight_Out, In_Time, Out_Time) VALUES (1252, 'Pack', 9997, 9893, '2025-07-28 01:38', '2025-07-28 03:38');
INSERT INTO Loading (Truck_Type, Cylinder_Type, Gatepass_No) VALUES ('Pack', '14kg', 1252);
INSERT INTO Unloading (Vehicle_Number, Truck_Type, Cylinder_Type, Capsule1_MT, Capsule2_MT, Capsule3_MT, Gatepass_No) VALUES ('JH18SK9619', 'Pack', '14kg', NULL, NULL, NULL, 1252);
INSERT INTO Filling_Center (Cylinder_Type, Leakage_Test, Cap_Check, Manual_Test, Gatepass_No) VALUES ('19kg', 1, 0, 1, 1252);
INSERT INTO Security_In VALUES (1253, '2025-08-20', 'JH50BP3705', 'Januja Kadakia', '4974899984', 'Bullet', 811);
INSERT INTO Security_Out VALUES (1253, '2025-08-20', 'JH50BP3705', 'Badal-Lalla', 'Januja Kadakia', '4974899984', 'Bullet', 811);
INSERT INTO Weighbridge (Gatepass_No, Truck_Type, Weight_In, Weight_Out, In_Time, Out_Time) VALUES (1253, 'Bullet', 2697, 2411, '2025-09-07 12:31', '2025-09-07 15:31');
INSERT INTO Unloading (Vehicle_Number, Truck_Type, Cylinder_Type, Capsule1_MT, Capsule2_MT, Capsule3_MT, Gatepass_No) VALUES ('JH50BP3705', 'Bullet', NULL, 6.64, 7.39, 9.6, 1253);
INSERT INTO Filling_Center (Cylinder_Type, Leakage_Test, Cap_Check, Manual_Test, Gatepass_No) VALUES ('14.5kg', 0, 1, 1, 1253);
INSERT INTO Security_In VALUES (1254, '2025-07-27', 'AS39BC7641', 'Sathvik Pau', '8138805687', 'Pack', 3399);
INSERT INTO Security_Out VALUES (1254, '2025-07-27', 'AS39BC7641', 'Narang-Dalal', 'Sathvik Pau', '8138805687', 'Pack', 3399);
INSERT INTO Weighbridge (Gatepass_No, Truck_Type, Weight_In, Weight_Out, In_Time, Out_Time) VALUES (1254, 'Pack', 6300, 5943, '2025-07-31 18:26', '2025-07-31 20:26');
INSERT INTO Loading (Truck_Type, Cylinder_Type, Gatepass_No) VALUES ('Pack', '47kg', 1254);
INSERT INTO Unloading (Vehicle_Number, Truck_Type, Cylinder_Type, Capsule1_MT, Capsule2_MT, Capsule3_MT, Gatepass_No) VALUES ('AS39BC7641', 'Pack', '47kg', NULL, NULL, NULL, 1254);
INSERT INTO Filling_Center (Cylinder_Type, Leakage_Test, Cap_Check, Manual_Test, Gatepass_No) VALUES ('14.5kg', 1, 1, 1, 1254);
INSERT INTO Security_In VALUES (1255, '2025-09-15', 'NL98IP7396', 'Isaac Dhillon', '7926131594', 'Pack', 9721);
INSERT INTO Security_Out VALUES (1255, '2025-09-15', 'NL98IP7396', 'Hayre-Bose', 'Isaac Dhillon', '7926131594', 'Pack', 9721);
INSERT INTO Weighbridge (Gatepass_No, Truck_Type, Weight_In, Weight_Out, In_Time, Out_Time) VALUES (1255, 'Pack', 11162, 10983, '2025-07-24 17:04', '2025-07-24 21:04');
INSERT INTO Loading (Truck_Type, Cylinder_Type, Gatepass_No) VALUES ('Pack', '14kg', 1255);
INSERT INTO Unloading (Vehicle_Number, Truck_Type, Cylinder_Type, Capsule1_MT, Capsule2_MT, Capsule3_MT, Gatepass_No) VALUES ('NL98IP7396', 'Pack', '14kg', NULL, NULL, NULL, 1255);
INSERT INTO Filling_Center (Cylinder_Type, Leakage_Test, Cap_Check, Manual_Test, Gatepass_No) VALUES ('10kg', 0, 0, 0, 1255);
INSERT INTO Security_In VALUES (1256, '2025-09-15', 'AR28MY3264', 'Jeevika Kalla', '6082836320', 'Pack', 15558);
INSERT INTO Security_Out VALUES (1256, '2025-09-15', 'AR28MY3264', 'Srinivas and Sons', 'Jeevika Kalla', '6082836320', 'Pack', 15558);
INSERT INTO Weighbridge (Gatepass_No, Truck_Type, Weight_In, Weight_Out, In_Time, Out_Time) VALUES (1256, 'Pack', 19826, 19650, '2025-09-08 00:55', '2025-09-08 04:55');
INSERT INTO Loading (Truck_Type, Cylinder_Type, Gatepass_No) VALUES ('Pack', '47kg', 1256);
INSERT INTO Unloading (Vehicle_Number, Truck_Type, Cylinder_Type, Capsule1_MT, Capsule2_MT, Capsule3_MT, Gatepass_No) VALUES ('AR28MY3264', 'Pack', '47kg', NULL, NULL, NULL, 1256);
INSERT INTO Filling_Center (Cylinder_Type, Leakage_Test, Cap_Check, Manual_Test, Gatepass_No) VALUES ('14.5kg', 1, 0, 0, 1256);
INSERT INTO Security_In VALUES (1257, '2025-09-14', 'MH35XN9371', 'Jonathan Aggarwal', '8795214428', 'Pack', 4624);
INSERT INTO Security_Out VALUES (1257, '2025-09-14', 'MH35XN9371', 'Vaidya and Sons', 'Jonathan Aggarwal', '8795214428', 'Pack', 4624);
INSERT INTO Weighbridge (Gatepass_No, Truck_Type, Weight_In, Weight_Out, In_Time, Out_Time) VALUES (1257, 'Pack', 8835, 8516, '2025-07-26 20:24', '2025-07-27 01:24');
INSERT INTO Loading (Truck_Type, Cylinder_Type, Gatepass_No) VALUES ('Pack', '14kg', 1257);
INSERT INTO Unloading (Vehicle_Number, Truck_Type, Cylinder_Type, Capsule1_MT, Capsule2_MT, Capsule3_MT, Gatepass_No) VALUES ('MH35XN9371', 'Pack', '14kg', NULL, NULL, NULL, 1257);
INSERT INTO Filling_Center (Cylinder_Type, Leakage_Test, Cap_Check, Manual_Test, Gatepass_No) VALUES ('19kg', 1, 0, 1, 1257);
INSERT INTO Security_In VALUES (1258, '2025-09-06', 'CG77GS7003', 'Yadavi Srinivas', '3169153624', 'Pack', 11899);
INSERT INTO Security_Out VALUES (1258, '2025-09-06', 'CG77GS7003', 'Sridhar-Boase', 'Yadavi Srinivas', '3169153624', 'Pack', 11899);
INSERT INTO Weighbridge (Gatepass_No, Truck_Type, Weight_In, Weight_Out, In_Time, Out_Time) VALUES (1258, 'Pack', 13652, 13452, '2025-07-21 10:51', '2025-07-21 11:51');
INSERT INTO Loading (Truck_Type, Cylinder_Type, Gatepass_No) VALUES ('Pack', '47kg', 1258);
INSERT INTO Unloading (Vehicle_Number, Truck_Type, Cylinder_Type, Capsule1_MT, Capsule2_MT, Capsule3_MT, Gatepass_No) VALUES ('CG77GS7003', 'Pack', '47kg', NULL, NULL, NULL, 1258);
INSERT INTO Filling_Center (Cylinder_Type, Leakage_Test, Cap_Check, Manual_Test, Gatepass_No) VALUES ('10kg', 1, 1, 1, 1258);
INSERT INTO Security_In VALUES (1259, '2025-09-10', 'GA82BV1391', 'Warjas Magar', '1096788957', 'Pack', 4379);
INSERT INTO Security_Out VALUES (1259, '2025-09-10', 'GA82BV1391', 'Patil-Thaman', 'Warjas Magar', '1096788957', 'Pack', 4379);
INSERT INTO Weighbridge (Gatepass_No, Truck_Type, Weight_In, Weight_Out, In_Time, Out_Time) VALUES (1259, 'Pack', 8640, 8355, '2025-07-22 07:16', '2025-07-22 12:16');
INSERT INTO Loading (Truck_Type, Cylinder_Type, Gatepass_No) VALUES ('Pack', '14kg', 1259);
INSERT INTO Unloading (Vehicle_Number, Truck_Type, Cylinder_Type, Capsule1_MT, Capsule2_MT, Capsule3_MT, Gatepass_No) VALUES ('GA82BV1391', 'Pack', '14kg', NULL, NULL, NULL, 1259);
INSERT INTO Filling_Center (Cylinder_Type, Leakage_Test, Cap_Check, Manual_Test, Gatepass_No) VALUES ('14.5kg', 1, 1, 1, 1259);
INSERT INTO Security_In VALUES (1260, '2025-08-30', 'UP38ZN2562', 'Krisha Kunda', '7043466241', 'Bullet', 15494);
INSERT INTO Security_Out VALUES (1260, '2025-08-30', 'UP38ZN2562', 'Borra-Vala', 'Krisha Kunda', '7043466241', 'Bullet', 15494);
INSERT INTO Weighbridge (Gatepass_No, Truck_Type, Weight_In, Weight_Out, In_Time, Out_Time) VALUES (1260, 'Bullet', 18439, 18291, '2025-08-07 01:00', '2025-08-07 06:00');
INSERT INTO Unloading (Vehicle_Number, Truck_Type, Cylinder_Type, Capsule1_MT, Capsule2_MT, Capsule3_MT, Gatepass_No) VALUES ('UP38ZN2562', 'Bullet', NULL, 7.37, 6.9, 5.74, 1260);
INSERT INTO Filling_Center (Cylinder_Type, Leakage_Test, Cap_Check, Manual_Test, Gatepass_No) VALUES ('47kg', 0, 0, 1, 1260);
INSERT INTO Security_In VALUES (1261, '2025-09-11', 'BR21FV6233', 'Yug Bhatia', '9004832692', 'Bullet', 1790);
INSERT INTO Security_Out VALUES (1261, '2025-09-11', 'BR21FV6233', 'Krishnamurthy Ltd', 'Yug Bhatia', '9004832692', 'Bullet', 1790);
INSERT INTO Weighbridge (Gatepass_No, Truck_Type, Weight_In, Weight_Out, In_Time, Out_Time) VALUES (1261, 'Bullet', 6762, 6479, '2025-07-30 09:12', '2025-07-30 13:12');
INSERT INTO Unloading (Vehicle_Number, Truck_Type, Cylinder_Type, Capsule1_MT, Capsule2_MT, Capsule3_MT, Gatepass_No) VALUES ('BR21FV6233', 'Bullet', NULL, 8.42, 7.14, 6.74, 1261);
INSERT INTO Filling_Center (Cylinder_Type, Leakage_Test, Cap_Check, Manual_Test, Gatepass_No) VALUES ('5kg', 1, 0, 1, 1261);
INSERT INTO Security_In VALUES (1262, '2025-07-20', 'NL88WB1533', 'Bahadurjit Ben', '1918794812', 'Pack', 3358);
INSERT INTO Security_Out VALUES (1262, '2025-07-20', 'NL88WB1533', 'Ganesh-Savant', 'Bahadurjit Ben', '1918794812', 'Pack', 3358);
INSERT INTO Weighbridge (Gatepass_No, Truck_Type, Weight_In, Weight_Out, In_Time, Out_Time) VALUES (1262, 'Pack', 5113, 4847, '2025-08-21 08:03', '2025-08-21 12:03');
INSERT INTO Loading (Truck_Type, Cylinder_Type, Gatepass_No) VALUES ('Pack', '14kg', 1262);
INSERT INTO Unloading (Vehicle_Number, Truck_Type, Cylinder_Type, Capsule1_MT, Capsule2_MT, Capsule3_MT, Gatepass_No) VALUES ('NL88WB1533', 'Pack', '14kg', NULL, NULL, NULL, 1262);
INSERT INTO Filling_Center (Cylinder_Type, Leakage_Test, Cap_Check, Manual_Test, Gatepass_No) VALUES ('47kg', 1, 0, 0, 1262);
INSERT INTO Security_In VALUES (1263, '2025-09-08', 'OD20FR2756', 'Gabriel Gola', '5651577425', 'Pack', 8327);
INSERT INTO Security_Out VALUES (1263, '2025-09-08', 'OD20FR2756', 'Suri, Som and Prasad', 'Gabriel Gola', '5651577425', 'Pack', 8327);
INSERT INTO Weighbridge (Gatepass_No, Truck_Type, Weight_In, Weight_Out, In_Time, Out_Time) VALUES (1263, 'Pack', 10056, 9947, '2025-08-27 05:21', '2025-08-27 08:21');
INSERT INTO Loading (Truck_Type, Cylinder_Type, Gatepass_No) VALUES ('Pack', '47kg', 1263);
INSERT INTO Unloading (Vehicle_Number, Truck_Type, Cylinder_Type, Capsule1_MT, Capsule2_MT, Capsule3_MT, Gatepass_No) VALUES ('OD20FR2756', 'Pack', '47kg', NULL, NULL, NULL, 1263);
INSERT INTO Filling_Center (Cylinder_Type, Leakage_Test, Cap_Check, Manual_Test, Gatepass_No) VALUES ('5kg', 1, 1, 0, 1263);
INSERT INTO Security_In VALUES (1264, '2025-08-14', 'UK35TR5724', 'Yug Wable', '8262837804', 'Bullet', 19160);
INSERT INTO Security_Out VALUES (1264, '2025-08-14', 'UK35TR5724', 'Sankar LLC', 'Yug Wable', '8262837804', 'Bullet', 19160);
INSERT INTO Weighbridge (Gatepass_No, Truck_Type, Weight_In, Weight_Out, In_Time, Out_Time) VALUES (1264, 'Bullet', 22135, 21680, '2025-09-11 16:23', '2025-09-11 18:23');
INSERT INTO Unloading (Vehicle_Number, Truck_Type, Cylinder_Type, Capsule1_MT, Capsule2_MT, Capsule3_MT, Gatepass_No) VALUES ('UK35TR5724', 'Bullet', NULL, 8.52, 6.24, 5.26, 1264);
INSERT INTO Filling_Center (Cylinder_Type, Leakage_Test, Cap_Check, Manual_Test, Gatepass_No) VALUES ('47kg', 1, 0, 0, 1264);
INSERT INTO Security_In VALUES (1265, '2025-08-20', 'WB81GE6083', 'Jhalak Sawhney', '5771380529', 'Bullet', 8537);
INSERT INTO Security_Out VALUES (1265, '2025-08-20', 'WB81GE6083', 'Rastogi, Raj and Naidu', 'Jhalak Sawhney', '5771380529', 'Bullet', 8537);
INSERT INTO Weighbridge (Gatepass_No, Truck_Type, Weight_In, Weight_Out, In_Time, Out_Time) VALUES (1265, 'Bullet', 11308, 10891, '2025-07-28 21:44', '2025-07-28 23:44');
INSERT INTO Unloading (Vehicle_Number, Truck_Type, Cylinder_Type, Capsule1_MT, Capsule2_MT, Capsule3_MT, Gatepass_No) VALUES ('WB81GE6083', 'Bullet', NULL, 8.64, 9.2, 7.76, 1265);
INSERT INTO Filling_Center (Cylinder_Type, Leakage_Test, Cap_Check, Manual_Test, Gatepass_No) VALUES ('47kg', 0, 0, 1, 1265);
INSERT INTO Security_In VALUES (1266, '2025-09-10', 'GA86PC3782', 'Chaman Yogi', '3312600565', 'Bullet', 4378);
INSERT INTO Security_Out VALUES (1266, '2025-09-10', 'GA86PC3782', 'Mahal, Kadakia and Oak', 'Chaman Yogi', '3312600565', 'Bullet', 4378);
INSERT INTO Weighbridge (Gatepass_No, Truck_Type, Weight_In, Weight_Out, In_Time, Out_Time) VALUES (1266, 'Bullet', 9182, 8702, '2025-08-09 10:42', '2025-08-09 13:42');
INSERT INTO Unloading (Vehicle_Number, Truck_Type, Cylinder_Type, Capsule1_MT, Capsule2_MT, Capsule3_MT, Gatepass_No) VALUES ('GA86PC3782', 'Bullet', NULL, 6.24, 5.75, 9.34, 1266);
INSERT INTO Filling_Center (Cylinder_Type, Leakage_Test, Cap_Check, Manual_Test, Gatepass_No) VALUES ('10kg', 0, 1, 0, 1266);
INSERT INTO Security_In VALUES (1267, '2025-08-09', 'KA76ZW5551', 'Jagat Parmar', '7775518531', 'Bullet', 15139);
INSERT INTO Security_Out VALUES (1267, '2025-08-09', 'KA76ZW5551', 'Doctor and Sons', 'Jagat Parmar', '7775518531', 'Bullet', 15139);
INSERT INTO Weighbridge (Gatepass_No, Truck_Type, Weight_In, Weight_Out, In_Time, Out_Time) VALUES (1267, 'Bullet', 18361, 18161, '2025-07-27 10:56', '2025-07-27 14:56');
INSERT INTO Unloading (Vehicle_Number, Truck_Type, Cylinder_Type, Capsule1_MT, Capsule2_MT, Capsule3_MT, Gatepass_No) VALUES ('KA76ZW5551', 'Bullet', NULL, 7.79, 7.91, 5.46, 1267);
INSERT INTO Filling_Center (Cylinder_Type, Leakage_Test, Cap_Check, Manual_Test, Gatepass_No) VALUES ('47kg', 1, 0, 1, 1267);
INSERT INTO Security_In VALUES (1268, '2025-08-02', 'KA38KY3549', 'Tanay Parekh', '0366315190', 'Pack', 17944);
INSERT INTO Security_Out VALUES (1268, '2025-08-02', 'KA38KY3549', 'Devan-Chakrabarti', 'Tanay Parekh', '0366315190', 'Pack', 17944);
INSERT INTO Weighbridge (Gatepass_No, Truck_Type, Weight_In, Weight_Out, In_Time, Out_Time) VALUES (1268, 'Pack', 19314, 18925, '2025-08-12 23:30', '2025-08-13 02:30');
INSERT INTO Loading (Truck_Type, Cylinder_Type, Gatepass_No) VALUES ('Pack', '14kg', 1268);
INSERT INTO Unloading (Vehicle_Number, Truck_Type, Cylinder_Type, Capsule1_MT, Capsule2_MT, Capsule3_MT, Gatepass_No) VALUES ('KA38KY3549', 'Pack', '14kg', NULL, NULL, NULL, 1268);
INSERT INTO Filling_Center (Cylinder_Type, Leakage_Test, Cap_Check, Manual_Test, Gatepass_No) VALUES ('5kg', 0, 1, 0, 1268);
INSERT INTO Security_In VALUES (1269, '2025-08-11', 'MP92ZX4831', 'Raghav Viswanathan', '9309851379', 'Bullet', 14316);
INSERT INTO Security_Out VALUES (1269, '2025-08-11', 'MP92ZX4831', 'Palla-Raval', 'Raghav Viswanathan', '9309851379', 'Bullet', 14316);
INSERT INTO Weighbridge (Gatepass_No, Truck_Type, Weight_In, Weight_Out, In_Time, Out_Time) VALUES (1269, 'Bullet', 17138, 17016, '2025-08-08 18:44', '2025-08-08 20:44');
INSERT INTO Unloading (Vehicle_Number, Truck_Type, Cylinder_Type, Capsule1_MT, Capsule2_MT, Capsule3_MT, Gatepass_No) VALUES ('MP92ZX4831', 'Bullet', NULL, 8.05, 8.99, 7.79, 1269);
INSERT INTO Filling_Center (Cylinder_Type, Leakage_Test, Cap_Check, Manual_Test, Gatepass_No) VALUES ('19kg', 1, 1, 0, 1269);
INSERT INTO Security_In VALUES (1270, '2025-09-10', 'GJ24XU1384', 'Nimrat Iyer', '1469627817', 'Pack', 2080);
INSERT INTO Security_Out VALUES (1270, '2025-09-10', 'GJ24XU1384', 'Devi-Sankaran', 'Nimrat Iyer', '1469627817', 'Pack', 2080);
INSERT INTO Weighbridge (Gatepass_No, Truck_Type, Weight_In, Weight_Out, In_Time, Out_Time) VALUES (1270, 'Pack', 4828, 4522, '2025-07-19 11:48', '2025-07-19 13:48');
INSERT INTO Loading (Truck_Type, Cylinder_Type, Gatepass_No) VALUES ('Pack', '14kg', 1270);
INSERT INTO Unloading (Vehicle_Number, Truck_Type, Cylinder_Type, Capsule1_MT, Capsule2_MT, Capsule3_MT, Gatepass_No) VALUES ('GJ24XU1384', 'Pack', '14kg', NULL, NULL, NULL, 1270);
INSERT INTO Filling_Center (Cylinder_Type, Leakage_Test, Cap_Check, Manual_Test, Gatepass_No) VALUES ('47kg', 0, 0, 0, 1270);
INSERT INTO Security_In VALUES (1271, '2025-08-19', 'GJ67CO4964', 'Atharv Sankaran', '9034778685', 'Pack', 18517);
INSERT INTO Security_Out VALUES (1271, '2025-08-19', 'GJ67CO4964', 'Jaggi-Balan', 'Atharv Sankaran', '9034778685', 'Pack', 18517);
INSERT INTO Weighbridge (Gatepass_No, Truck_Type, Weight_In, Weight_Out, In_Time, Out_Time) VALUES (1271, 'Pack', 21594, 21178, '2025-08-09 16:08', '2025-08-09 17:08');
INSERT INTO Loading (Truck_Type, Cylinder_Type, Gatepass_No) VALUES ('Pack', '19kg', 1271);
INSERT INTO Unloading (Vehicle_Number, Truck_Type, Cylinder_Type, Capsule1_MT, Capsule2_MT, Capsule3_MT, Gatepass_No) VALUES ('GJ67CO4964', 'Pack', '19kg', NULL, NULL, NULL, 1271);
INSERT INTO Filling_Center (Cylinder_Type, Leakage_Test, Cap_Check, Manual_Test, Gatepass_No) VALUES ('47kg', 0, 1, 0, 1271);
INSERT INTO Security_In VALUES (1272, '2025-08-03', 'GA78DB5934', 'Ira Tata', '5149855149', 'Bullet', 7556);
INSERT INTO Security_Out VALUES (1272, '2025-08-03', 'GA78DB5934', 'Mani, Baria and Chana', 'Ira Tata', '5149855149', 'Bullet', 7556);
INSERT INTO Weighbridge (Gatepass_No, Truck_Type, Weight_In, Weight_Out, In_Time, Out_Time) VALUES (1272, 'Bullet', 11194, 10822, '2025-09-06 06:36', '2025-09-06 11:36');
INSERT INTO Unloading (Vehicle_Number, Truck_Type, Cylinder_Type, Capsule1_MT, Capsule2_MT, Capsule3_MT, Gatepass_No) VALUES ('GA78DB5934', 'Bullet', NULL, 9.21, 6.51, 7.91, 1272);
INSERT INTO Filling_Center (Cylinder_Type, Leakage_Test, Cap_Check, Manual_Test, Gatepass_No) VALUES ('47kg', 0, 0, 0, 1272);
INSERT INTO Security_In VALUES (1273, '2025-07-22', 'MH79MK8909', 'Rachit Datta', '7614363736', 'Pack', 17116);
INSERT INTO Security_Out VALUES (1273, '2025-07-22', 'MH79MK8909', 'Deshpande, Pandit and Pai', 'Rachit Datta', '7614363736', 'Pack', 17116);
INSERT INTO Weighbridge (Gatepass_No, Truck_Type, Weight_In, Weight_Out, In_Time, Out_Time) VALUES (1273, 'Pack', 19221, 18785, '2025-07-27 19:51', '2025-07-27 22:51');
INSERT INTO Loading (Truck_Type, Cylinder_Type, Gatepass_No) VALUES ('Pack', '19kg', 1273);
INSERT INTO Unloading (Vehicle_Number, Truck_Type, Cylinder_Type, Capsule1_MT, Capsule2_MT, Capsule3_MT, Gatepass_No) VALUES ('MH79MK8909', 'Pack', '19kg', NULL, NULL, NULL, 1273);
INSERT INTO Filling_Center (Cylinder_Type, Leakage_Test, Cap_Check, Manual_Test, Gatepass_No) VALUES ('47kg', 1, 1, 0, 1273);
INSERT INTO Security_In VALUES (1274, '2025-08-24', 'AS13JS6973', 'Veer Bhandari', '6156561125', 'Bullet', 4892);
INSERT INTO Security_Out VALUES (1274, '2025-08-24', 'AS13JS6973', 'Radhakrishnan-Ranganathan', 'Veer Bhandari', '6156561125', 'Bullet', 4892);
INSERT INTO Weighbridge (Gatepass_No, Truck_Type, Weight_In, Weight_Out, In_Time, Out_Time) VALUES (1274, 'Bullet', 9260, 8805, '2025-09-11 00:18', '2025-09-11 04:18');
INSERT INTO Unloading (Vehicle_Number, Truck_Type, Cylinder_Type, Capsule1_MT, Capsule2_MT, Capsule3_MT, Gatepass_No) VALUES ('AS13JS6973', 'Bullet', NULL, 8.6, 6.55, 6.13, 1274);
INSERT INTO Filling_Center (Cylinder_Type, Leakage_Test, Cap_Check, Manual_Test, Gatepass_No) VALUES ('5kg', 1, 1, 0, 1274);
INSERT INTO Security_In VALUES (1275, '2025-08-27', 'BR32QP1786', 'Isaiah Ghose', '9344534249', 'Bullet', 4221);
INSERT INTO Security_Out VALUES (1275, '2025-08-27', 'BR32QP1786', 'Shah-Kalla', 'Isaiah Ghose', '9344534249', 'Bullet', 4221);
INSERT INTO Weighbridge (Gatepass_No, Truck_Type, Weight_In, Weight_Out, In_Time, Out_Time) VALUES (1275, 'Bullet', 5781, 5401, '2025-08-29 00:56', '2025-08-29 03:56');
INSERT INTO Unloading (Vehicle_Number, Truck_Type, Cylinder_Type, Capsule1_MT, Capsule2_MT, Capsule3_MT, Gatepass_No) VALUES ('BR32QP1786', 'Bullet', NULL, 6.47, 5.22, 8.49, 1275);
INSERT INTO Filling_Center (Cylinder_Type, Leakage_Test, Cap_Check, Manual_Test, Gatepass_No) VALUES ('10kg', 1, 0, 0, 1275);
INSERT INTO Security_In VALUES (1276, '2025-09-09', 'TR82DG1361', 'Quincy Yogi', '8996596159', 'Bullet', 11746);
INSERT INTO Security_Out VALUES (1276, '2025-09-09', 'TR82DG1361', 'Konda-Oak', 'Quincy Yogi', '8996596159', 'Bullet', 11746);
INSERT INTO Weighbridge (Gatepass_No, Truck_Type, Weight_In, Weight_Out, In_Time, Out_Time) VALUES (1276, 'Bullet', 16649, 16326, '2025-08-22 04:00', '2025-08-22 07:00');
INSERT INTO Unloading (Vehicle_Number, Truck_Type, Cylinder_Type, Capsule1_MT, Capsule2_MT, Capsule3_MT, Gatepass_No) VALUES ('TR82DG1361', 'Bullet', NULL, 7.49, 8.55, 5.61, 1276);
INSERT INTO Filling_Center (Cylinder_Type, Leakage_Test, Cap_Check, Manual_Test, Gatepass_No) VALUES ('10kg', 1, 0, 0, 1276);
INSERT INTO Security_In VALUES (1277, '2025-09-15', 'BR72OS3686', 'Amaira Sachdev', '9240611649', 'Bullet', 2031);
INSERT INTO Security_Out VALUES (1277, '2025-09-15', 'BR72OS3686', 'Bhavsar-Dixit', 'Amaira Sachdev', '9240611649', 'Bullet', 2031);
INSERT INTO Weighbridge (Gatepass_No, Truck_Type, Weight_In, Weight_Out, In_Time, Out_Time) VALUES (1277, 'Bullet', 4390, 4246, '2025-08-21 13:26', '2025-08-21 17:26');
INSERT INTO Unloading (Vehicle_Number, Truck_Type, Cylinder_Type, Capsule1_MT, Capsule2_MT, Capsule3_MT, Gatepass_No) VALUES ('BR72OS3686', 'Bullet', NULL, 5.36, 5.79, 6.77, 1277);
INSERT INTO Filling_Center (Cylinder_Type, Leakage_Test, Cap_Check, Manual_Test, Gatepass_No) VALUES ('5kg', 1, 0, 0, 1277);
INSERT INTO Security_In VALUES (1278, '2025-08-01', 'TN45KK7056', 'Chakradhar Sankaran', '4720794382', 'Bullet', 12571);
INSERT INTO Security_Out VALUES (1278, '2025-08-01', 'TN45KK7056', 'Pingle Group', 'Chakradhar Sankaran', '4720794382', 'Bullet', 12571);
INSERT INTO Weighbridge (Gatepass_No, Truck_Type, Weight_In, Weight_Out, In_Time, Out_Time) VALUES (1278, 'Bullet', 15553, 15429, '2025-08-22 17:59', '2025-08-22 20:59');
INSERT INTO Unloading (Vehicle_Number, Truck_Type, Cylinder_Type, Capsule1_MT, Capsule2_MT, Capsule3_MT, Gatepass_No) VALUES ('TN45KK7056', 'Bullet', NULL, 7.43, 9.72, 5.44, 1278);
INSERT INTO Filling_Center (Cylinder_Type, Leakage_Test, Cap_Check, Manual_Test, Gatepass_No) VALUES ('19kg', 1, 1, 1, 1278);
INSERT INTO Security_In VALUES (1279, '2025-08-09', 'UK37AC9614', 'Sai Raval', '1825649382', 'Bullet', 8382);
INSERT INTO Security_Out VALUES (1279, '2025-08-09', 'UK37AC9614', 'Apte, Sagar and Borra', 'Sai Raval', '1825649382', 'Bullet', 8382);
INSERT INTO Weighbridge (Gatepass_No, Truck_Type, Weight_In, Weight_Out, In_Time, Out_Time) VALUES (1279, 'Bullet', 11063, 10927, '2025-07-24 03:15', '2025-07-24 05:15');
INSERT INTO Unloading (Vehicle_Number, Truck_Type, Cylinder_Type, Capsule1_MT, Capsule2_MT, Capsule3_MT, Gatepass_No) VALUES ('UK37AC9614', 'Bullet', NULL, 6.31, 8.54, 8.85, 1279);
INSERT INTO Filling_Center (Cylinder_Type, Leakage_Test, Cap_Check, Manual_Test, Gatepass_No) VALUES ('47kg', 0, 1, 1, 1279);
INSERT INTO Security_In VALUES (1280, '2025-07-28', 'MN83IL5144', 'Varenya Iyengar', '6677335937', 'Bullet', 13698);
INSERT INTO Security_Out VALUES (1280, '2025-07-28', 'MN83IL5144', 'Krishnan-Mandal', 'Varenya Iyengar', '6677335937', 'Bullet', 13698);
INSERT INTO Weighbridge (Gatepass_No, Truck_Type, Weight_In, Weight_Out, In_Time, Out_Time) VALUES (1280, 'Bullet', 16694, 16391, '2025-08-12 19:53', '2025-08-12 23:53');
INSERT INTO Unloading (Vehicle_Number, Truck_Type, Cylinder_Type, Capsule1_MT, Capsule2_MT, Capsule3_MT, Gatepass_No) VALUES ('MN83IL5144', 'Bullet', NULL, 6.36, 7.72, 7.23, 1280);
INSERT INTO Filling_Center (Cylinder_Type, Leakage_Test, Cap_Check, Manual_Test, Gatepass_No) VALUES ('19kg', 0, 1, 0, 1280);
INSERT INTO Security_In VALUES (1281, '2025-09-11', 'KA28EY2453', 'Sachi Vala', '2017732024', 'Bullet', 1066);
INSERT INTO Security_Out VALUES (1281, '2025-09-11', 'KA28EY2453', 'Goswami-Palla', 'Sachi Vala', '2017732024', 'Bullet', 1066);
INSERT INTO Weighbridge (Gatepass_No, Truck_Type, Weight_In, Weight_Out, In_Time, Out_Time) VALUES (1281, 'Bullet', 5567, 5249, '2025-08-06 08:39', '2025-08-06 11:39');
INSERT INTO Unloading (Vehicle_Number, Truck_Type, Cylinder_Type, Capsule1_MT, Capsule2_MT, Capsule3_MT, Gatepass_No) VALUES ('KA28EY2453', 'Bullet', NULL, 8.01, 7.39, 9.95, 1281);
INSERT INTO Filling_Center (Cylinder_Type, Leakage_Test, Cap_Check, Manual_Test, Gatepass_No) VALUES ('47kg', 1, 1, 1, 1281);
INSERT INTO Security_In VALUES (1282, '2025-07-24', 'UK50GL9253', 'Harrison Chaudhuri', '3226196861', 'Bullet', 6810);
INSERT INTO Security_Out VALUES (1282, '2025-07-24', 'UK50GL9253', 'Sankaran-Mallick', 'Harrison Chaudhuri', '3226196861', 'Bullet', 6810);
INSERT INTO Weighbridge (Gatepass_No, Truck_Type, Weight_In, Weight_Out, In_Time, Out_Time) VALUES (1282, 'Bullet', 8109, 7789, '2025-07-18 08:36', '2025-07-18 13:36');
INSERT INTO Unloading (Vehicle_Number, Truck_Type, Cylinder_Type, Capsule1_MT, Capsule2_MT, Capsule3_MT, Gatepass_No) VALUES ('UK50GL9253', 'Bullet', NULL, 6.02, 9.53, 5.22, 1282);
INSERT INTO Filling_Center (Cylinder_Type, Leakage_Test, Cap_Check, Manual_Test, Gatepass_No) VALUES ('10kg', 1, 1, 1, 1282);
INSERT INTO Security_In VALUES (1283, '2025-09-14', 'NL56AQ8670', 'Vamakshi Randhawa', '9034818652', 'Pack', 17630);
INSERT INTO Security_Out VALUES (1283, '2025-09-14', 'NL56AQ8670', 'Nazareth LLC', 'Vamakshi Randhawa', '9034818652', 'Pack', 17630);
INSERT INTO Weighbridge (Gatepass_No, Truck_Type, Weight_In, Weight_Out, In_Time, Out_Time) VALUES (1283, 'Pack', 18998, 18751, '2025-09-15 21:51', '2025-09-15 22:51');
INSERT INTO Loading (Truck_Type, Cylinder_Type, Gatepass_No) VALUES ('Pack', '19kg', 1283);
INSERT INTO Unloading (Vehicle_Number, Truck_Type, Cylinder_Type, Capsule1_MT, Capsule2_MT, Capsule3_MT, Gatepass_No) VALUES ('NL56AQ8670', 'Pack', '19kg', NULL, NULL, NULL, 1283);
INSERT INTO Filling_Center (Cylinder_Type, Leakage_Test, Cap_Check, Manual_Test, Gatepass_No) VALUES ('10kg', 0, 0, 0, 1283);
INSERT INTO Security_In VALUES (1284, '2025-08-01', 'MH86XL2868', 'Bhanumati Pau', '2284148033', 'Pack', 12054);
INSERT INTO Security_Out VALUES (1284, '2025-08-01', 'MH86XL2868', 'Nath-Bhalla', 'Bhanumati Pau', '2284148033', 'Pack', 12054);
INSERT INTO Weighbridge (Gatepass_No, Truck_Type, Weight_In, Weight_Out, In_Time, Out_Time) VALUES (1284, 'Pack', 14485, 14323, '2025-07-25 20:32', '2025-07-25 22:32');
INSERT INTO Loading (Truck_Type, Cylinder_Type, Gatepass_No) VALUES ('Pack', '19kg', 1284);
INSERT INTO Unloading (Vehicle_Number, Truck_Type, Cylinder_Type, Capsule1_MT, Capsule2_MT, Capsule3_MT, Gatepass_No) VALUES ('MH86XL2868', 'Pack', '19kg', NULL, NULL, NULL, 1284);
INSERT INTO Filling_Center (Cylinder_Type, Leakage_Test, Cap_Check, Manual_Test, Gatepass_No) VALUES ('19kg', 0, 1, 0, 1284);
INSERT INTO Security_In VALUES (1285, '2025-08-27', 'KA62VO6074', 'Praneel Kanda', '3605496930', 'Bullet', 10573);
INSERT INTO Security_Out VALUES (1285, '2025-08-27', 'KA62VO6074', 'Bera Inc', 'Praneel Kanda', '3605496930', 'Bullet', 10573);
INSERT INTO Weighbridge (Gatepass_No, Truck_Type, Weight_In, Weight_Out, In_Time, Out_Time) VALUES (1285, 'Bullet', 14053, 13927, '2025-09-14 23:26', '2025-09-15 02:26');
INSERT INTO Unloading (Vehicle_Number, Truck_Type, Cylinder_Type, Capsule1_MT, Capsule2_MT, Capsule3_MT, Gatepass_No) VALUES ('KA62VO6074', 'Bullet', NULL, 5.45, 6.58, 5.5, 1285);
INSERT INTO Filling_Center (Cylinder_Type, Leakage_Test, Cap_Check, Manual_Test, Gatepass_No) VALUES ('14.5kg', 1, 0, 0, 1285);
INSERT INTO Security_In VALUES (1286, '2025-07-22', 'HR18KS7652', 'Wridesh Kara', '3254486198', 'Bullet', 16424);
INSERT INTO Security_Out VALUES (1286, '2025-07-22', 'HR18KS7652', 'Lalla PLC', 'Wridesh Kara', '3254486198', 'Bullet', 16424);
INSERT INTO Weighbridge (Gatepass_No, Truck_Type, Weight_In, Weight_Out, In_Time, Out_Time) VALUES (1286, 'Bullet', 20557, 20377, '2025-08-02 17:28', '2025-08-02 21:28');
INSERT INTO Unloading (Vehicle_Number, Truck_Type, Cylinder_Type, Capsule1_MT, Capsule2_MT, Capsule3_MT, Gatepass_No) VALUES ('HR18KS7652', 'Bullet', NULL, 9.81, 8.85, 5.24, 1286);
INSERT INTO Filling_Center (Cylinder_Type, Leakage_Test, Cap_Check, Manual_Test, Gatepass_No) VALUES ('19kg', 1, 1, 0, 1286);
INSERT INTO Security_In VALUES (1287, '2025-07-25', 'TS63HW1863', 'Harini Narang', '4608263856', 'Pack', 14285);
INSERT INTO Security_Out VALUES (1287, '2025-07-25', 'TS63HW1863', 'Singhal, Malhotra and Savant', 'Harini Narang', '4608263856', 'Pack', 14285);
INSERT INTO Weighbridge (Gatepass_No, Truck_Type, Weight_In, Weight_Out, In_Time, Out_Time) VALUES (1287, 'Pack', 17171, 16965, '2025-08-20 08:50', '2025-08-20 09:50');
INSERT INTO Loading (Truck_Type, Cylinder_Type, Gatepass_No) VALUES ('Pack', '47kg', 1287);
INSERT INTO Unloading (Vehicle_Number, Truck_Type, Cylinder_Type, Capsule1_MT, Capsule2_MT, Capsule3_MT, Gatepass_No) VALUES ('TS63HW1863', 'Pack', '47kg', NULL, NULL, NULL, 1287);
INSERT INTO Filling_Center (Cylinder_Type, Leakage_Test, Cap_Check, Manual_Test, Gatepass_No) VALUES ('19kg', 0, 0, 0, 1287);
INSERT INTO Security_In VALUES (1288, '2025-08-21', 'MN94HS7925', 'Idika Hayre', '5454761946', 'Pack', 4377);
INSERT INTO Security_Out VALUES (1288, '2025-08-21', 'MN94HS7925', 'Mani Inc', 'Idika Hayre', '5454761946', 'Pack', 4377);
INSERT INTO Weighbridge (Gatepass_No, Truck_Type, Weight_In, Weight_Out, In_Time, Out_Time) VALUES (1288, 'Pack', 7063, 6889, '2025-08-23 00:36', '2025-08-23 02:36');
INSERT INTO Loading (Truck_Type, Cylinder_Type, Gatepass_No) VALUES ('Pack', '19kg', 1288);
INSERT INTO Unloading (Vehicle_Number, Truck_Type, Cylinder_Type, Capsule1_MT, Capsule2_MT, Capsule3_MT, Gatepass_No) VALUES ('MN94HS7925', 'Pack', '19kg', NULL, NULL, NULL, 1288);
INSERT INTO Filling_Center (Cylinder_Type, Leakage_Test, Cap_Check, Manual_Test, Gatepass_No) VALUES ('5kg', 1, 1, 1, 1288);
INSERT INTO Security_In VALUES (1289, '2025-09-05', 'MN57CQ2134', 'Utkarsh Modi', '2860117598', 'Bullet', 14666);
INSERT INTO Security_Out VALUES (1289, '2025-09-05', 'MN57CQ2134', 'Mani-Mandal', 'Utkarsh Modi', '2860117598', 'Bullet', 14666);
INSERT INTO Weighbridge (Gatepass_No, Truck_Type, Weight_In, Weight_Out, In_Time, Out_Time) VALUES (1289, 'Bullet', 16991, 16741, '2025-08-19 14:26', '2025-08-19 18:26');
INSERT INTO Unloading (Vehicle_Number, Truck_Type, Cylinder_Type, Capsule1_MT, Capsule2_MT, Capsule3_MT, Gatepass_No) VALUES ('MN57CQ2134', 'Bullet', NULL, 8.96, 6.9, 5.75, 1289);
INSERT INTO Filling_Center (Cylinder_Type, Leakage_Test, Cap_Check, Manual_Test, Gatepass_No) VALUES ('19kg', 1, 0, 1, 1289);
INSERT INTO Security_In VALUES (1290, '2025-09-11', 'GJ27XP6162', 'Utkarsh Rege', '1211172576', 'Pack', 4569);
INSERT INTO Security_Out VALUES (1290, '2025-09-11', 'GJ27XP6162', 'Kala, Jani and Murty', 'Utkarsh Rege', '1211172576', 'Pack', 4569);
INSERT INTO Weighbridge (Gatepass_No, Truck_Type, Weight_In, Weight_Out, In_Time, Out_Time) VALUES (1290, 'Pack', 6326, 5934, '2025-09-07 08:06', '2025-09-07 13:06');
INSERT INTO Loading (Truck_Type, Cylinder_Type, Gatepass_No) VALUES ('Pack', '14kg', 1290);
INSERT INTO Unloading (Vehicle_Number, Truck_Type, Cylinder_Type, Capsule1_MT, Capsule2_MT, Capsule3_MT, Gatepass_No) VALUES ('GJ27XP6162', 'Pack', '14kg', NULL, NULL, NULL, 1290);
INSERT INTO Filling_Center (Cylinder_Type, Leakage_Test, Cap_Check, Manual_Test, Gatepass_No) VALUES ('47kg', 1, 1, 1, 1290);
INSERT INTO Security_In VALUES (1291, '2025-07-20', 'CG28WC5294', 'Simon Rajagopal', '8089768915', 'Bullet', 3666);
INSERT INTO Security_Out VALUES (1291, '2025-07-20', 'CG28WC5294', 'Master Ltd', 'Simon Rajagopal', '8089768915', 'Bullet', 3666);
INSERT INTO Weighbridge (Gatepass_No, Truck_Type, Weight_In, Weight_Out, In_Time, Out_Time) VALUES (1291, 'Bullet', 8342, 8123, '2025-08-05 17:14', '2025-08-05 20:14');
INSERT INTO Unloading (Vehicle_Number, Truck_Type, Cylinder_Type, Capsule1_MT, Capsule2_MT, Capsule3_MT, Gatepass_No) VALUES ('CG28WC5294', 'Bullet', NULL, 7.74, 8.91, 6.21, 1291);
INSERT INTO Filling_Center (Cylinder_Type, Leakage_Test, Cap_Check, Manual_Test, Gatepass_No) VALUES ('14.5kg', 0, 0, 1, 1291);
INSERT INTO Security_In VALUES (1292, '2025-08-14', 'CG62MG2087', 'Fitan Narayanan', '0729433965', 'Bullet', 14603);
INSERT INTO Security_Out VALUES (1292, '2025-08-14', 'CG62MG2087', 'Raghavan, Baria and Bhatt', 'Fitan Narayanan', '0729433965', 'Bullet', 14603);
INSERT INTO Weighbridge (Gatepass_No, Truck_Type, Weight_In, Weight_Out, In_Time, Out_Time) VALUES (1292, 'Bullet', 18428, 18079, '2025-08-29 04:21', '2025-08-29 06:21');
INSERT INTO Unloading (Vehicle_Number, Truck_Type, Cylinder_Type, Capsule1_MT, Capsule2_MT, Capsule3_MT, Gatepass_No) VALUES ('CG62MG2087', 'Bullet', NULL, 7.65, 6.38, 7.27, 1292);
INSERT INTO Filling_Center (Cylinder_Type, Leakage_Test, Cap_Check, Manual_Test, Gatepass_No) VALUES ('5kg', 1, 1, 0, 1292);
INSERT INTO Security_In VALUES (1293, '2025-08-09', 'BR41HT9825', 'Dalaja Palla', '1175609164', 'Pack', 18018);
INSERT INTO Security_Out VALUES (1293, '2025-08-09', 'BR41HT9825', 'Kashyap-Dhillon', 'Dalaja Palla', '1175609164', 'Pack', 18018);
INSERT INTO Weighbridge (Gatepass_No, Truck_Type, Weight_In, Weight_Out, In_Time, Out_Time) VALUES (1293, 'Pack', 22593, 22298, '2025-07-27 01:20', '2025-07-27 04:20');
INSERT INTO Loading (Truck_Type, Cylinder_Type, Gatepass_No) VALUES ('Pack', '19kg', 1293);
INSERT INTO Unloading (Vehicle_Number, Truck_Type, Cylinder_Type, Capsule1_MT, Capsule2_MT, Capsule3_MT, Gatepass_No) VALUES ('BR41HT9825', 'Pack', '19kg', NULL, NULL, NULL, 1293);
INSERT INTO Filling_Center (Cylinder_Type, Leakage_Test, Cap_Check, Manual_Test, Gatepass_No) VALUES ('19kg', 1, 0, 0, 1293);
INSERT INTO Security_In VALUES (1294, '2025-08-02', 'WB50YF8852', 'Ganga Rattan', '8575660302', 'Bullet', 18533);
INSERT INTO Security_Out VALUES (1294, '2025-08-02', 'WB50YF8852', 'Shroff, Gala and Rana', 'Ganga Rattan', '8575660302', 'Bullet', 18533);
INSERT INTO Weighbridge (Gatepass_No, Truck_Type, Weight_In, Weight_Out, In_Time, Out_Time) VALUES (1294, 'Bullet', 22332, 21976, '2025-09-07 02:01', '2025-09-07 03:01');
INSERT INTO Unloading (Vehicle_Number, Truck_Type, Cylinder_Type, Capsule1_MT, Capsule2_MT, Capsule3_MT, Gatepass_No) VALUES ('WB50YF8852', 'Bullet', NULL, 5.7, 7.14, 7.59, 1294);
INSERT INTO Filling_Center (Cylinder_Type, Leakage_Test, Cap_Check, Manual_Test, Gatepass_No) VALUES ('5kg', 1, 1, 0, 1294);
INSERT INTO Security_In VALUES (1295, '2025-08-01', 'JH15JW9210', 'Varenya Ganguly', '2734482638', 'Bullet', 17597);
INSERT INTO Security_Out VALUES (1295, '2025-08-01', 'JH15JW9210', 'Bhat, Dalal and Prakash', 'Varenya Ganguly', '2734482638', 'Bullet', 17597);
INSERT INTO Weighbridge (Gatepass_No, Truck_Type, Weight_In, Weight_Out, In_Time, Out_Time) VALUES (1295, 'Bullet', 20296, 19803, '2025-08-13 04:23', '2025-08-13 05:23');
INSERT INTO Unloading (Vehicle_Number, Truck_Type, Cylinder_Type, Capsule1_MT, Capsule2_MT, Capsule3_MT, Gatepass_No) VALUES ('JH15JW9210', 'Bullet', NULL, 8.72, 8.1, 9.1, 1295);
INSERT INTO Filling_Center (Cylinder_Type, Leakage_Test, Cap_Check, Manual_Test, Gatepass_No) VALUES ('19kg', 0, 1, 0, 1295);
INSERT INTO Security_In VALUES (1296, '2025-08-12', 'PB64UG8875', 'Falguni Suri', '1937914993', 'Bullet', 4787);
INSERT INTO Security_Out VALUES (1296, '2025-08-12', 'PB64UG8875', 'Virk, Chad and Karnik', 'Falguni Suri', '1937914993', 'Bullet', 4787);
INSERT INTO Weighbridge (Gatepass_No, Truck_Type, Weight_In, Weight_Out, In_Time, Out_Time) VALUES (1296, 'Bullet', 7929, 7649, '2025-09-13 09:53', '2025-09-13 12:53');
INSERT INTO Unloading (Vehicle_Number, Truck_Type, Cylinder_Type, Capsule1_MT, Capsule2_MT, Capsule3_MT, Gatepass_No) VALUES ('PB64UG8875', 'Bullet', NULL, 7.78, 7.8, 6.96, 1296);
INSERT INTO Filling_Center (Cylinder_Type, Leakage_Test, Cap_Check, Manual_Test, Gatepass_No) VALUES ('19kg', 1, 0, 1, 1296);
INSERT INTO Security_In VALUES (1297, '2025-07-18', 'BR26XC9942', 'Lakshit Golla', '9853756798', 'Pack', 10290);
INSERT INTO Security_Out VALUES (1297, '2025-07-18', 'BR26XC9942', 'Bath LLC', 'Lakshit Golla', '9853756798', 'Pack', 10290);
INSERT INTO Weighbridge (Gatepass_No, Truck_Type, Weight_In, Weight_Out, In_Time, Out_Time) VALUES (1297, 'Pack', 13839, 13541, '2025-08-18 15:17', '2025-08-18 18:17');
INSERT INTO Loading (Truck_Type, Cylinder_Type, Gatepass_No) VALUES ('Pack', '14kg', 1297);
INSERT INTO Unloading (Vehicle_Number, Truck_Type, Cylinder_Type, Capsule1_MT, Capsule2_MT, Capsule3_MT, Gatepass_No) VALUES ('BR26XC9942', 'Pack', '14kg', NULL, NULL, NULL, 1297);
INSERT INTO Filling_Center (Cylinder_Type, Leakage_Test, Cap_Check, Manual_Test, Gatepass_No) VALUES ('47kg', 0, 1, 1, 1297);
INSERT INTO Security_In VALUES (1298, '2025-08-19', 'UK18GY2312', 'Damini Manda', '3132815494', 'Bullet', 13778);
INSERT INTO Security_Out VALUES (1298, '2025-08-19', 'UK18GY2312', 'Acharya, Ram and Krish', 'Damini Manda', '3132815494', 'Bullet', 13778);
INSERT INTO Weighbridge (Gatepass_No, Truck_Type, Weight_In, Weight_Out, In_Time, Out_Time) VALUES (1298, 'Bullet', 17900, 17418, '2025-07-28 19:08', '2025-07-28 22:08');
INSERT INTO Unloading (Vehicle_Number, Truck_Type, Cylinder_Type, Capsule1_MT, Capsule2_MT, Capsule3_MT, Gatepass_No) VALUES ('UK18GY2312', 'Bullet', NULL, 9.62, 5.7, 6.56, 1298);
INSERT INTO Filling_Center (Cylinder_Type, Leakage_Test, Cap_Check, Manual_Test, Gatepass_No) VALUES ('47kg', 0, 0, 1, 1298);
INSERT INTO Security_In VALUES (1299, '2025-09-10', 'KL79KN6775', 'Vedhika Rajagopalan', '9620457161', 'Bullet', 15662);
INSERT INTO Security_Out VALUES (1299, '2025-09-10', 'KL79KN6775', 'Gulati, Patla and Konda', 'Vedhika Rajagopalan', '9620457161', 'Bullet', 15662);
INSERT INTO Weighbridge (Gatepass_No, Truck_Type, Weight_In, Weight_Out, In_Time, Out_Time) VALUES (1299, 'Bullet', 19562, 19457, '2025-08-04 01:54', '2025-08-04 02:54');
INSERT INTO Unloading (Vehicle_Number, Truck_Type, Cylinder_Type, Capsule1_MT, Capsule2_MT, Capsule3_MT, Gatepass_No) VALUES ('KL79KN6775', 'Bullet', NULL, 6.04, 6.27, 9.66, 1299);
INSERT INTO Filling_Center (Cylinder_Type, Leakage_Test, Cap_Check, Manual_Test, Gatepass_No) VALUES ('14.5kg', 0, 0, 1, 1299);
INSERT INTO Security_In VALUES (1300, '2025-08-28', 'WB51MZ7777', 'Aditya Bawa', '7187152162', 'Bullet', 6625);
INSERT INTO Security_Out VALUES (1300, '2025-08-28', 'WB51MZ7777', 'Chaudhari, Ram and Munshi', 'Aditya Bawa', '7187152162', 'Bullet', 6625);
INSERT INTO Weighbridge (Gatepass_No, Truck_Type, Weight_In, Weight_Out, In_Time, Out_Time) VALUES (1300, 'Bullet', 8196, 8012, '2025-08-02 08:47', '2025-08-02 09:47');
INSERT INTO Unloading (Vehicle_Number, Truck_Type, Cylinder_Type, Capsule1_MT, Capsule2_MT, Capsule3_MT, Gatepass_No) VALUES ('WB51MZ7777', 'Bullet', NULL, 8.05, 9.37, 7.89, 1300);
INSERT INTO Filling_Center (Cylinder_Type, Leakage_Test, Cap_Check, Manual_Test, Gatepass_No) VALUES ('14.5kg', 0, 0, 0, 1300);
INSERT INTO Security_In VALUES (1301, '2025-09-13', 'MN32QG2285', 'Veda Baral', '1676079332', 'Pack', 15589);
INSERT INTO Security_Out VALUES (1301, '2025-09-13', 'MN32QG2285', 'Manne-Andra', 'Veda Baral', '1676079332', 'Pack', 15589);
INSERT INTO Weighbridge (Gatepass_No, Truck_Type, Weight_In, Weight_Out, In_Time, Out_Time) VALUES (1301, 'Pack', 20253, 19787, '2025-08-28 05:09', '2025-08-28 08:09');
INSERT INTO Loading (Truck_Type, Cylinder_Type, Gatepass_No) VALUES ('Pack', '19kg', 1301);
INSERT INTO Unloading (Vehicle_Number, Truck_Type, Cylinder_Type, Capsule1_MT, Capsule2_MT, Capsule3_MT, Gatepass_No) VALUES ('MN32QG2285', 'Pack', '19kg', NULL, NULL, NULL, 1301);
INSERT INTO Filling_Center (Cylinder_Type, Leakage_Test, Cap_Check, Manual_Test, Gatepass_No) VALUES ('14.5kg', 0, 0, 1, 1301);
INSERT INTO Security_In VALUES (1302, '2025-08-07', 'UK77HX3827', 'Madhav Wali', '1251081734', 'Pack', 7770);
INSERT INTO Security_Out VALUES (1302, '2025-08-07', 'UK77HX3827', 'Sama, Dewan and Wason', 'Madhav Wali', '1251081734', 'Pack', 7770);
INSERT INTO Weighbridge (Gatepass_No, Truck_Type, Weight_In, Weight_Out, In_Time, Out_Time) VALUES (1302, 'Pack', 12462, 12316, '2025-09-12 01:21', '2025-09-12 03:21');
INSERT INTO Loading (Truck_Type, Cylinder_Type, Gatepass_No) VALUES ('Pack', '19kg', 1302);
INSERT INTO Unloading (Vehicle_Number, Truck_Type, Cylinder_Type, Capsule1_MT, Capsule2_MT, Capsule3_MT, Gatepass_No) VALUES ('UK77HX3827', 'Pack', '19kg', NULL, NULL, NULL, 1302);
INSERT INTO Filling_Center (Cylinder_Type, Leakage_Test, Cap_Check, Manual_Test, Gatepass_No) VALUES ('19kg', 1, 0, 1, 1302);
INSERT INTO Security_In VALUES (1303, '2025-08-07', 'GA11XU8085', 'Jhalak Baria', '6022687319', 'Bullet', 9673);
INSERT INTO Security_Out VALUES (1303, '2025-08-07', 'GA11XU8085', 'Karan LLC', 'Jhalak Baria', '6022687319', 'Bullet', 9673);
INSERT INTO Weighbridge (Gatepass_No, Truck_Type, Weight_In, Weight_Out, In_Time, Out_Time) VALUES (1303, 'Bullet', 11667, 11523, '2025-08-23 14:01', '2025-08-23 15:01');
INSERT INTO Unloading (Vehicle_Number, Truck_Type, Cylinder_Type, Capsule1_MT, Capsule2_MT, Capsule3_MT, Gatepass_No) VALUES ('GA11XU8085', 'Bullet', NULL, 9.47, 8.45, 9.99, 1303);
INSERT INTO Filling_Center (Cylinder_Type, Leakage_Test, Cap_Check, Manual_Test, Gatepass_No) VALUES ('14.5kg', 0, 1, 0, 1303);
INSERT INTO Security_In VALUES (1304, '2025-07-25', 'OD17WN1881', 'Ansh Ganesh', '7796702144', 'Bullet', 10069);
INSERT INTO Security_Out VALUES (1304, '2025-07-25', 'OD17WN1881', 'Manda, Bajaj and Garg', 'Ansh Ganesh', '7796702144', 'Bullet', 10069);
INSERT INTO Weighbridge (Gatepass_No, Truck_Type, Weight_In, Weight_Out, In_Time, Out_Time) VALUES (1304, 'Bullet', 11931, 11600, '2025-09-12 11:14', '2025-09-12 16:14');
INSERT INTO Unloading (Vehicle_Number, Truck_Type, Cylinder_Type, Capsule1_MT, Capsule2_MT, Capsule3_MT, Gatepass_No) VALUES ('OD17WN1881', 'Bullet', NULL, 9.73, 8.2, 5.28, 1304);
INSERT INTO Filling_Center (Cylinder_Type, Leakage_Test, Cap_Check, Manual_Test, Gatepass_No) VALUES ('10kg', 0, 0, 1, 1304);
INSERT INTO Security_In VALUES (1305, '2025-09-03', 'TR74HI8288', 'Samarth Shankar', '3727846649', 'Bullet', 17593);
INSERT INTO Security_Out VALUES (1305, '2025-09-03', 'TR74HI8288', 'Raju-Bath', 'Samarth Shankar', '3727846649', 'Bullet', 17593);
INSERT INTO Weighbridge (Gatepass_No, Truck_Type, Weight_In, Weight_Out, In_Time, Out_Time) VALUES (1305, 'Bullet', 20690, 20403, '2025-08-10 15:15', '2025-08-10 20:15');
INSERT INTO Unloading (Vehicle_Number, Truck_Type, Cylinder_Type, Capsule1_MT, Capsule2_MT, Capsule3_MT, Gatepass_No) VALUES ('TR74HI8288', 'Bullet', NULL, 9.06, 8.72, 6.92, 1305);
INSERT INTO Filling_Center (Cylinder_Type, Leakage_Test, Cap_Check, Manual_Test, Gatepass_No) VALUES ('19kg', 0, 1, 1, 1305);
INSERT INTO Security_In VALUES (1306, '2025-08-27', 'BR29DZ7961', 'Gunbir Mangat', '4441458181', 'Bullet', 14063);
INSERT INTO Security_Out VALUES (1306, '2025-08-27', 'BR29DZ7961', 'Chada-Nair', 'Gunbir Mangat', '4441458181', 'Bullet', 14063);
INSERT INTO Weighbridge (Gatepass_No, Truck_Type, Weight_In, Weight_Out, In_Time, Out_Time) VALUES (1306, 'Bullet', 15275, 15125, '2025-07-19 07:21', '2025-07-19 08:21');
INSERT INTO Unloading (Vehicle_Number, Truck_Type, Cylinder_Type, Capsule1_MT, Capsule2_MT, Capsule3_MT, Gatepass_No) VALUES ('BR29DZ7961', 'Bullet', NULL, 6.47, 5.72, 7.4, 1306);
INSERT INTO Filling_Center (Cylinder_Type, Leakage_Test, Cap_Check, Manual_Test, Gatepass_No) VALUES ('47kg', 0, 0, 0, 1306);
INSERT INTO Security_In VALUES (1307, '2025-08-22', 'MZ26RP8760', 'Sudiksha Kale', '2875918435', 'Pack', 7115);
INSERT INTO Security_Out VALUES (1307, '2025-08-22', 'MZ26RP8760', 'Sidhu, Bhatia and Garg', 'Sudiksha Kale', '2875918435', 'Pack', 7115);
INSERT INTO Weighbridge (Gatepass_No, Truck_Type, Weight_In, Weight_Out, In_Time, Out_Time) VALUES (1307, 'Pack', 9281, 9029, '2025-08-02 05:03', '2025-08-02 10:03');
INSERT INTO Loading (Truck_Type, Cylinder_Type, Gatepass_No) VALUES ('Pack', '14kg', 1307);
INSERT INTO Unloading (Vehicle_Number, Truck_Type, Cylinder_Type, Capsule1_MT, Capsule2_MT, Capsule3_MT, Gatepass_No) VALUES ('MZ26RP8760', 'Pack', '14kg', NULL, NULL, NULL, 1307);
INSERT INTO Filling_Center (Cylinder_Type, Leakage_Test, Cap_Check, Manual_Test, Gatepass_No) VALUES ('14.5kg', 0, 1, 1, 1307);
INSERT INTO Security_In VALUES (1308, '2025-07-18', 'ML86TI2541', 'Jasmit Divan', '7292895404', 'Pack', 18475);
INSERT INTO Security_Out VALUES (1308, '2025-07-18', 'ML86TI2541', 'Kalla-Kibe', 'Jasmit Divan', '7292895404', 'Pack', 18475);
INSERT INTO Weighbridge (Gatepass_No, Truck_Type, Weight_In, Weight_Out, In_Time, Out_Time) VALUES (1308, 'Pack', 22886, 22623, '2025-08-15 09:41', '2025-08-15 13:41');
INSERT INTO Loading (Truck_Type, Cylinder_Type, Gatepass_No) VALUES ('Pack', '47kg', 1308);
INSERT INTO Unloading (Vehicle_Number, Truck_Type, Cylinder_Type, Capsule1_MT, Capsule2_MT, Capsule3_MT, Gatepass_No) VALUES ('ML86TI2541', 'Pack', '47kg', NULL, NULL, NULL, 1308);
INSERT INTO Filling_Center (Cylinder_Type, Leakage_Test, Cap_Check, Manual_Test, Gatepass_No) VALUES ('19kg', 1, 1, 1, 1308);
INSERT INTO Security_In VALUES (1309, '2025-09-06', 'PB55VZ4008', 'Pooja Sheth', '7743410683', 'Pack', 1339);
INSERT INTO Security_Out VALUES (1309, '2025-09-06', 'PB55VZ4008', 'Issac, Karnik and Sanghvi', 'Pooja Sheth', '7743410683', 'Pack', 1339);
INSERT INTO Weighbridge (Gatepass_No, Truck_Type, Weight_In, Weight_Out, In_Time, Out_Time) VALUES (1309, 'Pack', 4094, 3792, '2025-08-08 03:33', '2025-08-08 06:33');
INSERT INTO Loading (Truck_Type, Cylinder_Type, Gatepass_No) VALUES ('Pack', '47kg', 1309);
INSERT INTO Unloading (Vehicle_Number, Truck_Type, Cylinder_Type, Capsule1_MT, Capsule2_MT, Capsule3_MT, Gatepass_No) VALUES ('PB55VZ4008', 'Pack', '47kg', NULL, NULL, NULL, 1309);
INSERT INTO Filling_Center (Cylinder_Type, Leakage_Test, Cap_Check, Manual_Test, Gatepass_No) VALUES ('47kg', 1, 0, 1, 1309);
INSERT INTO Security_In VALUES (1310, '2025-08-22', 'GJ35NJ6483', 'Robert Purohit', '1683783489', 'Bullet', 17078);
INSERT INTO Security_Out VALUES (1310, '2025-08-22', 'GJ35NJ6483', 'Lad LLC', 'Robert Purohit', '1683783489', 'Bullet', 17078);
INSERT INTO Weighbridge (Gatepass_No, Truck_Type, Weight_In, Weight_Out, In_Time, Out_Time) VALUES (1310, 'Bullet', 19345, 19047, '2025-09-07 11:09', '2025-09-07 16:09');
INSERT INTO Unloading (Vehicle_Number, Truck_Type, Cylinder_Type, Capsule1_MT, Capsule2_MT, Capsule3_MT, Gatepass_No) VALUES ('GJ35NJ6483', 'Bullet', NULL, 5.75, 8.28, 5.82, 1310);
INSERT INTO Filling_Center (Cylinder_Type, Leakage_Test, Cap_Check, Manual_Test, Gatepass_No) VALUES ('5kg', 0, 1, 1, 1310);
INSERT INTO Security_In VALUES (1311, '2025-07-23', 'MN74PZ6487', 'Lohit Hans', '8971599294', 'Bullet', 6180);
INSERT INTO Security_Out VALUES (1311, '2025-07-23', 'MN74PZ6487', 'Oak Inc', 'Lohit Hans', '8971599294', 'Bullet', 6180);
INSERT INTO Weighbridge (Gatepass_No, Truck_Type, Weight_In, Weight_Out, In_Time, Out_Time) VALUES (1311, 'Bullet', 7576, 7299, '2025-09-15 12:39', '2025-09-15 16:39');
INSERT INTO Unloading (Vehicle_Number, Truck_Type, Cylinder_Type, Capsule1_MT, Capsule2_MT, Capsule3_MT, Gatepass_No) VALUES ('MN74PZ6487', 'Bullet', NULL, 6.09, 9.26, 8.36, 1311);
INSERT INTO Filling_Center (Cylinder_Type, Leakage_Test, Cap_Check, Manual_Test, Gatepass_No) VALUES ('5kg', 0, 1, 0, 1311);
INSERT INTO Security_In VALUES (1312, '2025-09-02', 'AR19GD4089', 'Jagat Malhotra', '2875974080', 'Pack', 7382);
INSERT INTO Security_Out VALUES (1312, '2025-09-02', 'AR19GD4089', 'Verma-Saraf', 'Jagat Malhotra', '2875974080', 'Pack', 7382);
INSERT INTO Weighbridge (Gatepass_No, Truck_Type, Weight_In, Weight_Out, In_Time, Out_Time) VALUES (1312, 'Pack', 10072, 9883, '2025-07-21 22:15', '2025-07-22 01:15');
INSERT INTO Loading (Truck_Type, Cylinder_Type, Gatepass_No) VALUES ('Pack', '19kg', 1312);
INSERT INTO Unloading (Vehicle_Number, Truck_Type, Cylinder_Type, Capsule1_MT, Capsule2_MT, Capsule3_MT, Gatepass_No) VALUES ('AR19GD4089', 'Pack', '19kg', NULL, NULL, NULL, 1312);
INSERT INTO Filling_Center (Cylinder_Type, Leakage_Test, Cap_Check, Manual_Test, Gatepass_No) VALUES ('10kg', 0, 0, 0, 1312);
INSERT INTO Security_In VALUES (1313, '2025-09-09', 'UK58OA5220', 'Ayaan Doshi', '6012168108', 'Bullet', 16540);
INSERT INTO Security_Out VALUES (1313, '2025-09-09', 'UK58OA5220', 'Chanda, Bansal and Morar', 'Ayaan Doshi', '6012168108', 'Bullet', 16540);
INSERT INTO Weighbridge (Gatepass_No, Truck_Type, Weight_In, Weight_Out, In_Time, Out_Time) VALUES (1313, 'Bullet', 17543, 17277, '2025-08-21 13:03', '2025-08-21 18:03');
INSERT INTO Unloading (Vehicle_Number, Truck_Type, Cylinder_Type, Capsule1_MT, Capsule2_MT, Capsule3_MT, Gatepass_No) VALUES ('UK58OA5220', 'Bullet', NULL, 9.64, 9.01, 8.36, 1313);
INSERT INTO Filling_Center (Cylinder_Type, Leakage_Test, Cap_Check, Manual_Test, Gatepass_No) VALUES ('10kg', 1, 1, 1, 1313);
INSERT INTO Security_In VALUES (1314, '2025-08-24', 'MN63PN7053', 'Caleb Sani', '6207346374', 'Pack', 3854);
INSERT INTO Security_Out VALUES (1314, '2025-08-24', 'MN63PN7053', 'Mand Ltd', 'Caleb Sani', '6207346374', 'Pack', 3854);
INSERT INTO Weighbridge (Gatepass_No, Truck_Type, Weight_In, Weight_Out, In_Time, Out_Time) VALUES (1314, 'Pack', 6035, 5547, '2025-08-06 12:38', '2025-08-06 16:38');
INSERT INTO Loading (Truck_Type, Cylinder_Type, Gatepass_No) VALUES ('Pack', '14kg', 1314);
INSERT INTO Unloading (Vehicle_Number, Truck_Type, Cylinder_Type, Capsule1_MT, Capsule2_MT, Capsule3_MT, Gatepass_No) VALUES ('MN63PN7053', 'Pack', '14kg', NULL, NULL, NULL, 1314);
INSERT INTO Filling_Center (Cylinder_Type, Leakage_Test, Cap_Check, Manual_Test, Gatepass_No) VALUES ('19kg', 1, 0, 0, 1314);
INSERT INTO Security_In VALUES (1315, '2025-07-19', 'TN20KF9369', 'Samaksh Borra', '4192353031', 'Pack', 1224);
INSERT INTO Security_Out VALUES (1315, '2025-07-19', 'TN20KF9369', 'Bobal PLC', 'Samaksh Borra', '4192353031', 'Pack', 1224);
INSERT INTO Weighbridge (Gatepass_No, Truck_Type, Weight_In, Weight_Out, In_Time, Out_Time) VALUES (1315, 'Pack', 5869, 5396, '2025-08-02 03:33', '2025-08-02 06:33');
INSERT INTO Loading (Truck_Type, Cylinder_Type, Gatepass_No) VALUES ('Pack', '47kg', 1315);
INSERT INTO Unloading (Vehicle_Number, Truck_Type, Cylinder_Type, Capsule1_MT, Capsule2_MT, Capsule3_MT, Gatepass_No) VALUES ('TN20KF9369', 'Pack', '47kg', NULL, NULL, NULL, 1315);
INSERT INTO Filling_Center (Cylinder_Type, Leakage_Test, Cap_Check, Manual_Test, Gatepass_No) VALUES ('19kg', 1, 0, 1, 1315);
INSERT INTO Security_In VALUES (1316, '2025-07-24', 'MZ24SE8507', 'Arya Luthra', '3838539968', 'Bullet', 17407);
INSERT INTO Security_Out VALUES (1316, '2025-07-24', 'MZ24SE8507', 'Sehgal-Narula', 'Arya Luthra', '3838539968', 'Bullet', 17407);
INSERT INTO Weighbridge (Gatepass_No, Truck_Type, Weight_In, Weight_Out, In_Time, Out_Time) VALUES (1316, 'Bullet', 20922, 20565, '2025-08-14 19:48', '2025-08-14 20:48');
INSERT INTO Unloading (Vehicle_Number, Truck_Type, Cylinder_Type, Capsule1_MT, Capsule2_MT, Capsule3_MT, Gatepass_No) VALUES ('MZ24SE8507', 'Bullet', NULL, 6.42, 6.85, 7.33, 1316);
INSERT INTO Filling_Center (Cylinder_Type, Leakage_Test, Cap_Check, Manual_Test, Gatepass_No) VALUES ('47kg', 0, 1, 1, 1316);
INSERT INTO Security_In VALUES (1317, '2025-08-08', 'WB84TF1078', 'Reyansh Majumdar', '0276284516', 'Bullet', 16603);
INSERT INTO Security_Out VALUES (1317, '2025-08-08', 'WB84TF1078', 'Goel Group', 'Reyansh Majumdar', '0276284516', 'Bullet', 16603);
INSERT INTO Weighbridge (Gatepass_No, Truck_Type, Weight_In, Weight_Out, In_Time, Out_Time) VALUES (1317, 'Bullet', 18242, 17930, '2025-07-20 11:55', '2025-07-20 14:55');
INSERT INTO Unloading (Vehicle_Number, Truck_Type, Cylinder_Type, Capsule1_MT, Capsule2_MT, Capsule3_MT, Gatepass_No) VALUES ('WB84TF1078', 'Bullet', NULL, 7.22, 9.59, 7.12, 1317);
INSERT INTO Filling_Center (Cylinder_Type, Leakage_Test, Cap_Check, Manual_Test, Gatepass_No) VALUES ('5kg', 1, 0, 0, 1317);
INSERT INTO Security_In VALUES (1318, '2025-08-29', 'PB26HX9033', 'Michael Palla', '5394656774', 'Pack', 9572);
INSERT INTO Security_Out VALUES (1318, '2025-08-29', 'PB26HX9033', 'Kapadia-Nadkarni', 'Michael Palla', '5394656774', 'Pack', 9572);
INSERT INTO Weighbridge (Gatepass_No, Truck_Type, Weight_In, Weight_Out, In_Time, Out_Time) VALUES (1318, 'Pack', 11015, 10715, '2025-08-02 04:27', '2025-08-02 09:27');
INSERT INTO Loading (Truck_Type, Cylinder_Type, Gatepass_No) VALUES ('Pack', '47kg', 1318);
INSERT INTO Unloading (Vehicle_Number, Truck_Type, Cylinder_Type, Capsule1_MT, Capsule2_MT, Capsule3_MT, Gatepass_No) VALUES ('PB26HX9033', 'Pack', '47kg', NULL, NULL, NULL, 1318);
INSERT INTO Filling_Center (Cylinder_Type, Leakage_Test, Cap_Check, Manual_Test, Gatepass_No) VALUES ('14.5kg', 0, 1, 0, 1318);
INSERT INTO Security_In VALUES (1319, '2025-08-08', 'MP40MG5667', 'Gaurav Srivastava', '4404780788', 'Bullet', 12038);
INSERT INTO Security_Out VALUES (1319, '2025-08-08', 'MP40MG5667', 'Guha-Vora', 'Gaurav Srivastava', '4404780788', 'Bullet', 12038);
INSERT INTO Weighbridge (Gatepass_No, Truck_Type, Weight_In, Weight_Out, In_Time, Out_Time) VALUES (1319, 'Bullet', 13271, 12795, '2025-08-20 02:43', '2025-08-20 03:43');
INSERT INTO Unloading (Vehicle_Number, Truck_Type, Cylinder_Type, Capsule1_MT, Capsule2_MT, Capsule3_MT, Gatepass_No) VALUES ('MP40MG5667', 'Bullet', NULL, 6.04, 8.38, 9.45, 1319);
INSERT INTO Filling_Center (Cylinder_Type, Leakage_Test, Cap_Check, Manual_Test, Gatepass_No) VALUES ('14.5kg', 1, 1, 1, 1319);
INSERT INTO Security_In VALUES (1320, '2025-08-21', 'ML97TK6585', 'Bhavna Kota', '2405327315', 'Bullet', 2807);
INSERT INTO Security_Out VALUES (1320, '2025-08-21', 'ML97TK6585', 'Bansal, Rau and Virk', 'Bhavna Kota', '2405327315', 'Bullet', 2807);
INSERT INTO Weighbridge (Gatepass_No, Truck_Type, Weight_In, Weight_Out, In_Time, Out_Time) VALUES (1320, 'Bullet', 5017, 4696, '2025-08-13 11:12', '2025-08-13 16:12');
INSERT INTO Unloading (Vehicle_Number, Truck_Type, Cylinder_Type, Capsule1_MT, Capsule2_MT, Capsule3_MT, Gatepass_No) VALUES ('ML97TK6585', 'Bullet', NULL, 8.69, 6.12, 8.96, 1320);
INSERT INTO Filling_Center (Cylinder_Type, Leakage_Test, Cap_Check, Manual_Test, Gatepass_No) VALUES ('14.5kg', 0, 0, 0, 1320);
INSERT INTO Security_In VALUES (1321, '2025-09-08', 'PB20MI1584', 'Wazir Dass', '4355534439', 'Bullet', 4045);
INSERT INTO Security_Out VALUES (1321, '2025-09-08', 'PB20MI1584', 'Dyal and Sons', 'Wazir Dass', '4355534439', 'Bullet', 4045);
INSERT INTO Weighbridge (Gatepass_No, Truck_Type, Weight_In, Weight_Out, In_Time, Out_Time) VALUES (1321, 'Bullet', 8533, 8069, '2025-07-19 13:33', '2025-07-19 16:33');
INSERT INTO Unloading (Vehicle_Number, Truck_Type, Cylinder_Type, Capsule1_MT, Capsule2_MT, Capsule3_MT, Gatepass_No) VALUES ('PB20MI1584', 'Bullet', NULL, 6.23, 8.8, 9.5, 1321);
INSERT INTO Filling_Center (Cylinder_Type, Leakage_Test, Cap_Check, Manual_Test, Gatepass_No) VALUES ('5kg', 0, 1, 1, 1321);
INSERT INTO Security_In VALUES (1322, '2025-07-23', 'KL31HS9682', 'Hredhaan Warrior', '4791776110', 'Bullet', 15472);
INSERT INTO Security_Out VALUES (1322, '2025-07-23', 'KL31HS9682', 'Bali Inc', 'Hredhaan Warrior', '4791776110', 'Bullet', 15472);
INSERT INTO Weighbridge (Gatepass_No, Truck_Type, Weight_In, Weight_Out, In_Time, Out_Time) VALUES (1322, 'Bullet', 19075, 18939, '2025-08-09 13:50', '2025-08-09 16:50');
INSERT INTO Unloading (Vehicle_Number, Truck_Type, Cylinder_Type, Capsule1_MT, Capsule2_MT, Capsule3_MT, Gatepass_No) VALUES ('KL31HS9682', 'Bullet', NULL, 6.58, 7.73, 6.72, 1322);
INSERT INTO Filling_Center (Cylinder_Type, Leakage_Test, Cap_Check, Manual_Test, Gatepass_No) VALUES ('14.5kg', 1, 0, 0, 1322);
INSERT INTO Security_In VALUES (1323, '2025-08-14', 'UP24HX2702', 'Chatura Rama', '5944127908', 'Bullet', 14444);
INSERT INTO Security_Out VALUES (1323, '2025-08-14', 'UP24HX2702', 'Issac-Vala', 'Chatura Rama', '5944127908', 'Bullet', 14444);
INSERT INTO Weighbridge (Gatepass_No, Truck_Type, Weight_In, Weight_Out, In_Time, Out_Time) VALUES (1323, 'Bullet', 18725, 18366, '2025-08-20 06:57', '2025-08-20 07:57');
INSERT INTO Unloading (Vehicle_Number, Truck_Type, Cylinder_Type, Capsule1_MT, Capsule2_MT, Capsule3_MT, Gatepass_No) VALUES ('UP24HX2702', 'Bullet', NULL, 7.48, 9.32, 8.8, 1323);
INSERT INTO Filling_Center (Cylinder_Type, Leakage_Test, Cap_Check, Manual_Test, Gatepass_No) VALUES ('47kg', 0, 1, 0, 1323);
INSERT INTO Security_In VALUES (1324, '2025-07-28', 'KA98QV9655', 'Onkar Madan', '9575632707', 'Pack', 9083);
INSERT INTO Security_Out VALUES (1324, '2025-07-28', 'KA98QV9655', 'Bassi-Upadhyay', 'Onkar Madan', '9575632707', 'Pack', 9083);
INSERT INTO Weighbridge (Gatepass_No, Truck_Type, Weight_In, Weight_Out, In_Time, Out_Time) VALUES (1324, 'Pack', 11090, 10952, '2025-07-20 18:04', '2025-07-20 23:04');
INSERT INTO Loading (Truck_Type, Cylinder_Type, Gatepass_No) VALUES ('Pack', '19kg', 1324);
INSERT INTO Unloading (Vehicle_Number, Truck_Type, Cylinder_Type, Capsule1_MT, Capsule2_MT, Capsule3_MT, Gatepass_No) VALUES ('KA98QV9655', 'Pack', '19kg', NULL, NULL, NULL, 1324);
INSERT INTO Filling_Center (Cylinder_Type, Leakage_Test, Cap_Check, Manual_Test, Gatepass_No) VALUES ('10kg', 1, 0, 1, 1324);
INSERT INTO Security_In VALUES (1325, '2025-08-26', 'MZ76HN8528', 'Harini Ramachandran', '2034203747', 'Bullet', 13715);
INSERT INTO Security_Out VALUES (1325, '2025-08-26', 'MZ76HN8528', 'Sundaram-Joshi', 'Harini Ramachandran', '2034203747', 'Bullet', 13715);
INSERT INTO Weighbridge (Gatepass_No, Truck_Type, Weight_In, Weight_Out, In_Time, Out_Time) VALUES (1325, 'Bullet', 15569, 15439, '2025-09-01 08:13', '2025-09-01 12:13');
INSERT INTO Unloading (Vehicle_Number, Truck_Type, Cylinder_Type, Capsule1_MT, Capsule2_MT, Capsule3_MT, Gatepass_No) VALUES ('MZ76HN8528', 'Bullet', NULL, 9.09, 9.65, 8.25, 1325);
INSERT INTO Filling_Center (Cylinder_Type, Leakage_Test, Cap_Check, Manual_Test, Gatepass_No) VALUES ('19kg', 1, 0, 0, 1325);
INSERT INTO Security_In VALUES (1326, '2025-07-29', 'TS93QB5213', 'Kevin Kaur', '7068528419', 'Bullet', 15537);
INSERT INTO Security_Out VALUES (1326, '2025-07-29', 'TS93QB5213', 'Nagy-Kala', 'Kevin Kaur', '7068528419', 'Bullet', 15537);
INSERT INTO Weighbridge (Gatepass_No, Truck_Type, Weight_In, Weight_Out, In_Time, Out_Time) VALUES (1326, 'Bullet', 19623, 19380, '2025-08-29 21:37', '2025-08-29 22:37');
INSERT INTO Unloading (Vehicle_Number, Truck_Type, Cylinder_Type, Capsule1_MT, Capsule2_MT, Capsule3_MT, Gatepass_No) VALUES ('TS93QB5213', 'Bullet', NULL, 7.15, 6.87, 8.16, 1326);
INSERT INTO Filling_Center (Cylinder_Type, Leakage_Test, Cap_Check, Manual_Test, Gatepass_No) VALUES ('47kg', 1, 0, 1, 1326);
INSERT INTO Security_In VALUES (1327, '2025-09-14', 'GA75TD1623', 'Brijesh Patla', '6504161375', 'Bullet', 3233);
INSERT INTO Security_Out VALUES (1327, '2025-09-14', 'GA75TD1623', 'Ramesh, Dua and Dayal', 'Brijesh Patla', '6504161375', 'Bullet', 3233);
INSERT INTO Weighbridge (Gatepass_No, Truck_Type, Weight_In, Weight_Out, In_Time, Out_Time) VALUES (1327, 'Bullet', 4453, 4027, '2025-08-22 20:00', '2025-08-22 23:00');
INSERT INTO Unloading (Vehicle_Number, Truck_Type, Cylinder_Type, Capsule1_MT, Capsule2_MT, Capsule3_MT, Gatepass_No) VALUES ('GA75TD1623', 'Bullet', NULL, 9.21, 6.39, 5.86, 1327);
INSERT INTO Filling_Center (Cylinder_Type, Leakage_Test, Cap_Check, Manual_Test, Gatepass_No) VALUES ('19kg', 0, 1, 1, 1327);
INSERT INTO Security_In VALUES (1328, '2025-08-06', 'AP46NF2861', 'Mohini Doctor', '1759203894', 'Pack', 9592);
INSERT INTO Security_Out VALUES (1328, '2025-08-06', 'AP46NF2861', 'Rama, Sarma and Chopra', 'Mohini Doctor', '1759203894', 'Pack', 9592);
INSERT INTO Weighbridge (Gatepass_No, Truck_Type, Weight_In, Weight_Out, In_Time, Out_Time) VALUES (1328, 'Pack', 11196, 10755, '2025-09-05 05:52', '2025-09-05 09:52');
INSERT INTO Loading (Truck_Type, Cylinder_Type, Gatepass_No) VALUES ('Pack', '47kg', 1328);
INSERT INTO Unloading (Vehicle_Number, Truck_Type, Cylinder_Type, Capsule1_MT, Capsule2_MT, Capsule3_MT, Gatepass_No) VALUES ('AP46NF2861', 'Pack', '47kg', NULL, NULL, NULL, 1328);
INSERT INTO Filling_Center (Cylinder_Type, Leakage_Test, Cap_Check, Manual_Test, Gatepass_No) VALUES ('10kg', 0, 0, 0, 1328);
INSERT INTO Security_In VALUES (1329, '2025-07-31', 'AS39VY4848', 'Urishilla Mutti', '1572883578', 'Pack', 14719);
INSERT INTO Security_Out VALUES (1329, '2025-07-31', 'AS39VY4848', 'Bose-Narain', 'Urishilla Mutti', '1572883578', 'Pack', 14719);
INSERT INTO Weighbridge (Gatepass_No, Truck_Type, Weight_In, Weight_Out, In_Time, Out_Time) VALUES (1329, 'Pack', 16200, 15836, '2025-08-20 10:45', '2025-08-20 14:45');
INSERT INTO Loading (Truck_Type, Cylinder_Type, Gatepass_No) VALUES ('Pack', '19kg', 1329);
INSERT INTO Unloading (Vehicle_Number, Truck_Type, Cylinder_Type, Capsule1_MT, Capsule2_MT, Capsule3_MT, Gatepass_No) VALUES ('AS39VY4848', 'Pack', '19kg', NULL, NULL, NULL, 1329);
INSERT INTO Filling_Center (Cylinder_Type, Leakage_Test, Cap_Check, Manual_Test, Gatepass_No) VALUES ('5kg', 0, 1, 1, 1329);
INSERT INTO Security_In VALUES (1330, '2025-09-05', 'MP85GB3613', 'Faras Khatri', '0820677209', 'Pack', 19067);
INSERT INTO Security_Out VALUES (1330, '2025-09-05', 'MP85GB3613', 'Gera, Nagy and Ray', 'Faras Khatri', '0820677209', 'Pack', 19067);
INSERT INTO Weighbridge (Gatepass_No, Truck_Type, Weight_In, Weight_Out, In_Time, Out_Time) VALUES (1330, 'Pack', 23262, 23110, '2025-08-03 01:20', '2025-08-03 03:20');
INSERT INTO Loading (Truck_Type, Cylinder_Type, Gatepass_No) VALUES ('Pack', '47kg', 1330);
INSERT INTO Unloading (Vehicle_Number, Truck_Type, Cylinder_Type, Capsule1_MT, Capsule2_MT, Capsule3_MT, Gatepass_No) VALUES ('MP85GB3613', 'Pack', '47kg', NULL, NULL, NULL, 1330);
INSERT INTO Filling_Center (Cylinder_Type, Leakage_Test, Cap_Check, Manual_Test, Gatepass_No) VALUES ('19kg', 0, 0, 0, 1330);
INSERT INTO Security_In VALUES (1331, '2025-08-09', 'TR63HV9721', 'Arin Gill', '8716154346', 'Bullet', 4637);
INSERT INTO Security_Out VALUES (1331, '2025-08-09', 'TR63HV9721', 'Dugal Inc', 'Arin Gill', '8716154346', 'Bullet', 4637);
INSERT INTO Weighbridge (Gatepass_No, Truck_Type, Weight_In, Weight_Out, In_Time, Out_Time) VALUES (1331, 'Bullet', 9220, 9011, '2025-08-03 04:05', '2025-08-03 05:05');
INSERT INTO Unloading (Vehicle_Number, Truck_Type, Cylinder_Type, Capsule1_MT, Capsule2_MT, Capsule3_MT, Gatepass_No) VALUES ('TR63HV9721', 'Bullet', NULL, 5.92, 8.85, 5.17, 1331);
INSERT INTO Filling_Center (Cylinder_Type, Leakage_Test, Cap_Check, Manual_Test, Gatepass_No) VALUES ('19kg', 1, 0, 0, 1331);
INSERT INTO Security_In VALUES (1332, '2025-09-10', 'AR98DB7398', 'Ansh Sethi', '6938516659', 'Bullet', 15968);
INSERT INTO Security_Out VALUES (1332, '2025-09-10', 'AR98DB7398', 'Natt, Gupta and Lad', 'Ansh Sethi', '6938516659', 'Bullet', 15968);
INSERT INTO Weighbridge (Gatepass_No, Truck_Type, Weight_In, Weight_Out, In_Time, Out_Time) VALUES (1332, 'Bullet', 19783, 19558, '2025-09-10 12:41', '2025-09-10 17:41');
INSERT INTO Unloading (Vehicle_Number, Truck_Type, Cylinder_Type, Capsule1_MT, Capsule2_MT, Capsule3_MT, Gatepass_No) VALUES ('AR98DB7398', 'Bullet', NULL, 8.23, 6.32, 5.6, 1332);
INSERT INTO Filling_Center (Cylinder_Type, Leakage_Test, Cap_Check, Manual_Test, Gatepass_No) VALUES ('10kg', 0, 0, 0, 1332);
INSERT INTO Security_In VALUES (1333, '2025-08-20', 'WB76TN8077', 'Brijesh Oza', '7789945092', 'Bullet', 9645);
INSERT INTO Security_Out VALUES (1333, '2025-08-20', 'WB76TN8077', 'Garg-Krishnamurthy', 'Brijesh Oza', '7789945092', 'Bullet', 9645);
INSERT INTO Weighbridge (Gatepass_No, Truck_Type, Weight_In, Weight_Out, In_Time, Out_Time) VALUES (1333, 'Bullet', 12322, 11930, '2025-09-13 01:18', '2025-09-13 02:18');
INSERT INTO Unloading (Vehicle_Number, Truck_Type, Cylinder_Type, Capsule1_MT, Capsule2_MT, Capsule3_MT, Gatepass_No) VALUES ('WB76TN8077', 'Bullet', NULL, 8.05, 7.94, 6.18, 1333);
INSERT INTO Filling_Center (Cylinder_Type, Leakage_Test, Cap_Check, Manual_Test, Gatepass_No) VALUES ('10kg', 0, 1, 0, 1333);
INSERT INTO Security_In VALUES (1334, '2025-07-26', 'UP90NT8226', 'Faqid Pall', '5333673556', 'Bullet', 13291);
INSERT INTO Security_Out VALUES (1334, '2025-07-26', 'UP90NT8226', 'Nayak-Choudhary', 'Faqid Pall', '5333673556', 'Bullet', 13291);
INSERT INTO Weighbridge (Gatepass_No, Truck_Type, Weight_In, Weight_Out, In_Time, Out_Time) VALUES (1334, 'Bullet', 14734, 14525, '2025-07-20 13:04', '2025-07-20 14:04');
INSERT INTO Unloading (Vehicle_Number, Truck_Type, Cylinder_Type, Capsule1_MT, Capsule2_MT, Capsule3_MT, Gatepass_No) VALUES ('UP90NT8226', 'Bullet', NULL, 9.6, 9.97, 5.85, 1334);
INSERT INTO Filling_Center (Cylinder_Type, Leakage_Test, Cap_Check, Manual_Test, Gatepass_No) VALUES ('19kg', 0, 0, 1, 1334);
INSERT INTO Security_In VALUES (1335, '2025-08-14', 'AS73NY8601', 'Deepa Karnik', '0713285864', 'Bullet', 7881);
INSERT INTO Security_Out VALUES (1335, '2025-08-14', 'AS73NY8601', 'Murty-Setty', 'Deepa Karnik', '0713285864', 'Bullet', 7881);
INSERT INTO Weighbridge (Gatepass_No, Truck_Type, Weight_In, Weight_Out, In_Time, Out_Time) VALUES (1335, 'Bullet', 10208, 9769, '2025-09-09 07:44', '2025-09-09 08:44');
INSERT INTO Unloading (Vehicle_Number, Truck_Type, Cylinder_Type, Capsule1_MT, Capsule2_MT, Capsule3_MT, Gatepass_No) VALUES ('AS73NY8601', 'Bullet', NULL, 5.43, 8.41, 8.02, 1335);
INSERT INTO Filling_Center (Cylinder_Type, Leakage_Test, Cap_Check, Manual_Test, Gatepass_No) VALUES ('47kg', 1, 0, 1, 1335);
INSERT INTO Security_In VALUES (1336, '2025-09-14', 'MZ72DW7800', 'Mitesh Handa', '5466516863', 'Bullet', 13037);
INSERT INTO Security_Out VALUES (1336, '2025-09-14', 'MZ72DW7800', 'Salvi LLC', 'Mitesh Handa', '5466516863', 'Bullet', 13037);
INSERT INTO Weighbridge (Gatepass_No, Truck_Type, Weight_In, Weight_Out, In_Time, Out_Time) VALUES (1336, 'Bullet', 17622, 17427, '2025-08-07 02:36', '2025-08-07 05:36');
INSERT INTO Unloading (Vehicle_Number, Truck_Type, Cylinder_Type, Capsule1_MT, Capsule2_MT, Capsule3_MT, Gatepass_No) VALUES ('MZ72DW7800', 'Bullet', NULL, 8.16, 6.7, 5.53, 1336);
INSERT INTO Filling_Center (Cylinder_Type, Leakage_Test, Cap_Check, Manual_Test, Gatepass_No) VALUES ('10kg', 0, 1, 0, 1336);
INSERT INTO Security_In VALUES (1337, '2025-07-22', 'GA32YM3999', 'Ranbir Khosla', '3975574096', 'Pack', 7672);
INSERT INTO Security_Out VALUES (1337, '2025-07-22', 'GA32YM3999', 'Chana-Dora', 'Ranbir Khosla', '3975574096', 'Pack', 7672);
INSERT INTO Weighbridge (Gatepass_No, Truck_Type, Weight_In, Weight_Out, In_Time, Out_Time) VALUES (1337, 'Pack', 9590, 9353, '2025-07-29 23:45', '2025-07-30 04:45');
INSERT INTO Loading (Truck_Type, Cylinder_Type, Gatepass_No) VALUES ('Pack', '14kg', 1337);
INSERT INTO Unloading (Vehicle_Number, Truck_Type, Cylinder_Type, Capsule1_MT, Capsule2_MT, Capsule3_MT, Gatepass_No) VALUES ('GA32YM3999', 'Pack', '14kg', NULL, NULL, NULL, 1337);
INSERT INTO Filling_Center (Cylinder_Type, Leakage_Test, Cap_Check, Manual_Test, Gatepass_No) VALUES ('10kg', 1, 1, 0, 1337);
INSERT INTO Security_In VALUES (1338, '2025-08-01', 'CG86BS8639', 'Guneet Ramaswamy', '7652510301', 'Bullet', 6271);
INSERT INTO Security_Out VALUES (1338, '2025-08-01', 'CG86BS8639', 'Anand LLC', 'Guneet Ramaswamy', '7652510301', 'Bullet', 6271);
INSERT INTO Weighbridge (Gatepass_No, Truck_Type, Weight_In, Weight_Out, In_Time, Out_Time) VALUES (1338, 'Bullet', 9162, 9012, '2025-08-31 02:46', '2025-08-31 06:46');
INSERT INTO Unloading (Vehicle_Number, Truck_Type, Cylinder_Type, Capsule1_MT, Capsule2_MT, Capsule3_MT, Gatepass_No) VALUES ('CG86BS8639', 'Bullet', NULL, 8.84, 6.49, 8.21, 1338);
INSERT INTO Filling_Center (Cylinder_Type, Leakage_Test, Cap_Check, Manual_Test, Gatepass_No) VALUES ('19kg', 0, 1, 0, 1338);
INSERT INTO Security_In VALUES (1339, '2025-09-15', 'WB97LI7423', 'Ekta Warrior', '9795378325', 'Bullet', 19304);
INSERT INTO Security_Out VALUES (1339, '2025-09-15', 'WB97LI7423', 'Varty, Malhotra and Baria', 'Ekta Warrior', '9795378325', 'Bullet', 19304);
INSERT INTO Weighbridge (Gatepass_No, Truck_Type, Weight_In, Weight_Out, In_Time, Out_Time) VALUES (1339, 'Bullet', 23375, 22905, '2025-08-20 20:44', '2025-08-20 22:44');
INSERT INTO Unloading (Vehicle_Number, Truck_Type, Cylinder_Type, Capsule1_MT, Capsule2_MT, Capsule3_MT, Gatepass_No) VALUES ('WB97LI7423', 'Bullet', NULL, 7.68, 9.3, 7.82, 1339);
INSERT INTO Filling_Center (Cylinder_Type, Leakage_Test, Cap_Check, Manual_Test, Gatepass_No) VALUES ('19kg', 0, 0, 0, 1339);
INSERT INTO Security_In VALUES (1340, '2025-09-01', 'HR93BI8882', 'Warda Guha', '3731349373', 'Pack', 6969);
INSERT INTO Security_Out VALUES (1340, '2025-09-01', 'HR93BI8882', 'Kant LLC', 'Warda Guha', '3731349373', 'Pack', 6969);
INSERT INTO Weighbridge (Gatepass_No, Truck_Type, Weight_In, Weight_Out, In_Time, Out_Time) VALUES (1340, 'Pack', 11063, 10644, '2025-08-13 23:19', '2025-08-14 03:19');
INSERT INTO Loading (Truck_Type, Cylinder_Type, Gatepass_No) VALUES ('Pack', '19kg', 1340);
INSERT INTO Unloading (Vehicle_Number, Truck_Type, Cylinder_Type, Capsule1_MT, Capsule2_MT, Capsule3_MT, Gatepass_No) VALUES ('HR93BI8882', 'Pack', '19kg', NULL, NULL, NULL, 1340);
INSERT INTO Filling_Center (Cylinder_Type, Leakage_Test, Cap_Check, Manual_Test, Gatepass_No) VALUES ('5kg', 1, 0, 1, 1340);
INSERT INTO Security_In VALUES (1341, '2025-08-15', 'BR74HZ9564', 'Liam Bhandari', '3631689166', 'Bullet', 15493);
INSERT INTO Security_Out VALUES (1341, '2025-08-15', 'BR74HZ9564', 'Vohra-Wali', 'Liam Bhandari', '3631689166', 'Bullet', 15493);
INSERT INTO Weighbridge (Gatepass_No, Truck_Type, Weight_In, Weight_Out, In_Time, Out_Time) VALUES (1341, 'Bullet', 19586, 19120, '2025-09-10 04:37', '2025-09-10 06:37');
INSERT INTO Unloading (Vehicle_Number, Truck_Type, Cylinder_Type, Capsule1_MT, Capsule2_MT, Capsule3_MT, Gatepass_No) VALUES ('BR74HZ9564', 'Bullet', NULL, 8.6, 9.77, 8.33, 1341);
INSERT INTO Filling_Center (Cylinder_Type, Leakage_Test, Cap_Check, Manual_Test, Gatepass_No) VALUES ('14.5kg', 0, 1, 1, 1341);
INSERT INTO Security_In VALUES (1342, '2025-08-03', 'WB82BG6095', 'Anya Dugar', '5593277597', 'Pack', 16259);
INSERT INTO Security_Out VALUES (1342, '2025-08-03', 'WB82BG6095', 'Kara, Parikh and Narayan', 'Anya Dugar', '5593277597', 'Pack', 16259);
INSERT INTO Weighbridge (Gatepass_No, Truck_Type, Weight_In, Weight_Out, In_Time, Out_Time) VALUES (1342, 'Pack', 17428, 16997, '2025-07-25 04:42', '2025-07-25 09:42');
INSERT INTO Loading (Truck_Type, Cylinder_Type, Gatepass_No) VALUES ('Pack', '19kg', 1342);
INSERT INTO Unloading (Vehicle_Number, Truck_Type, Cylinder_Type, Capsule1_MT, Capsule2_MT, Capsule3_MT, Gatepass_No) VALUES ('WB82BG6095', 'Pack', '19kg', NULL, NULL, NULL, 1342);
INSERT INTO Filling_Center (Cylinder_Type, Leakage_Test, Cap_Check, Manual_Test, Gatepass_No) VALUES ('14.5kg', 0, 0, 0, 1342);
INSERT INTO Security_In VALUES (1343, '2025-09-04', 'SK83IH8370', 'Vansha Chawla', '5542035904', 'Pack', 11169);
INSERT INTO Security_Out VALUES (1343, '2025-09-04', 'SK83IH8370', 'Batra, Ratta and Dixit', 'Vansha Chawla', '5542035904', 'Pack', 11169);
INSERT INTO Weighbridge (Gatepass_No, Truck_Type, Weight_In, Weight_Out, In_Time, Out_Time) VALUES (1343, 'Pack', 14914, 14470, '2025-08-24 13:27', '2025-08-24 14:27');
INSERT INTO Loading (Truck_Type, Cylinder_Type, Gatepass_No) VALUES ('Pack', '19kg', 1343);
INSERT INTO Unloading (Vehicle_Number, Truck_Type, Cylinder_Type, Capsule1_MT, Capsule2_MT, Capsule3_MT, Gatepass_No) VALUES ('SK83IH8370', 'Pack', '19kg', NULL, NULL, NULL, 1343);
INSERT INTO Filling_Center (Cylinder_Type, Leakage_Test, Cap_Check, Manual_Test, Gatepass_No) VALUES ('5kg', 0, 0, 1, 1343);
INSERT INTO Security_In VALUES (1344, '2025-09-08', 'BR62LK8512', 'Lopa Brar', '0433458422', 'Bullet', 3343);
INSERT INTO Security_Out VALUES (1344, '2025-09-08', 'BR62LK8512', 'Raj-Tailor', 'Lopa Brar', '0433458422', 'Bullet', 3343);
INSERT INTO Weighbridge (Gatepass_No, Truck_Type, Weight_In, Weight_Out, In_Time, Out_Time) VALUES (1344, 'Bullet', 5153, 4964, '2025-09-13 21:54', '2025-09-14 00:54');
INSERT INTO Unloading (Vehicle_Number, Truck_Type, Cylinder_Type, Capsule1_MT, Capsule2_MT, Capsule3_MT, Gatepass_No) VALUES ('BR62LK8512', 'Bullet', NULL, 9.25, 9.07, 7.51, 1344);
INSERT INTO Filling_Center (Cylinder_Type, Leakage_Test, Cap_Check, Manual_Test, Gatepass_No) VALUES ('14.5kg', 1, 1, 1, 1344);
INSERT INTO Security_In VALUES (1345, '2025-07-29', 'CG37VQ9517', 'Faraj Dara', '6225925716', 'Bullet', 4959);
INSERT INTO Security_Out VALUES (1345, '2025-07-29', 'CG37VQ9517', 'Natarajan PLC', 'Faraj Dara', '6225925716', 'Bullet', 4959);
INSERT INTO Weighbridge (Gatepass_No, Truck_Type, Weight_In, Weight_Out, In_Time, Out_Time) VALUES (1345, 'Bullet', 7280, 7156, '2025-08-06 15:44', '2025-08-06 20:44');
INSERT INTO Unloading (Vehicle_Number, Truck_Type, Cylinder_Type, Capsule1_MT, Capsule2_MT, Capsule3_MT, Gatepass_No) VALUES ('CG37VQ9517', 'Bullet', NULL, 9.0, 6.03, 8.4, 1345);
INSERT INTO Filling_Center (Cylinder_Type, Leakage_Test, Cap_Check, Manual_Test, Gatepass_No) VALUES ('10kg', 0, 0, 0, 1345);
INSERT INTO Security_In VALUES (1346, '2025-08-20', 'PB87QZ5829', 'Warhi Tank', '6163175827', 'Bullet', 2276);
INSERT INTO Security_Out VALUES (1346, '2025-08-20', 'PB87QZ5829', 'Thaker, Babu and Ravel', 'Warhi Tank', '6163175827', 'Bullet', 2276);
INSERT INTO Weighbridge (Gatepass_No, Truck_Type, Weight_In, Weight_Out, In_Time, Out_Time) VALUES (1346, 'Bullet', 3574, 3154, '2025-09-05 11:07', '2025-09-05 15:07');
INSERT INTO Unloading (Vehicle_Number, Truck_Type, Cylinder_Type, Capsule1_MT, Capsule2_MT, Capsule3_MT, Gatepass_No) VALUES ('PB87QZ5829', 'Bullet', NULL, 8.47, 7.97, 6.38, 1346);
INSERT INTO Filling_Center (Cylinder_Type, Leakage_Test, Cap_Check, Manual_Test, Gatepass_No) VALUES ('47kg', 0, 1, 0, 1346);
INSERT INTO Security_In VALUES (1347, '2025-07-23', 'MN68JT6780', 'Yug Loyal', '6635398612', 'Pack', 18838);
INSERT INTO Security_Out VALUES (1347, '2025-07-23', 'MN68JT6780', 'Narayan Group', 'Yug Loyal', '6635398612', 'Pack', 18838);
INSERT INTO Weighbridge (Gatepass_No, Truck_Type, Weight_In, Weight_Out, In_Time, Out_Time) VALUES (1347, 'Pack', 23160, 22873, '2025-09-14 10:25', '2025-09-14 13:25');
INSERT INTO Loading (Truck_Type, Cylinder_Type, Gatepass_No) VALUES ('Pack', '14kg', 1347);
INSERT INTO Unloading (Vehicle_Number, Truck_Type, Cylinder_Type, Capsule1_MT, Capsule2_MT, Capsule3_MT, Gatepass_No) VALUES ('MN68JT6780', 'Pack', '14kg', NULL, NULL, NULL, 1347);
INSERT INTO Filling_Center (Cylinder_Type, Leakage_Test, Cap_Check, Manual_Test, Gatepass_No) VALUES ('5kg', 0, 1, 1, 1347);
INSERT INTO Security_In VALUES (1348, '2025-07-28', 'AP64RL1553', 'Gayathri Bir', '4841562107', 'Bullet', 3443);
INSERT INTO Security_Out VALUES (1348, '2025-07-28', 'AP64RL1553', 'Jaggi, Gara and Walla', 'Gayathri Bir', '4841562107', 'Bullet', 3443);
INSERT INTO Weighbridge (Gatepass_No, Truck_Type, Weight_In, Weight_Out, In_Time, Out_Time) VALUES (1348, 'Bullet', 8050, 7613, '2025-08-19 17:58', '2025-08-19 18:58');
INSERT INTO Unloading (Vehicle_Number, Truck_Type, Cylinder_Type, Capsule1_MT, Capsule2_MT, Capsule3_MT, Gatepass_No) VALUES ('AP64RL1553', 'Bullet', NULL, 6.79, 8.28, 6.01, 1348);
INSERT INTO Filling_Center (Cylinder_Type, Leakage_Test, Cap_Check, Manual_Test, Gatepass_No) VALUES ('14.5kg', 1, 1, 0, 1348);
INSERT INTO Security_In VALUES (1349, '2025-09-03', 'GA56YM3596', 'Anjali Tata', '8315048814', 'Bullet', 8529);
INSERT INTO Security_Out VALUES (1349, '2025-09-03', 'GA56YM3596', 'Bali PLC', 'Anjali Tata', '8315048814', 'Bullet', 8529);
INSERT INTO Weighbridge (Gatepass_No, Truck_Type, Weight_In, Weight_Out, In_Time, Out_Time) VALUES (1349, 'Bullet', 12150, 11867, '2025-09-14 05:50', '2025-09-14 10:50');
INSERT INTO Unloading (Vehicle_Number, Truck_Type, Cylinder_Type, Capsule1_MT, Capsule2_MT, Capsule3_MT, Gatepass_No) VALUES ('GA56YM3596', 'Bullet', NULL, 7.95, 7.99, 7.15, 1349);
INSERT INTO Filling_Center (Cylinder_Type, Leakage_Test, Cap_Check, Manual_Test, Gatepass_No) VALUES ('47kg', 1, 1, 0, 1349);
INSERT INTO Security_In VALUES (1350, '2025-08-08', 'WB49IJ6895', 'Ayushman Dua', '9427854822', 'Pack', 14338);
INSERT INTO Security_Out VALUES (1350, '2025-08-08', 'WB49IJ6895', 'Agarwal PLC', 'Ayushman Dua', '9427854822', 'Pack', 14338);
INSERT INTO Weighbridge (Gatepass_No, Truck_Type, Weight_In, Weight_Out, In_Time, Out_Time) VALUES (1350, 'Pack', 17693, 17469, '2025-08-12 18:27', '2025-08-12 20:27');
INSERT INTO Loading (Truck_Type, Cylinder_Type, Gatepass_No) VALUES ('Pack', '14kg', 1350);
INSERT INTO Unloading (Vehicle_Number, Truck_Type, Cylinder_Type, Capsule1_MT, Capsule2_MT, Capsule3_MT, Gatepass_No) VALUES ('WB49IJ6895', 'Pack', '14kg', NULL, NULL, NULL, 1350);
INSERT INTO Filling_Center (Cylinder_Type, Leakage_Test, Cap_Check, Manual_Test, Gatepass_No) VALUES ('47kg', 1, 1, 1, 1350);
INSERT INTO Security_In VALUES (1351, '2025-08-15', 'WB91RX6761', 'Yochana Apte', '8614381160', 'Bullet', 10281);
INSERT INTO Security_Out VALUES (1351, '2025-08-15', 'WB91RX6761', 'Chokshi, Nair and Tailor', 'Yochana Apte', '8614381160', 'Bullet', 10281);
INSERT INTO Weighbridge (Gatepass_No, Truck_Type, Weight_In, Weight_Out, In_Time, Out_Time) VALUES (1351, 'Bullet', 12181, 12051, '2025-08-03 10:54', '2025-08-03 13:54');
INSERT INTO Unloading (Vehicle_Number, Truck_Type, Cylinder_Type, Capsule1_MT, Capsule2_MT, Capsule3_MT, Gatepass_No) VALUES ('WB91RX6761', 'Bullet', NULL, 8.79, 6.22, 9.86, 1351);
INSERT INTO Filling_Center (Cylinder_Type, Leakage_Test, Cap_Check, Manual_Test, Gatepass_No) VALUES ('5kg', 1, 1, 1, 1351);
INSERT INTO Security_In VALUES (1352, '2025-09-15', 'WB70CH4087', 'Siya Om', '4107240466', 'Pack', 19806);
INSERT INTO Security_Out VALUES (1352, '2025-09-15', 'WB70CH4087', 'Sahni PLC', 'Siya Om', '4107240466', 'Pack', 19806);
INSERT INTO Weighbridge (Gatepass_No, Truck_Type, Weight_In, Weight_Out, In_Time, Out_Time) VALUES (1352, 'Pack', 21815, 21640, '2025-08-26 01:19', '2025-08-26 03:19');
INSERT INTO Loading (Truck_Type, Cylinder_Type, Gatepass_No) VALUES ('Pack', '14kg', 1352);
INSERT INTO Unloading (Vehicle_Number, Truck_Type, Cylinder_Type, Capsule1_MT, Capsule2_MT, Capsule3_MT, Gatepass_No) VALUES ('WB70CH4087', 'Pack', '14kg', NULL, NULL, NULL, 1352);
INSERT INTO Filling_Center (Cylinder_Type, Leakage_Test, Cap_Check, Manual_Test, Gatepass_No) VALUES ('10kg', 0, 0, 1, 1352);
INSERT INTO Security_In VALUES (1353, '2025-08-09', 'TR54NJ1370', 'Ekbal Garde', '9265709961', 'Bullet', 4789);
INSERT INTO Security_Out VALUES (1353, '2025-08-09', 'TR54NJ1370', 'Aurora PLC', 'Ekbal Garde', '9265709961', 'Bullet', 4789);
INSERT INTO Weighbridge (Gatepass_No, Truck_Type, Weight_In, Weight_Out, In_Time, Out_Time) VALUES (1353, 'Bullet', 7129, 6744, '2025-07-30 09:02', '2025-07-30 13:02');
INSERT INTO Unloading (Vehicle_Number, Truck_Type, Cylinder_Type, Capsule1_MT, Capsule2_MT, Capsule3_MT, Gatepass_No) VALUES ('TR54NJ1370', 'Bullet', NULL, 9.19, 7.9, 5.78, 1353);
INSERT INTO Filling_Center (Cylinder_Type, Leakage_Test, Cap_Check, Manual_Test, Gatepass_No) VALUES ('10kg', 0, 0, 0, 1353);
INSERT INTO Security_In VALUES (1354, '2025-07-27', 'HP26ZA4349', 'Chatresh Naik', '8144174716', 'Bullet', 9859);
INSERT INTO Security_Out VALUES (1354, '2025-07-27', 'HP26ZA4349', 'Nayar-Kota', 'Chatresh Naik', '8144174716', 'Bullet', 9859);
INSERT INTO Weighbridge (Gatepass_No, Truck_Type, Weight_In, Weight_Out, In_Time, Out_Time) VALUES (1354, 'Bullet', 14286, 13818, '2025-08-22 20:40', '2025-08-23 00:40');
INSERT INTO Unloading (Vehicle_Number, Truck_Type, Cylinder_Type, Capsule1_MT, Capsule2_MT, Capsule3_MT, Gatepass_No) VALUES ('HP26ZA4349', 'Bullet', NULL, 8.92, 6.61, 8.91, 1354);
INSERT INTO Filling_Center (Cylinder_Type, Leakage_Test, Cap_Check, Manual_Test, Gatepass_No) VALUES ('47kg', 0, 1, 0, 1354);
INSERT INTO Security_In VALUES (1355, '2025-09-06', 'MP82QB6582', 'Chavvi Sampath', '8833167696', 'Pack', 18584);
INSERT INTO Security_Out VALUES (1355, '2025-09-06', 'MP82QB6582', 'Viswanathan LLC', 'Chavvi Sampath', '8833167696', 'Pack', 18584);
INSERT INTO Weighbridge (Gatepass_No, Truck_Type, Weight_In, Weight_Out, In_Time, Out_Time) VALUES (1355, 'Pack', 20707, 20587, '2025-08-29 08:39', '2025-08-29 10:39');
INSERT INTO Loading (Truck_Type, Cylinder_Type, Gatepass_No) VALUES ('Pack', '14kg', 1355);
INSERT INTO Unloading (Vehicle_Number, Truck_Type, Cylinder_Type, Capsule1_MT, Capsule2_MT, Capsule3_MT, Gatepass_No) VALUES ('MP82QB6582', 'Pack', '14kg', NULL, NULL, NULL, 1355);
INSERT INTO Filling_Center (Cylinder_Type, Leakage_Test, Cap_Check, Manual_Test, Gatepass_No) VALUES ('10kg', 0, 1, 0, 1355);
INSERT INTO Security_In VALUES (1356, '2025-09-12', 'UP79RF1103', 'Pavani Chanda', '9984529558', 'Bullet', 17910);
INSERT INTO Security_Out VALUES (1356, '2025-09-12', 'UP79RF1103', 'Sangha and Sons', 'Pavani Chanda', '9984529558', 'Bullet', 17910);
INSERT INTO Weighbridge (Gatepass_No, Truck_Type, Weight_In, Weight_Out, In_Time, Out_Time) VALUES (1356, 'Bullet', 21328, 21153, '2025-07-23 00:36', '2025-07-23 01:36');
INSERT INTO Unloading (Vehicle_Number, Truck_Type, Cylinder_Type, Capsule1_MT, Capsule2_MT, Capsule3_MT, Gatepass_No) VALUES ('UP79RF1103', 'Bullet', NULL, 6.89, 5.57, 5.85, 1356);
INSERT INTO Filling_Center (Cylinder_Type, Leakage_Test, Cap_Check, Manual_Test, Gatepass_No) VALUES ('14.5kg', 1, 0, 1, 1356);
INSERT INTO Security_In VALUES (1357, '2025-09-13', 'MP60PG5640', 'Falguni Sehgal', '9531977524', 'Pack', 10424);
INSERT INTO Security_Out VALUES (1357, '2025-09-13', 'MP60PG5640', 'Ravel-Kamdar', 'Falguni Sehgal', '9531977524', 'Pack', 10424);
INSERT INTO Weighbridge (Gatepass_No, Truck_Type, Weight_In, Weight_Out, In_Time, Out_Time) VALUES (1357, 'Pack', 14034, 13914, '2025-08-30 08:19', '2025-08-30 09:19');
INSERT INTO Loading (Truck_Type, Cylinder_Type, Gatepass_No) VALUES ('Pack', '47kg', 1357);
INSERT INTO Unloading (Vehicle_Number, Truck_Type, Cylinder_Type, Capsule1_MT, Capsule2_MT, Capsule3_MT, Gatepass_No) VALUES ('MP60PG5640', 'Pack', '47kg', NULL, NULL, NULL, 1357);
INSERT INTO Filling_Center (Cylinder_Type, Leakage_Test, Cap_Check, Manual_Test, Gatepass_No) VALUES ('19kg', 0, 1, 0, 1357);
INSERT INTO Security_In VALUES (1358, '2025-08-22', 'MH30GK2085', 'Anmol Madan', '5321833929', 'Bullet', 6149);
INSERT INTO Security_Out VALUES (1358, '2025-08-22', 'MH30GK2085', 'Khalsa and Sons', 'Anmol Madan', '5321833929', 'Bullet', 6149);
INSERT INTO Weighbridge (Gatepass_No, Truck_Type, Weight_In, Weight_Out, In_Time, Out_Time) VALUES (1358, 'Bullet', 8502, 8117, '2025-07-25 02:20', '2025-07-25 05:20');
INSERT INTO Unloading (Vehicle_Number, Truck_Type, Cylinder_Type, Capsule1_MT, Capsule2_MT, Capsule3_MT, Gatepass_No) VALUES ('MH30GK2085', 'Bullet', NULL, 6.97, 5.8, 5.49, 1358);
INSERT INTO Filling_Center (Cylinder_Type, Leakage_Test, Cap_Check, Manual_Test, Gatepass_No) VALUES ('10kg', 0, 1, 1, 1358);
INSERT INTO Security_In VALUES (1359, '2025-07-29', 'AP14VW4546', 'Hritik Kar', '7550722453', 'Pack', 18649);
INSERT INTO Security_Out VALUES (1359, '2025-07-29', 'AP14VW4546', 'Yogi PLC', 'Hritik Kar', '7550722453', 'Pack', 18649);
INSERT INTO Weighbridge (Gatepass_No, Truck_Type, Weight_In, Weight_Out, In_Time, Out_Time) VALUES (1359, 'Pack', 21911, 21795, '2025-09-11 05:11', '2025-09-11 09:11');
INSERT INTO Loading (Truck_Type, Cylinder_Type, Gatepass_No) VALUES ('Pack', '19kg', 1359);
INSERT INTO Unloading (Vehicle_Number, Truck_Type, Cylinder_Type, Capsule1_MT, Capsule2_MT, Capsule3_MT, Gatepass_No) VALUES ('AP14VW4546', 'Pack', '19kg', NULL, NULL, NULL, 1359);
INSERT INTO Filling_Center (Cylinder_Type, Leakage_Test, Cap_Check, Manual_Test, Gatepass_No) VALUES ('47kg', 1, 0, 0, 1359);
INSERT INTO Security_In VALUES (1360, '2025-08-30', 'KL67YY3246', 'Charita Boase', '5711974596', 'Pack', 14633);
INSERT INTO Security_Out VALUES (1360, '2025-08-30', 'KL67YY3246', 'Menon-Kumer', 'Charita Boase', '5711974596', 'Pack', 14633);
INSERT INTO Weighbridge (Gatepass_No, Truck_Type, Weight_In, Weight_Out, In_Time, Out_Time) VALUES (1360, 'Pack', 17320, 17012, '2025-09-05 03:02', '2025-09-05 06:02');
INSERT INTO Loading (Truck_Type, Cylinder_Type, Gatepass_No) VALUES ('Pack', '19kg', 1360);
INSERT INTO Unloading (Vehicle_Number, Truck_Type, Cylinder_Type, Capsule1_MT, Capsule2_MT, Capsule3_MT, Gatepass_No) VALUES ('KL67YY3246', 'Pack', '19kg', NULL, NULL, NULL, 1360);
INSERT INTO Filling_Center (Cylinder_Type, Leakage_Test, Cap_Check, Manual_Test, Gatepass_No) VALUES ('47kg', 0, 0, 0, 1360);
INSERT INTO Security_In VALUES (1361, '2025-08-21', 'KL77GO7326', 'Quincy Pandey', '2238292881', 'Pack', 13255);
INSERT INTO Security_Out VALUES (1361, '2025-08-21', 'KL77GO7326', 'Mitter-Barad', 'Quincy Pandey', '2238292881', 'Pack', 13255);
INSERT INTO Weighbridge (Gatepass_No, Truck_Type, Weight_In, Weight_Out, In_Time, Out_Time) VALUES (1361, 'Pack', 16969, 16849, '2025-08-02 23:54', '2025-08-03 01:54');
INSERT INTO Loading (Truck_Type, Cylinder_Type, Gatepass_No) VALUES ('Pack', '47kg', 1361);
INSERT INTO Unloading (Vehicle_Number, Truck_Type, Cylinder_Type, Capsule1_MT, Capsule2_MT, Capsule3_MT, Gatepass_No) VALUES ('KL77GO7326', 'Pack', '47kg', NULL, NULL, NULL, 1361);
INSERT INTO Filling_Center (Cylinder_Type, Leakage_Test, Cap_Check, Manual_Test, Gatepass_No) VALUES ('14.5kg', 0, 0, 0, 1361);
INSERT INTO Security_In VALUES (1362, '2025-08-12', 'AR36FK3222', 'Ijaya Mander', '9361850242', 'Pack', 19167);
INSERT INTO Security_Out VALUES (1362, '2025-08-12', 'AR36FK3222', 'Dalal, Dugal and Gala', 'Ijaya Mander', '9361850242', 'Pack', 19167);
INSERT INTO Weighbridge (Gatepass_No, Truck_Type, Weight_In, Weight_Out, In_Time, Out_Time) VALUES (1362, 'Pack', 21014, 20752, '2025-08-26 19:36', '2025-08-26 21:36');
INSERT INTO Loading (Truck_Type, Cylinder_Type, Gatepass_No) VALUES ('Pack', '14kg', 1362);
INSERT INTO Unloading (Vehicle_Number, Truck_Type, Cylinder_Type, Capsule1_MT, Capsule2_MT, Capsule3_MT, Gatepass_No) VALUES ('AR36FK3222', 'Pack', '14kg', NULL, NULL, NULL, 1362);
INSERT INTO Filling_Center (Cylinder_Type, Leakage_Test, Cap_Check, Manual_Test, Gatepass_No) VALUES ('19kg', 0, 1, 1, 1362);
INSERT INTO Security_In VALUES (1363, '2025-08-26', 'ML19NR1668', 'Yatan Chaudhari', '9960402150', 'Bullet', 8114);
INSERT INTO Security_Out VALUES (1363, '2025-08-26', 'ML19NR1668', 'Kari-Bandi', 'Yatan Chaudhari', '9960402150', 'Bullet', 8114);
INSERT INTO Weighbridge (Gatepass_No, Truck_Type, Weight_In, Weight_Out, In_Time, Out_Time) VALUES (1363, 'Bullet', 12073, 11693, '2025-08-28 20:26', '2025-08-28 23:26');
INSERT INTO Unloading (Vehicle_Number, Truck_Type, Cylinder_Type, Capsule1_MT, Capsule2_MT, Capsule3_MT, Gatepass_No) VALUES ('ML19NR1668', 'Bullet', NULL, 9.8, 5.42, 9.11, 1363);
INSERT INTO Filling_Center (Cylinder_Type, Leakage_Test, Cap_Check, Manual_Test, Gatepass_No) VALUES ('5kg', 0, 0, 1, 1363);
INSERT INTO Security_In VALUES (1364, '2025-08-04', 'JH92DZ1643', 'Noah Memon', '4323126883', 'Pack', 6726);
INSERT INTO Security_Out VALUES (1364, '2025-08-04', 'JH92DZ1643', 'Anand, Viswanathan and Varkey', 'Noah Memon', '4323126883', 'Pack', 6726);
INSERT INTO Weighbridge (Gatepass_No, Truck_Type, Weight_In, Weight_Out, In_Time, Out_Time) VALUES (1364, 'Pack', 9120, 8744, '2025-07-28 07:24', '2025-07-28 09:24');
INSERT INTO Loading (Truck_Type, Cylinder_Type, Gatepass_No) VALUES ('Pack', '14kg', 1364);
INSERT INTO Unloading (Vehicle_Number, Truck_Type, Cylinder_Type, Capsule1_MT, Capsule2_MT, Capsule3_MT, Gatepass_No) VALUES ('JH92DZ1643', 'Pack', '14kg', NULL, NULL, NULL, 1364);
INSERT INTO Filling_Center (Cylinder_Type, Leakage_Test, Cap_Check, Manual_Test, Gatepass_No) VALUES ('19kg', 0, 0, 0, 1364);
INSERT INTO Security_In VALUES (1365, '2025-08-17', 'HR29JE3790', 'Owen Sandhu', '4451777038', 'Pack', 4477);
INSERT INTO Security_Out VALUES (1365, '2025-08-17', 'HR29JE3790', 'Jain LLC', 'Owen Sandhu', '4451777038', 'Pack', 4477);
INSERT INTO Weighbridge (Gatepass_No, Truck_Type, Weight_In, Weight_Out, In_Time, Out_Time) VALUES (1365, 'Pack', 6857, 6386, '2025-07-24 15:02', '2025-07-24 19:02');
INSERT INTO Loading (Truck_Type, Cylinder_Type, Gatepass_No) VALUES ('Pack', '47kg', 1365);
INSERT INTO Unloading (Vehicle_Number, Truck_Type, Cylinder_Type, Capsule1_MT, Capsule2_MT, Capsule3_MT, Gatepass_No) VALUES ('HR29JE3790', 'Pack', '47kg', NULL, NULL, NULL, 1365);
INSERT INTO Filling_Center (Cylinder_Type, Leakage_Test, Cap_Check, Manual_Test, Gatepass_No) VALUES ('14.5kg', 0, 0, 0, 1365);
INSERT INTO Security_In VALUES (1366, '2025-08-29', 'CG97FV6163', 'Anita More', '7404337714', 'Bullet', 6394);
INSERT INTO Security_Out VALUES (1366, '2025-08-29', 'CG97FV6163', 'Badami, Parsa and Nanda', 'Anita More', '7404337714', 'Bullet', 6394);
INSERT INTO Weighbridge (Gatepass_No, Truck_Type, Weight_In, Weight_Out, In_Time, Out_Time) VALUES (1366, 'Bullet', 7758, 7612, '2025-09-06 21:33', '2025-09-07 01:33');
INSERT INTO Unloading (Vehicle_Number, Truck_Type, Cylinder_Type, Capsule1_MT, Capsule2_MT, Capsule3_MT, Gatepass_No) VALUES ('CG97FV6163', 'Bullet', NULL, 7.78, 8.69, 6.25, 1366);
INSERT INTO Filling_Center (Cylinder_Type, Leakage_Test, Cap_Check, Manual_Test, Gatepass_No) VALUES ('47kg', 1, 0, 1, 1366);
INSERT INTO Security_In VALUES (1367, '2025-07-31', 'GA95HR5682', 'Chakradev Varty', '0167890888', 'Pack', 14743);
INSERT INTO Security_Out VALUES (1367, '2025-07-31', 'GA95HR5682', 'Das-Bakshi', 'Chakradev Varty', '0167890888', 'Pack', 14743);
INSERT INTO Weighbridge (Gatepass_No, Truck_Type, Weight_In, Weight_Out, In_Time, Out_Time) VALUES (1367, 'Pack', 18917, 18753, '2025-07-28 10:31', '2025-07-28 15:31');
INSERT INTO Loading (Truck_Type, Cylinder_Type, Gatepass_No) VALUES ('Pack', '47kg', 1367);
INSERT INTO Unloading (Vehicle_Number, Truck_Type, Cylinder_Type, Capsule1_MT, Capsule2_MT, Capsule3_MT, Gatepass_No) VALUES ('GA95HR5682', 'Pack', '47kg', NULL, NULL, NULL, 1367);
INSERT INTO Filling_Center (Cylinder_Type, Leakage_Test, Cap_Check, Manual_Test, Gatepass_No) VALUES ('14.5kg', 1, 0, 1, 1367);
INSERT INTO Security_In VALUES (1368, '2025-09-06', 'KL83CI4868', 'Manthan Sethi', '6036308210', 'Pack', 16596);
INSERT INTO Security_Out VALUES (1368, '2025-09-06', 'KL83CI4868', 'Wali-Madan', 'Manthan Sethi', '6036308210', 'Pack', 16596);
INSERT INTO Weighbridge (Gatepass_No, Truck_Type, Weight_In, Weight_Out, In_Time, Out_Time) VALUES (1368, 'Pack', 18703, 18408, '2025-07-31 21:09', '2025-07-31 23:09');
INSERT INTO Loading (Truck_Type, Cylinder_Type, Gatepass_No) VALUES ('Pack', '19kg', 1368);
INSERT INTO Unloading (Vehicle_Number, Truck_Type, Cylinder_Type, Capsule1_MT, Capsule2_MT, Capsule3_MT, Gatepass_No) VALUES ('KL83CI4868', 'Pack', '19kg', NULL, NULL, NULL, 1368);
INSERT INTO Filling_Center (Cylinder_Type, Leakage_Test, Cap_Check, Manual_Test, Gatepass_No) VALUES ('47kg', 0, 1, 1, 1368);
INSERT INTO Security_In VALUES (1369, '2025-09-15', 'JH11MK4896', 'Naksh Som', '3695205225', 'Pack', 5037);
INSERT INTO Security_Out VALUES (1369, '2025-09-15', 'JH11MK4896', 'Bedi, Pillai and Muni', 'Naksh Som', '3695205225', 'Pack', 5037);
INSERT INTO Weighbridge (Gatepass_No, Truck_Type, Weight_In, Weight_Out, In_Time, Out_Time) VALUES (1369, 'Pack', 6273, 6122, '2025-09-01 11:12', '2025-09-01 14:12');
INSERT INTO Loading (Truck_Type, Cylinder_Type, Gatepass_No) VALUES ('Pack', '47kg', 1369);
INSERT INTO Unloading (Vehicle_Number, Truck_Type, Cylinder_Type, Capsule1_MT, Capsule2_MT, Capsule3_MT, Gatepass_No) VALUES ('JH11MK4896', 'Pack', '47kg', NULL, NULL, NULL, 1369);
INSERT INTO Filling_Center (Cylinder_Type, Leakage_Test, Cap_Check, Manual_Test, Gatepass_No) VALUES ('14.5kg', 1, 0, 0, 1369);
INSERT INTO Security_In VALUES (1370, '2025-08-18', 'MP83GP5394', 'Caleb Basu', '8952725224', 'Bullet', 14720);
INSERT INTO Security_Out VALUES (1370, '2025-08-18', 'MP83GP5394', 'Ranganathan PLC', 'Caleb Basu', '8952725224', 'Bullet', 14720);
INSERT INTO Weighbridge (Gatepass_No, Truck_Type, Weight_In, Weight_Out, In_Time, Out_Time) VALUES (1370, 'Bullet', 16693, 16319, '2025-08-29 16:04', '2025-08-29 21:04');
INSERT INTO Unloading (Vehicle_Number, Truck_Type, Cylinder_Type, Capsule1_MT, Capsule2_MT, Capsule3_MT, Gatepass_No) VALUES ('MP83GP5394', 'Bullet', NULL, 9.4, 9.57, 6.43, 1370);
INSERT INTO Filling_Center (Cylinder_Type, Leakage_Test, Cap_Check, Manual_Test, Gatepass_No) VALUES ('10kg', 1, 1, 1, 1370);
INSERT INTO Security_In VALUES (1371, '2025-09-07', 'AP44YD4406', 'Nitara Kaul', '9796683214', 'Bullet', 2687);
INSERT INTO Security_Out VALUES (1371, '2025-09-07', 'AP44YD4406', 'Balakrishnan, Saha and Goel', 'Nitara Kaul', '9796683214', 'Bullet', 2687);
INSERT INTO Weighbridge (Gatepass_No, Truck_Type, Weight_In, Weight_Out, In_Time, Out_Time) VALUES (1371, 'Bullet', 6328, 6068, '2025-08-14 08:33', '2025-08-14 11:33');
INSERT INTO Unloading (Vehicle_Number, Truck_Type, Cylinder_Type, Capsule1_MT, Capsule2_MT, Capsule3_MT, Gatepass_No) VALUES ('AP44YD4406', 'Bullet', NULL, 5.12, 8.13, 6.26, 1371);
INSERT INTO Filling_Center (Cylinder_Type, Leakage_Test, Cap_Check, Manual_Test, Gatepass_No) VALUES ('5kg', 1, 1, 1, 1371);
INSERT INTO Security_In VALUES (1372, '2025-07-28', 'BR21BR7689', 'Charles Sachdeva', '8096155660', 'Bullet', 10643);
INSERT INTO Security_Out VALUES (1372, '2025-07-28', 'BR21BR7689', 'Taneja, Koshy and Vyas', 'Charles Sachdeva', '8096155660', 'Bullet', 10643);
INSERT INTO Weighbridge (Gatepass_No, Truck_Type, Weight_In, Weight_Out, In_Time, Out_Time) VALUES (1372, 'Bullet', 14671, 14513, '2025-08-04 18:57', '2025-08-04 20:57');
INSERT INTO Unloading (Vehicle_Number, Truck_Type, Cylinder_Type, Capsule1_MT, Capsule2_MT, Capsule3_MT, Gatepass_No) VALUES ('BR21BR7689', 'Bullet', NULL, 5.06, 5.24, 7.54, 1372);
INSERT INTO Filling_Center (Cylinder_Type, Leakage_Test, Cap_Check, Manual_Test, Gatepass_No) VALUES ('10kg', 0, 1, 1, 1372);
INSERT INTO Security_In VALUES (1373, '2025-08-14', 'PB22ZM8246', 'Jason Narain', '4123244587', 'Pack', 6176);
INSERT INTO Security_Out VALUES (1373, '2025-08-14', 'PB22ZM8246', 'Hora-Kalla', 'Jason Narain', '4123244587', 'Pack', 6176);
INSERT INTO Weighbridge (Gatepass_No, Truck_Type, Weight_In, Weight_Out, In_Time, Out_Time) VALUES (1373, 'Pack', 8496, 8115, '2025-07-29 18:16', '2025-07-29 20:16');
INSERT INTO Loading (Truck_Type, Cylinder_Type, Gatepass_No) VALUES ('Pack', '14kg', 1373);
INSERT INTO Unloading (Vehicle_Number, Truck_Type, Cylinder_Type, Capsule1_MT, Capsule2_MT, Capsule3_MT, Gatepass_No) VALUES ('PB22ZM8246', 'Pack', '14kg', NULL, NULL, NULL, 1373);
INSERT INTO Filling_Center (Cylinder_Type, Leakage_Test, Cap_Check, Manual_Test, Gatepass_No) VALUES ('14.5kg', 0, 0, 0, 1373);
INSERT INTO Security_In VALUES (1374, '2025-08-21', 'HR55AN9588', 'Onkar Aggarwal', '7191165304', 'Pack', 18912);
INSERT INTO Security_Out VALUES (1374, '2025-08-21', 'HR55AN9588', 'Zachariah-Krish', 'Onkar Aggarwal', '7191165304', 'Pack', 18912);
INSERT INTO Weighbridge (Gatepass_No, Truck_Type, Weight_In, Weight_Out, In_Time, Out_Time) VALUES (1374, 'Pack', 21811, 21531, '2025-09-02 04:30', '2025-09-02 08:30');
INSERT INTO Loading (Truck_Type, Cylinder_Type, Gatepass_No) VALUES ('Pack', '19kg', 1374);
INSERT INTO Unloading (Vehicle_Number, Truck_Type, Cylinder_Type, Capsule1_MT, Capsule2_MT, Capsule3_MT, Gatepass_No) VALUES ('HR55AN9588', 'Pack', '19kg', NULL, NULL, NULL, 1374);
INSERT INTO Filling_Center (Cylinder_Type, Leakage_Test, Cap_Check, Manual_Test, Gatepass_No) VALUES ('47kg', 1, 0, 1, 1374);
INSERT INTO Security_In VALUES (1375, '2025-08-20', 'MN60OQ2116', 'Maya Rege', '6657886262', 'Pack', 8115);
INSERT INTO Security_Out VALUES (1375, '2025-08-20', 'MN60OQ2116', 'Pingle-Shere', 'Maya Rege', '6657886262', 'Pack', 8115);
INSERT INTO Weighbridge (Gatepass_No, Truck_Type, Weight_In, Weight_Out, In_Time, Out_Time) VALUES (1375, 'Pack', 9535, 9403, '2025-08-21 09:28', '2025-08-21 11:28');
INSERT INTO Loading (Truck_Type, Cylinder_Type, Gatepass_No) VALUES ('Pack', '19kg', 1375);
INSERT INTO Unloading (Vehicle_Number, Truck_Type, Cylinder_Type, Capsule1_MT, Capsule2_MT, Capsule3_MT, Gatepass_No) VALUES ('MN60OQ2116', 'Pack', '19kg', NULL, NULL, NULL, 1375);
INSERT INTO Filling_Center (Cylinder_Type, Leakage_Test, Cap_Check, Manual_Test, Gatepass_No) VALUES ('19kg', 1, 1, 1, 1375);
INSERT INTO Security_In VALUES (1376, '2025-09-03', 'ML93AN8336', 'Urmi Bora', '9811877753', 'Pack', 1802);
INSERT INTO Security_Out VALUES (1376, '2025-09-03', 'ML93AN8336', 'Chokshi, Sachdeva and Andra', 'Urmi Bora', '9811877753', 'Pack', 1802);
INSERT INTO Weighbridge (Gatepass_No, Truck_Type, Weight_In, Weight_Out, In_Time, Out_Time) VALUES (1376, 'Pack', 5984, 5701, '2025-08-21 20:18', '2025-08-22 00:18');
INSERT INTO Loading (Truck_Type, Cylinder_Type, Gatepass_No) VALUES ('Pack', '14kg', 1376);
INSERT INTO Unloading (Vehicle_Number, Truck_Type, Cylinder_Type, Capsule1_MT, Capsule2_MT, Capsule3_MT, Gatepass_No) VALUES ('ML93AN8336', 'Pack', '14kg', NULL, NULL, NULL, 1376);
INSERT INTO Filling_Center (Cylinder_Type, Leakage_Test, Cap_Check, Manual_Test, Gatepass_No) VALUES ('5kg', 0, 0, 1, 1376);
INSERT INTO Security_In VALUES (1377, '2025-08-02', 'HP11OC1587', 'Avni Bhat', '1757029800', 'Pack', 7917);
INSERT INTO Security_Out VALUES (1377, '2025-08-02', 'HP11OC1587', 'Tella, Sant and Peri', 'Avni Bhat', '1757029800', 'Pack', 7917);
INSERT INTO Weighbridge (Gatepass_No, Truck_Type, Weight_In, Weight_Out, In_Time, Out_Time) VALUES (1377, 'Pack', 10273, 9942, '2025-08-21 09:49', '2025-08-21 14:49');
INSERT INTO Loading (Truck_Type, Cylinder_Type, Gatepass_No) VALUES ('Pack', '47kg', 1377);
INSERT INTO Unloading (Vehicle_Number, Truck_Type, Cylinder_Type, Capsule1_MT, Capsule2_MT, Capsule3_MT, Gatepass_No) VALUES ('HP11OC1587', 'Pack', '47kg', NULL, NULL, NULL, 1377);
INSERT INTO Filling_Center (Cylinder_Type, Leakage_Test, Cap_Check, Manual_Test, Gatepass_No) VALUES ('19kg', 1, 0, 0, 1377);
INSERT INTO Security_In VALUES (1378, '2025-08-03', 'PB47BK8172', 'Anika Raj', '8550603348', 'Pack', 8417);
INSERT INTO Security_Out VALUES (1378, '2025-08-03', 'PB47BK8172', 'Wable, Din and Chada', 'Anika Raj', '8550603348', 'Pack', 8417);
INSERT INTO Weighbridge (Gatepass_No, Truck_Type, Weight_In, Weight_Out, In_Time, Out_Time) VALUES (1378, 'Pack', 11842, 11557, '2025-09-10 08:07', '2025-09-10 12:07');
INSERT INTO Loading (Truck_Type, Cylinder_Type, Gatepass_No) VALUES ('Pack', '14kg', 1378);
INSERT INTO Unloading (Vehicle_Number, Truck_Type, Cylinder_Type, Capsule1_MT, Capsule2_MT, Capsule3_MT, Gatepass_No) VALUES ('PB47BK8172', 'Pack', '14kg', NULL, NULL, NULL, 1378);
INSERT INTO Filling_Center (Cylinder_Type, Leakage_Test, Cap_Check, Manual_Test, Gatepass_No) VALUES ('14.5kg', 0, 1, 0, 1378);
INSERT INTO Security_In VALUES (1379, '2025-08-10', 'HR65XY6334', 'Gagan Bava', '7449391090', 'Bullet', 16579);
INSERT INTO Security_Out VALUES (1379, '2025-08-10', 'HR65XY6334', 'Sur-Keer', 'Gagan Bava', '7449391090', 'Bullet', 16579);
INSERT INTO Weighbridge (Gatepass_No, Truck_Type, Weight_In, Weight_Out, In_Time, Out_Time) VALUES (1379, 'Bullet', 18626, 18177, '2025-08-21 12:20', '2025-08-21 17:20');
INSERT INTO Unloading (Vehicle_Number, Truck_Type, Cylinder_Type, Capsule1_MT, Capsule2_MT, Capsule3_MT, Gatepass_No) VALUES ('HR65XY6334', 'Bullet', NULL, 9.37, 6.43, 5.74, 1379);
INSERT INTO Filling_Center (Cylinder_Type, Leakage_Test, Cap_Check, Manual_Test, Gatepass_No) VALUES ('10kg', 1, 0, 0, 1379);
INSERT INTO Security_In VALUES (1380, '2025-09-15', 'KA65BC6252', 'Ishwar Naik', '3869231443', 'Bullet', 19952);
INSERT INTO Security_Out VALUES (1380, '2025-09-15', 'KA65BC6252', 'Rama Ltd', 'Ishwar Naik', '3869231443', 'Bullet', 19952);
INSERT INTO Weighbridge (Gatepass_No, Truck_Type, Weight_In, Weight_Out, In_Time, Out_Time) VALUES (1380, 'Bullet', 24571, 24316, '2025-07-25 16:20', '2025-07-25 20:20');
INSERT INTO Unloading (Vehicle_Number, Truck_Type, Cylinder_Type, Capsule1_MT, Capsule2_MT, Capsule3_MT, Gatepass_No) VALUES ('KA65BC6252', 'Bullet', NULL, 9.45, 5.51, 9.72, 1380);
INSERT INTO Filling_Center (Cylinder_Type, Leakage_Test, Cap_Check, Manual_Test, Gatepass_No) VALUES ('19kg', 0, 1, 0, 1380);
INSERT INTO Security_In VALUES (1381, '2025-09-07', 'ML75YB6370', 'Chanchal Balakrishnan', '3766250854', 'Bullet', 13576);
INSERT INTO Security_Out VALUES (1381, '2025-09-07', 'ML75YB6370', 'Bhargava, Verma and Narasimhan', 'Chanchal Balakrishnan', '3766250854', 'Bullet', 13576);
INSERT INTO Weighbridge (Gatepass_No, Truck_Type, Weight_In, Weight_Out, In_Time, Out_Time) VALUES (1381, 'Bullet', 15642, 15489, '2025-08-29 07:35', '2025-08-29 08:35');
INSERT INTO Unloading (Vehicle_Number, Truck_Type, Cylinder_Type, Capsule1_MT, Capsule2_MT, Capsule3_MT, Gatepass_No) VALUES ('ML75YB6370', 'Bullet', NULL, 5.57, 8.83, 7.97, 1381);
INSERT INTO Filling_Center (Cylinder_Type, Leakage_Test, Cap_Check, Manual_Test, Gatepass_No) VALUES ('10kg', 1, 0, 1, 1381);
INSERT INTO Security_In VALUES (1382, '2025-08-06', 'TN83SA3327', 'Anita Dugal', '0811146983', 'Pack', 15326);
INSERT INTO Security_Out VALUES (1382, '2025-08-06', 'TN83SA3327', 'Ganesh, Palla and Narula', 'Anita Dugal', '0811146983', 'Pack', 15326);
INSERT INTO Weighbridge (Gatepass_No, Truck_Type, Weight_In, Weight_Out, In_Time, Out_Time) VALUES (1382, 'Pack', 18847, 18659, '2025-07-18 11:09', '2025-07-18 13:09');
INSERT INTO Loading (Truck_Type, Cylinder_Type, Gatepass_No) VALUES ('Pack', '47kg', 1382);
INSERT INTO Unloading (Vehicle_Number, Truck_Type, Cylinder_Type, Capsule1_MT, Capsule2_MT, Capsule3_MT, Gatepass_No) VALUES ('TN83SA3327', 'Pack', '47kg', NULL, NULL, NULL, 1382);
INSERT INTO Filling_Center (Cylinder_Type, Leakage_Test, Cap_Check, Manual_Test, Gatepass_No) VALUES ('10kg', 0, 1, 0, 1382);
INSERT INTO Security_In VALUES (1383, '2025-08-01', 'MP85WS5192', 'Kritika Sarna', '7744416523', 'Bullet', 7299);
INSERT INTO Security_Out VALUES (1383, '2025-08-01', 'MP85WS5192', 'Jayaraman Group', 'Kritika Sarna', '7744416523', 'Bullet', 7299);
INSERT INTO Weighbridge (Gatepass_No, Truck_Type, Weight_In, Weight_Out, In_Time, Out_Time) VALUES (1383, 'Bullet', 9300, 8941, '2025-08-18 05:09', '2025-08-18 08:09');
INSERT INTO Unloading (Vehicle_Number, Truck_Type, Cylinder_Type, Capsule1_MT, Capsule2_MT, Capsule3_MT, Gatepass_No) VALUES ('MP85WS5192', 'Bullet', NULL, 7.72, 9.41, 8.94, 1383);
INSERT INTO Filling_Center (Cylinder_Type, Leakage_Test, Cap_Check, Manual_Test, Gatepass_No) VALUES ('5kg', 1, 1, 1, 1383);
INSERT INTO Security_In VALUES (1384, '2025-08-11', 'AP91RF6726', 'Kamala Amble', '8242311024', 'Pack', 6763);
INSERT INTO Security_Out VALUES (1384, '2025-08-11', 'AP91RF6726', 'Shanker-Datta', 'Kamala Amble', '8242311024', 'Pack', 6763);
INSERT INTO Weighbridge (Gatepass_No, Truck_Type, Weight_In, Weight_Out, In_Time, Out_Time) VALUES (1384, 'Pack', 9186, 8727, '2025-08-02 21:58', '2025-08-03 01:58');
INSERT INTO Loading (Truck_Type, Cylinder_Type, Gatepass_No) VALUES ('Pack', '19kg', 1384);
INSERT INTO Unloading (Vehicle_Number, Truck_Type, Cylinder_Type, Capsule1_MT, Capsule2_MT, Capsule3_MT, Gatepass_No) VALUES ('AP91RF6726', 'Pack', '19kg', NULL, NULL, NULL, 1384);
INSERT INTO Filling_Center (Cylinder_Type, Leakage_Test, Cap_Check, Manual_Test, Gatepass_No) VALUES ('19kg', 1, 0, 1, 1384);
INSERT INTO Security_In VALUES (1385, '2025-08-10', 'MP66EF1800', 'Fiyaz Grewal', '0162332164', 'Pack', 13568);
INSERT INTO Security_Out VALUES (1385, '2025-08-10', 'MP66EF1800', 'Sankaran, Kakar and Pradhan', 'Fiyaz Grewal', '0162332164', 'Pack', 13568);
INSERT INTO Weighbridge (Gatepass_No, Truck_Type, Weight_In, Weight_Out, In_Time, Out_Time) VALUES (1385, 'Pack', 14598, 14138, '2025-09-03 15:48', '2025-09-03 19:48');
INSERT INTO Loading (Truck_Type, Cylinder_Type, Gatepass_No) VALUES ('Pack', '14kg', 1385);
INSERT INTO Unloading (Vehicle_Number, Truck_Type, Cylinder_Type, Capsule1_MT, Capsule2_MT, Capsule3_MT, Gatepass_No) VALUES ('MP66EF1800', 'Pack', '14kg', NULL, NULL, NULL, 1385);
INSERT INTO Filling_Center (Cylinder_Type, Leakage_Test, Cap_Check, Manual_Test, Gatepass_No) VALUES ('14.5kg', 1, 0, 0, 1385);
INSERT INTO Security_In VALUES (1386, '2025-09-11', 'NL58KD2659', 'Vincent Sachdeva', '1144234415', 'Pack', 13937);
INSERT INTO Security_Out VALUES (1386, '2025-09-11', 'NL58KD2659', 'Vig PLC', 'Vincent Sachdeva', '1144234415', 'Pack', 13937);
INSERT INTO Weighbridge (Gatepass_No, Truck_Type, Weight_In, Weight_Out, In_Time, Out_Time) VALUES (1386, 'Pack', 18876, 18607, '2025-08-24 12:10', '2025-08-24 13:10');
INSERT INTO Loading (Truck_Type, Cylinder_Type, Gatepass_No) VALUES ('Pack', '19kg', 1386);
INSERT INTO Unloading (Vehicle_Number, Truck_Type, Cylinder_Type, Capsule1_MT, Capsule2_MT, Capsule3_MT, Gatepass_No) VALUES ('NL58KD2659', 'Pack', '19kg', NULL, NULL, NULL, 1386);
INSERT INTO Filling_Center (Cylinder_Type, Leakage_Test, Cap_Check, Manual_Test, Gatepass_No) VALUES ('10kg', 1, 0, 1, 1386);
INSERT INTO Security_In VALUES (1387, '2025-09-09', 'ML95XX8767', 'Yashodhara Dewan', '7177747590', 'Bullet', 4607);
INSERT INTO Security_Out VALUES (1387, '2025-09-09', 'ML95XX8767', 'Aurora, Borde and Aurora', 'Yashodhara Dewan', '7177747590', 'Bullet', 4607);
INSERT INTO Weighbridge (Gatepass_No, Truck_Type, Weight_In, Weight_Out, In_Time, Out_Time) VALUES (1387, 'Bullet', 6092, 5885, '2025-08-30 18:52', '2025-08-30 23:52');
INSERT INTO Unloading (Vehicle_Number, Truck_Type, Cylinder_Type, Capsule1_MT, Capsule2_MT, Capsule3_MT, Gatepass_No) VALUES ('ML95XX8767', 'Bullet', NULL, 5.75, 9.11, 7.39, 1387);
INSERT INTO Filling_Center (Cylinder_Type, Leakage_Test, Cap_Check, Manual_Test, Gatepass_No) VALUES ('47kg', 1, 1, 0, 1387);
INSERT INTO Security_In VALUES (1388, '2025-08-14', 'KL16CH7119', 'Qadim Kaur', '7762288126', 'Pack', 13065);
INSERT INTO Security_Out VALUES (1388, '2025-08-14', 'KL16CH7119', 'Nath Inc', 'Qadim Kaur', '7762288126', 'Pack', 13065);
INSERT INTO Weighbridge (Gatepass_No, Truck_Type, Weight_In, Weight_Out, In_Time, Out_Time) VALUES (1388, 'Pack', 14790, 14509, '2025-09-15 09:10', '2025-09-15 14:10');
INSERT INTO Loading (Truck_Type, Cylinder_Type, Gatepass_No) VALUES ('Pack', '19kg', 1388);
INSERT INTO Unloading (Vehicle_Number, Truck_Type, Cylinder_Type, Capsule1_MT, Capsule2_MT, Capsule3_MT, Gatepass_No) VALUES ('KL16CH7119', 'Pack', '19kg', NULL, NULL, NULL, 1388);
INSERT INTO Filling_Center (Cylinder_Type, Leakage_Test, Cap_Check, Manual_Test, Gatepass_No) VALUES ('5kg', 1, 1, 1, 1388);
INSERT INTO Security_In VALUES (1389, '2025-08-06', 'TS19PU1935', 'Nidhi Tailor', '3926824586', 'Bullet', 7016);
INSERT INTO Security_Out VALUES (1389, '2025-08-06', 'TS19PU1935', 'Kala, Munshi and Bora', 'Nidhi Tailor', '3926824586', 'Bullet', 7016);
INSERT INTO Weighbridge (Gatepass_No, Truck_Type, Weight_In, Weight_Out, In_Time, Out_Time) VALUES (1389, 'Bullet', 9419, 9074, '2025-08-31 11:10', '2025-08-31 12:10');
INSERT INTO Unloading (Vehicle_Number, Truck_Type, Cylinder_Type, Capsule1_MT, Capsule2_MT, Capsule3_MT, Gatepass_No) VALUES ('TS19PU1935', 'Bullet', NULL, 5.11, 8.38, 9.97, 1389);
INSERT INTO Filling_Center (Cylinder_Type, Leakage_Test, Cap_Check, Manual_Test, Gatepass_No) VALUES ('47kg', 0, 0, 1, 1389);
INSERT INTO Security_In VALUES (1390, '2025-09-05', 'HR26PG7444', 'Alka Palan', '1253964049', 'Bullet', 13329);
INSERT INTO Security_Out VALUES (1390, '2025-09-05', 'HR26PG7444', 'Shenoy-Raman', 'Alka Palan', '1253964049', 'Bullet', 13329);
INSERT INTO Weighbridge (Gatepass_No, Truck_Type, Weight_In, Weight_Out, In_Time, Out_Time) VALUES (1390, 'Bullet', 16879, 16392, '2025-07-26 10:29', '2025-07-26 15:29');
INSERT INTO Unloading (Vehicle_Number, Truck_Type, Cylinder_Type, Capsule1_MT, Capsule2_MT, Capsule3_MT, Gatepass_No) VALUES ('HR26PG7444', 'Bullet', NULL, 5.39, 6.9, 8.05, 1390);
INSERT INTO Filling_Center (Cylinder_Type, Leakage_Test, Cap_Check, Manual_Test, Gatepass_No) VALUES ('47kg', 1, 1, 1, 1390);
INSERT INTO Security_In VALUES (1391, '2025-08-15', 'KL60GC7795', 'Rachita Thakkar', '1114528868', 'Bullet', 4648);
INSERT INTO Security_Out VALUES (1391, '2025-08-15', 'KL60GC7795', 'Rau Ltd', 'Rachita Thakkar', '1114528868', 'Bullet', 4648);
INSERT INTO Weighbridge (Gatepass_No, Truck_Type, Weight_In, Weight_Out, In_Time, Out_Time) VALUES (1391, 'Bullet', 7775, 7521, '2025-09-11 14:21', '2025-09-11 16:21');
INSERT INTO Unloading (Vehicle_Number, Truck_Type, Cylinder_Type, Capsule1_MT, Capsule2_MT, Capsule3_MT, Gatepass_No) VALUES ('KL60GC7795', 'Bullet', NULL, 5.24, 8.56, 7.91, 1391);
INSERT INTO Filling_Center (Cylinder_Type, Leakage_Test, Cap_Check, Manual_Test, Gatepass_No) VALUES ('10kg', 1, 1, 1, 1391);
INSERT INTO Security_In VALUES (1392, '2025-07-19', 'RJ48EF3094', 'Chatura Murty', '7084544568', 'Pack', 16648);
INSERT INTO Security_Out VALUES (1392, '2025-07-19', 'RJ48EF3094', 'Sama, Bahri and Magar', 'Chatura Murty', '7084544568', 'Pack', 16648);
INSERT INTO Weighbridge (Gatepass_No, Truck_Type, Weight_In, Weight_Out, In_Time, Out_Time) VALUES (1392, 'Pack', 21352, 21051, '2025-09-05 20:49', '2025-09-05 22:49');
INSERT INTO Loading (Truck_Type, Cylinder_Type, Gatepass_No) VALUES ('Pack', '14kg', 1392);
INSERT INTO Unloading (Vehicle_Number, Truck_Type, Cylinder_Type, Capsule1_MT, Capsule2_MT, Capsule3_MT, Gatepass_No) VALUES ('RJ48EF3094', 'Pack', '14kg', NULL, NULL, NULL, 1392);
INSERT INTO Filling_Center (Cylinder_Type, Leakage_Test, Cap_Check, Manual_Test, Gatepass_No) VALUES ('5kg', 0, 0, 0, 1392);
INSERT INTO Security_In VALUES (1393, '2025-07-22', 'JH36UY6131', 'Chandran Sood', '4782819343', 'Pack', 18700);
INSERT INTO Security_Out VALUES (1393, '2025-07-22', 'JH36UY6131', 'Upadhyay-Basu', 'Chandran Sood', '4782819343', 'Pack', 18700);
INSERT INTO Weighbridge (Gatepass_No, Truck_Type, Weight_In, Weight_Out, In_Time, Out_Time) VALUES (1393, 'Pack', 21367, 21114, '2025-08-10 13:01', '2025-08-10 17:01');
INSERT INTO Loading (Truck_Type, Cylinder_Type, Gatepass_No) VALUES ('Pack', '14kg', 1393);
INSERT INTO Unloading (Vehicle_Number, Truck_Type, Cylinder_Type, Capsule1_MT, Capsule2_MT, Capsule3_MT, Gatepass_No) VALUES ('JH36UY6131', 'Pack', '14kg', NULL, NULL, NULL, 1393);
INSERT INTO Filling_Center (Cylinder_Type, Leakage_Test, Cap_Check, Manual_Test, Gatepass_No) VALUES ('5kg', 1, 0, 1, 1393);
INSERT INTO Security_In VALUES (1394, '2025-08-04', 'AS68RW5183', 'Elijah Shere', '7810412124', 'Bullet', 8257);
INSERT INTO Security_Out VALUES (1394, '2025-08-04', 'AS68RW5183', 'Wable Group', 'Elijah Shere', '7810412124', 'Bullet', 8257);
INSERT INTO Weighbridge (Gatepass_No, Truck_Type, Weight_In, Weight_Out, In_Time, Out_Time) VALUES (1394, 'Bullet', 12411, 12254, '2025-08-06 06:01', '2025-08-06 07:01');
INSERT INTO Unloading (Vehicle_Number, Truck_Type, Cylinder_Type, Capsule1_MT, Capsule2_MT, Capsule3_MT, Gatepass_No) VALUES ('AS68RW5183', 'Bullet', NULL, 6.03, 5.05, 9.37, 1394);
INSERT INTO Filling_Center (Cylinder_Type, Leakage_Test, Cap_Check, Manual_Test, Gatepass_No) VALUES ('14.5kg', 0, 1, 1, 1394);
INSERT INTO Security_In VALUES (1395, '2025-09-15', 'MN79VG9070', 'Radha Gera', '0387462929', 'Pack', 2690);
INSERT INTO Security_Out VALUES (1395, '2025-09-15', 'MN79VG9070', 'Sawhney LLC', 'Radha Gera', '0387462929', 'Pack', 2690);
INSERT INTO Weighbridge (Gatepass_No, Truck_Type, Weight_In, Weight_Out, In_Time, Out_Time) VALUES (1395, 'Pack', 6820, 6544, '2025-08-09 13:11', '2025-08-09 16:11');
INSERT INTO Loading (Truck_Type, Cylinder_Type, Gatepass_No) VALUES ('Pack', '19kg', 1395);
INSERT INTO Unloading (Vehicle_Number, Truck_Type, Cylinder_Type, Capsule1_MT, Capsule2_MT, Capsule3_MT, Gatepass_No) VALUES ('MN79VG9070', 'Pack', '19kg', NULL, NULL, NULL, 1395);
INSERT INTO Filling_Center (Cylinder_Type, Leakage_Test, Cap_Check, Manual_Test, Gatepass_No) VALUES ('5kg', 1, 1, 0, 1395);
INSERT INTO Security_In VALUES (1396, '2025-09-13', 'BR19LB6776', 'Ekantika Bedi', '9897267496', 'Pack', 13190);
INSERT INTO Security_Out VALUES (1396, '2025-09-13', 'BR19LB6776', 'Mann-Rattan', 'Ekantika Bedi', '9897267496', 'Pack', 13190);
INSERT INTO Weighbridge (Gatepass_No, Truck_Type, Weight_In, Weight_Out, In_Time, Out_Time) VALUES (1396, 'Pack', 14643, 14152, '2025-08-14 04:38', '2025-08-14 06:38');
INSERT INTO Loading (Truck_Type, Cylinder_Type, Gatepass_No) VALUES ('Pack', '19kg', 1396);
INSERT INTO Unloading (Vehicle_Number, Truck_Type, Cylinder_Type, Capsule1_MT, Capsule2_MT, Capsule3_MT, Gatepass_No) VALUES ('BR19LB6776', 'Pack', '19kg', NULL, NULL, NULL, 1396);
INSERT INTO Filling_Center (Cylinder_Type, Leakage_Test, Cap_Check, Manual_Test, Gatepass_No) VALUES ('14.5kg', 1, 1, 1, 1396);
INSERT INTO Security_In VALUES (1397, '2025-08-26', 'TN84TN3629', 'Xavier Tiwari', '1647432741', 'Bullet', 19778);
INSERT INTO Security_Out VALUES (1397, '2025-08-26', 'TN84TN3629', 'Dara LLC', 'Xavier Tiwari', '1647432741', 'Bullet', 19778);
INSERT INTO Weighbridge (Gatepass_No, Truck_Type, Weight_In, Weight_Out, In_Time, Out_Time) VALUES (1397, 'Bullet', 24542, 24169, '2025-09-13 03:49', '2025-09-13 04:49');
INSERT INTO Unloading (Vehicle_Number, Truck_Type, Cylinder_Type, Capsule1_MT, Capsule2_MT, Capsule3_MT, Gatepass_No) VALUES ('TN84TN3629', 'Bullet', NULL, 6.31, 6.07, 7.72, 1397);
INSERT INTO Filling_Center (Cylinder_Type, Leakage_Test, Cap_Check, Manual_Test, Gatepass_No) VALUES ('14.5kg', 1, 1, 0, 1397);
INSERT INTO Security_In VALUES (1398, '2025-08-24', 'MP16BU6910', 'Qarin Handa', '2514577179', 'Bullet', 6810);
INSERT INTO Security_Out VALUES (1398, '2025-08-24', 'MP16BU6910', 'Kumer-Solanki', 'Qarin Handa', '2514577179', 'Bullet', 6810);
INSERT INTO Weighbridge (Gatepass_No, Truck_Type, Weight_In, Weight_Out, In_Time, Out_Time) VALUES (1398, 'Bullet', 11129, 10843, '2025-09-06 16:23', '2025-09-06 18:23');
INSERT INTO Unloading (Vehicle_Number, Truck_Type, Cylinder_Type, Capsule1_MT, Capsule2_MT, Capsule3_MT, Gatepass_No) VALUES ('MP16BU6910', 'Bullet', NULL, 6.94, 8.17, 5.46, 1398);
INSERT INTO Filling_Center (Cylinder_Type, Leakage_Test, Cap_Check, Manual_Test, Gatepass_No) VALUES ('5kg', 1, 1, 0, 1398);
INSERT INTO Security_In VALUES (1399, '2025-08-14', 'WB11GT2477', 'Omaja Chakrabarti', '4195720536', 'Pack', 16914);
INSERT INTO Security_Out VALUES (1399, '2025-08-14', 'WB11GT2477', 'Varughese and Sons', 'Omaja Chakrabarti', '4195720536', 'Pack', 16914);
INSERT INTO Weighbridge (Gatepass_No, Truck_Type, Weight_In, Weight_Out, In_Time, Out_Time) VALUES (1399, 'Pack', 19745, 19461, '2025-09-13 20:30', '2025-09-14 00:30');
INSERT INTO Loading (Truck_Type, Cylinder_Type, Gatepass_No) VALUES ('Pack', '19kg', 1399);
INSERT INTO Unloading (Vehicle_Number, Truck_Type, Cylinder_Type, Capsule1_MT, Capsule2_MT, Capsule3_MT, Gatepass_No) VALUES ('WB11GT2477', 'Pack', '19kg', NULL, NULL, NULL, 1399);
INSERT INTO Filling_Center (Cylinder_Type, Leakage_Test, Cap_Check, Manual_Test, Gatepass_No) VALUES ('14.5kg', 0, 1, 0, 1399);
INSERT INTO Security_In VALUES (1400, '2025-08-01', 'SK47KH9760', 'Advika Shan', '0298024948', 'Bullet', 12968);
INSERT INTO Security_Out VALUES (1400, '2025-08-01', 'SK47KH9760', 'Padmanabhan, Mistry and Gopal', 'Advika Shan', '0298024948', 'Bullet', 12968);
INSERT INTO Weighbridge (Gatepass_No, Truck_Type, Weight_In, Weight_Out, In_Time, Out_Time) VALUES (1400, 'Bullet', 14971, 14810, '2025-07-19 20:43', '2025-07-20 00:43');
INSERT INTO Unloading (Vehicle_Number, Truck_Type, Cylinder_Type, Capsule1_MT, Capsule2_MT, Capsule3_MT, Gatepass_No) VALUES ('SK47KH9760', 'Bullet', NULL, 9.91, 7.0, 8.22, 1400);
INSERT INTO Filling_Center (Cylinder_Type, Leakage_Test, Cap_Check, Manual_Test, Gatepass_No) VALUES ('5kg', 1, 0, 1, 1400);
INSERT INTO Security_In VALUES (1401, '2025-08-06', 'UK87DT8860', 'Chanakya Atwal', '0483080086', 'Pack', 9076);
INSERT INTO Security_Out VALUES (1401, '2025-08-06', 'UK87DT8860', 'Mutti and Sons', 'Chanakya Atwal', '0483080086', 'Pack', 9076);
INSERT INTO Weighbridge (Gatepass_No, Truck_Type, Weight_In, Weight_Out, In_Time, Out_Time) VALUES (1401, 'Pack', 13122, 12671, '2025-09-05 13:21', '2025-09-05 16:21');
INSERT INTO Loading (Truck_Type, Cylinder_Type, Gatepass_No) VALUES ('Pack', '19kg', 1401);
INSERT INTO Unloading (Vehicle_Number, Truck_Type, Cylinder_Type, Capsule1_MT, Capsule2_MT, Capsule3_MT, Gatepass_No) VALUES ('UK87DT8860', 'Pack', '19kg', NULL, NULL, NULL, 1401);
INSERT INTO Filling_Center (Cylinder_Type, Leakage_Test, Cap_Check, Manual_Test, Gatepass_No) VALUES ('5kg', 1, 1, 1, 1401);
INSERT INTO Security_In VALUES (1402, '2025-09-06', 'KL61JJ7848', 'Lekha Raghavan', '2696136287', 'Pack', 18658);
INSERT INTO Security_Out VALUES (1402, '2025-09-06', 'KL61JJ7848', 'Barad-Rege', 'Lekha Raghavan', '2696136287', 'Pack', 18658);
INSERT INTO Weighbridge (Gatepass_No, Truck_Type, Weight_In, Weight_Out, In_Time, Out_Time) VALUES (1402, 'Pack', 23612, 23131, '2025-09-13 00:36', '2025-09-13 03:36');
INSERT INTO Loading (Truck_Type, Cylinder_Type, Gatepass_No) VALUES ('Pack', '47kg', 1402);
INSERT INTO Unloading (Vehicle_Number, Truck_Type, Cylinder_Type, Capsule1_MT, Capsule2_MT, Capsule3_MT, Gatepass_No) VALUES ('KL61JJ7848', 'Pack', '47kg', NULL, NULL, NULL, 1402);
INSERT INTO Filling_Center (Cylinder_Type, Leakage_Test, Cap_Check, Manual_Test, Gatepass_No) VALUES ('5kg', 0, 1, 1, 1402);
INSERT INTO Security_In VALUES (1403, '2025-08-30', 'CG11DD9700', 'Orinder Dixit', '6741426580', 'Pack', 5658);
INSERT INTO Security_Out VALUES (1403, '2025-08-30', 'CG11DD9700', 'Shenoy-Pandey', 'Orinder Dixit', '6741426580', 'Pack', 5658);
INSERT INTO Weighbridge (Gatepass_No, Truck_Type, Weight_In, Weight_Out, In_Time, Out_Time) VALUES (1403, 'Pack', 6856, 6414, '2025-07-29 19:32', '2025-07-29 20:32');
INSERT INTO Loading (Truck_Type, Cylinder_Type, Gatepass_No) VALUES ('Pack', '19kg', 1403);
INSERT INTO Unloading (Vehicle_Number, Truck_Type, Cylinder_Type, Capsule1_MT, Capsule2_MT, Capsule3_MT, Gatepass_No) VALUES ('CG11DD9700', 'Pack', '19kg', NULL, NULL, NULL, 1403);
INSERT INTO Filling_Center (Cylinder_Type, Leakage_Test, Cap_Check, Manual_Test, Gatepass_No) VALUES ('14.5kg', 1, 1, 1, 1403);
INSERT INTO Security_In VALUES (1404, '2025-08-31', 'TR65UT2294', 'Gautam Barad', '4190248956', 'Pack', 2050);
INSERT INTO Security_Out VALUES (1404, '2025-08-31', 'TR65UT2294', 'Sanghvi, Mand and Das', 'Gautam Barad', '4190248956', 'Pack', 2050);
INSERT INTO Weighbridge (Gatepass_No, Truck_Type, Weight_In, Weight_Out, In_Time, Out_Time) VALUES (1404, 'Pack', 3954, 3495, '2025-08-22 09:27', '2025-08-22 11:27');
INSERT INTO Loading (Truck_Type, Cylinder_Type, Gatepass_No) VALUES ('Pack', '14kg', 1404);
INSERT INTO Unloading (Vehicle_Number, Truck_Type, Cylinder_Type, Capsule1_MT, Capsule2_MT, Capsule3_MT, Gatepass_No) VALUES ('TR65UT2294', 'Pack', '14kg', NULL, NULL, NULL, 1404);
INSERT INTO Filling_Center (Cylinder_Type, Leakage_Test, Cap_Check, Manual_Test, Gatepass_No) VALUES ('14.5kg', 1, 1, 0, 1404);
INSERT INTO Security_In VALUES (1405, '2025-07-27', 'MZ99HC9614', 'Ansh Rau', '4996088491', 'Bullet', 11851);
INSERT INTO Security_Out VALUES (1405, '2025-07-27', 'MZ99HC9614', 'Sastry Inc', 'Ansh Rau', '4996088491', 'Bullet', 11851);
INSERT INTO Weighbridge (Gatepass_No, Truck_Type, Weight_In, Weight_Out, In_Time, Out_Time) VALUES (1405, 'Bullet', 15024, 14834, '2025-08-13 23:27', '2025-08-14 04:27');
INSERT INTO Unloading (Vehicle_Number, Truck_Type, Cylinder_Type, Capsule1_MT, Capsule2_MT, Capsule3_MT, Gatepass_No) VALUES ('MZ99HC9614', 'Bullet', NULL, 6.65, 8.27, 9.34, 1405);
INSERT INTO Filling_Center (Cylinder_Type, Leakage_Test, Cap_Check, Manual_Test, Gatepass_No) VALUES ('5kg', 1, 0, 0, 1405);
INSERT INTO Security_In VALUES (1406, '2025-08-25', 'HP99FY3294', 'Varsha Chandra', '5871800352', 'Bullet', 16998);
INSERT INTO Security_Out VALUES (1406, '2025-08-25', 'HP99FY3294', 'Gour, Chander and Chanda', 'Varsha Chandra', '5871800352', 'Bullet', 16998);
INSERT INTO Weighbridge (Gatepass_No, Truck_Type, Weight_In, Weight_Out, In_Time, Out_Time) VALUES (1406, 'Bullet', 19438, 18994, '2025-07-27 07:00', '2025-07-27 09:00');
INSERT INTO Unloading (Vehicle_Number, Truck_Type, Cylinder_Type, Capsule1_MT, Capsule2_MT, Capsule3_MT, Gatepass_No) VALUES ('HP99FY3294', 'Bullet', NULL, 7.1, 5.91, 5.17, 1406);
INSERT INTO Filling_Center (Cylinder_Type, Leakage_Test, Cap_Check, Manual_Test, Gatepass_No) VALUES ('19kg', 0, 0, 1, 1406);
INSERT INTO Security_In VALUES (1407, '2025-09-03', 'GJ29CH2220', 'Udant Vyas', '8243361230', 'Pack', 16948);
INSERT INTO Security_Out VALUES (1407, '2025-09-03', 'GJ29CH2220', 'Butala Inc', 'Udant Vyas', '8243361230', 'Pack', 16948);
INSERT INTO Weighbridge (Gatepass_No, Truck_Type, Weight_In, Weight_Out, In_Time, Out_Time) VALUES (1407, 'Pack', 20028, 19561, '2025-09-09 07:24', '2025-09-09 11:24');
INSERT INTO Loading (Truck_Type, Cylinder_Type, Gatepass_No) VALUES ('Pack', '19kg', 1407);
INSERT INTO Unloading (Vehicle_Number, Truck_Type, Cylinder_Type, Capsule1_MT, Capsule2_MT, Capsule3_MT, Gatepass_No) VALUES ('GJ29CH2220', 'Pack', '19kg', NULL, NULL, NULL, 1407);
INSERT INTO Filling_Center (Cylinder_Type, Leakage_Test, Cap_Check, Manual_Test, Gatepass_No) VALUES ('47kg', 0, 1, 1, 1407);
INSERT INTO Security_In VALUES (1408, '2025-07-20', 'CG43HL8098', 'Osha Raj', '5016538132', 'Bullet', 16191);
INSERT INTO Security_Out VALUES (1408, '2025-07-20', 'CG43HL8098', 'Lalla Group', 'Osha Raj', '5016538132', 'Bullet', 16191);
INSERT INTO Weighbridge (Gatepass_No, Truck_Type, Weight_In, Weight_Out, In_Time, Out_Time) VALUES (1408, 'Bullet', 17930, 17483, '2025-09-05 12:35', '2025-09-05 13:35');
INSERT INTO Unloading (Vehicle_Number, Truck_Type, Cylinder_Type, Capsule1_MT, Capsule2_MT, Capsule3_MT, Gatepass_No) VALUES ('CG43HL8098', 'Bullet', NULL, 5.93, 8.94, 8.15, 1408);
INSERT INTO Filling_Center (Cylinder_Type, Leakage_Test, Cap_Check, Manual_Test, Gatepass_No) VALUES ('19kg', 1, 0, 1, 1408);
INSERT INTO Security_In VALUES (1409, '2025-07-18', 'AR49DN6016', 'Mason Shankar', '5919666906', 'Pack', 17610);
INSERT INTO Security_Out VALUES (1409, '2025-07-18', 'AR49DN6016', 'Ben Group', 'Mason Shankar', '5919666906', 'Pack', 17610);
INSERT INTO Weighbridge (Gatepass_No, Truck_Type, Weight_In, Weight_Out, In_Time, Out_Time) VALUES (1409, 'Pack', 21738, 21463, '2025-09-15 14:20', '2025-09-15 17:20');
INSERT INTO Loading (Truck_Type, Cylinder_Type, Gatepass_No) VALUES ('Pack', '47kg', 1409);
INSERT INTO Unloading (Vehicle_Number, Truck_Type, Cylinder_Type, Capsule1_MT, Capsule2_MT, Capsule3_MT, Gatepass_No) VALUES ('AR49DN6016', 'Pack', '47kg', NULL, NULL, NULL, 1409);
INSERT INTO Filling_Center (Cylinder_Type, Leakage_Test, Cap_Check, Manual_Test, Gatepass_No) VALUES ('5kg', 1, 1, 0, 1409);
INSERT INTO Security_In VALUES (1410, '2025-09-01', 'TR82UZ1532', 'Hritik Bahri', '0891596627', 'Pack', 2032);
INSERT INTO Security_Out VALUES (1410, '2025-09-01', 'TR82UZ1532', 'Solanki, Pandya and Chaudhry', 'Hritik Bahri', '0891596627', 'Pack', 2032);
INSERT INTO Weighbridge (Gatepass_No, Truck_Type, Weight_In, Weight_Out, In_Time, Out_Time) VALUES (1410, 'Pack', 6113, 5849, '2025-09-02 16:53', '2025-09-02 17:53');
INSERT INTO Loading (Truck_Type, Cylinder_Type, Gatepass_No) VALUES ('Pack', '14kg', 1410);
INSERT INTO Unloading (Vehicle_Number, Truck_Type, Cylinder_Type, Capsule1_MT, Capsule2_MT, Capsule3_MT, Gatepass_No) VALUES ('TR82UZ1532', 'Pack', '14kg', NULL, NULL, NULL, 1410);
INSERT INTO Filling_Center (Cylinder_Type, Leakage_Test, Cap_Check, Manual_Test, Gatepass_No) VALUES ('5kg', 1, 1, 0, 1410);
INSERT INTO Security_In VALUES (1411, '2025-08-17', 'MP73ZE6038', 'Gabriel Sarin', '9819737773', 'Bullet', 11671);
INSERT INTO Security_Out VALUES (1411, '2025-08-17', 'MP73ZE6038', 'Dhillon, Sridhar and Savant', 'Gabriel Sarin', '9819737773', 'Bullet', 11671);
INSERT INTO Weighbridge (Gatepass_No, Truck_Type, Weight_In, Weight_Out, In_Time, Out_Time) VALUES (1411, 'Bullet', 15438, 15107, '2025-07-19 12:12', '2025-07-19 16:12');
INSERT INTO Unloading (Vehicle_Number, Truck_Type, Cylinder_Type, Capsule1_MT, Capsule2_MT, Capsule3_MT, Gatepass_No) VALUES ('MP73ZE6038', 'Bullet', NULL, 8.21, 6.7, 7.17, 1411);
INSERT INTO Filling_Center (Cylinder_Type, Leakage_Test, Cap_Check, Manual_Test, Gatepass_No) VALUES ('47kg', 0, 0, 1, 1411);
INSERT INTO Security_In VALUES (1412, '2025-08-17', 'WB43VC4094', 'Imaran Sha', '2859615982', 'Pack', 11381);
INSERT INTO Security_Out VALUES (1412, '2025-08-17', 'WB43VC4094', 'Mukhopadhyay, Ramesh and Ghosh', 'Imaran Sha', '2859615982', 'Pack', 11381);
INSERT INTO Weighbridge (Gatepass_No, Truck_Type, Weight_In, Weight_Out, In_Time, Out_Time) VALUES (1412, 'Pack', 14618, 14363, '2025-08-29 16:12', '2025-08-29 19:12');
INSERT INTO Loading (Truck_Type, Cylinder_Type, Gatepass_No) VALUES ('Pack', '14kg', 1412);
INSERT INTO Unloading (Vehicle_Number, Truck_Type, Cylinder_Type, Capsule1_MT, Capsule2_MT, Capsule3_MT, Gatepass_No) VALUES ('WB43VC4094', 'Pack', '14kg', NULL, NULL, NULL, 1412);
INSERT INTO Filling_Center (Cylinder_Type, Leakage_Test, Cap_Check, Manual_Test, Gatepass_No) VALUES ('10kg', 1, 1, 0, 1412);
INSERT INTO Security_In VALUES (1413, '2025-08-29', 'MH79IZ8479', 'Jatin Kapoor', '5449770999', 'Pack', 2234);
INSERT INTO Security_Out VALUES (1413, '2025-08-29', 'MH79IZ8479', 'Natarajan, Shetty and Dhawan', 'Jatin Kapoor', '5449770999', 'Pack', 2234);
INSERT INTO Weighbridge (Gatepass_No, Truck_Type, Weight_In, Weight_Out, In_Time, Out_Time) VALUES (1413, 'Pack', 6629, 6184, '2025-09-06 11:08', '2025-09-06 12:08');
INSERT INTO Loading (Truck_Type, Cylinder_Type, Gatepass_No) VALUES ('Pack', '47kg', 1413);
INSERT INTO Unloading (Vehicle_Number, Truck_Type, Cylinder_Type, Capsule1_MT, Capsule2_MT, Capsule3_MT, Gatepass_No) VALUES ('MH79IZ8479', 'Pack', '47kg', NULL, NULL, NULL, 1413);
INSERT INTO Filling_Center (Cylinder_Type, Leakage_Test, Cap_Check, Manual_Test, Gatepass_No) VALUES ('47kg', 1, 0, 1, 1413);
INSERT INTO Security_In VALUES (1414, '2025-08-09', 'WB24LV7000', 'Gautami Bandi', '5873720177', 'Pack', 3909);
INSERT INTO Security_Out VALUES (1414, '2025-08-09', 'WB24LV7000', 'Sahni-Roy', 'Gautami Bandi', '5873720177', 'Pack', 3909);
INSERT INTO Weighbridge (Gatepass_No, Truck_Type, Weight_In, Weight_Out, In_Time, Out_Time) VALUES (1414, 'Pack', 6833, 6377, '2025-09-04 15:14', '2025-09-04 18:14');
INSERT INTO Loading (Truck_Type, Cylinder_Type, Gatepass_No) VALUES ('Pack', '19kg', 1414);
INSERT INTO Unloading (Vehicle_Number, Truck_Type, Cylinder_Type, Capsule1_MT, Capsule2_MT, Capsule3_MT, Gatepass_No) VALUES ('WB24LV7000', 'Pack', '19kg', NULL, NULL, NULL, 1414);
INSERT INTO Filling_Center (Cylinder_Type, Leakage_Test, Cap_Check, Manual_Test, Gatepass_No) VALUES ('14.5kg', 1, 0, 1, 1414);
INSERT INTO Security_In VALUES (1415, '2025-07-18', 'UP47OB8547', 'Maya Rajagopal', '3567163088', 'Bullet', 10183);
INSERT INTO Security_Out VALUES (1415, '2025-07-18', 'UP47OB8547', 'Pai, Bail and Chaudhry', 'Maya Rajagopal', '3567163088', 'Bullet', 10183);
INSERT INTO Weighbridge (Gatepass_No, Truck_Type, Weight_In, Weight_Out, In_Time, Out_Time) VALUES (1415, 'Bullet', 11571, 11250, '2025-08-05 07:07', '2025-08-05 09:07');
INSERT INTO Unloading (Vehicle_Number, Truck_Type, Cylinder_Type, Capsule1_MT, Capsule2_MT, Capsule3_MT, Gatepass_No) VALUES ('UP47OB8547', 'Bullet', NULL, 9.36, 5.45, 5.07, 1415);
INSERT INTO Filling_Center (Cylinder_Type, Leakage_Test, Cap_Check, Manual_Test, Gatepass_No) VALUES ('19kg', 1, 0, 1, 1415);
INSERT INTO Security_In VALUES (1416, '2025-08-21', 'MH98XR1653', 'Farhan Shetty', '5260972170', 'Bullet', 6992);
INSERT INTO Security_Out VALUES (1416, '2025-08-21', 'MH98XR1653', 'Mitra LLC', 'Farhan Shetty', '5260972170', 'Bullet', 6992);
INSERT INTO Weighbridge (Gatepass_No, Truck_Type, Weight_In, Weight_Out, In_Time, Out_Time) VALUES (1416, 'Bullet', 8074, 7918, '2025-08-06 21:27', '2025-08-07 02:27');
INSERT INTO Unloading (Vehicle_Number, Truck_Type, Cylinder_Type, Capsule1_MT, Capsule2_MT, Capsule3_MT, Gatepass_No) VALUES ('MH98XR1653', 'Bullet', NULL, 9.03, 7.01, 7.87, 1416);
INSERT INTO Filling_Center (Cylinder_Type, Leakage_Test, Cap_Check, Manual_Test, Gatepass_No) VALUES ('19kg', 0, 0, 0, 1416);
INSERT INTO Security_In VALUES (1417, '2025-09-10', 'TS65NQ9618', 'Rushil Nadig', '8529433669', 'Bullet', 11008);
INSERT INTO Security_Out VALUES (1417, '2025-09-10', 'TS65NQ9618', 'Halder, Choudhary and Tailor', 'Rushil Nadig', '8529433669', 'Bullet', 11008);
INSERT INTO Weighbridge (Gatepass_No, Truck_Type, Weight_In, Weight_Out, In_Time, Out_Time) VALUES (1417, 'Bullet', 15474, 15004, '2025-08-15 11:58', '2025-08-15 12:58');
INSERT INTO Unloading (Vehicle_Number, Truck_Type, Cylinder_Type, Capsule1_MT, Capsule2_MT, Capsule3_MT, Gatepass_No) VALUES ('TS65NQ9618', 'Bullet', NULL, 9.46, 9.08, 7.04, 1417);
INSERT INTO Filling_Center (Cylinder_Type, Leakage_Test, Cap_Check, Manual_Test, Gatepass_No) VALUES ('5kg', 1, 0, 0, 1417);
INSERT INTO Security_In VALUES (1418, '2025-08-01', 'NL83KX8318', 'Om Chaudhuri', '2204518919', 'Bullet', 17779);
INSERT INTO Security_Out VALUES (1418, '2025-08-01', 'NL83KX8318', 'Raman-Chaudhari', 'Om Chaudhuri', '2204518919', 'Bullet', 17779);
INSERT INTO Weighbridge (Gatepass_No, Truck_Type, Weight_In, Weight_Out, In_Time, Out_Time) VALUES (1418, 'Bullet', 20605, 20449, '2025-09-10 00:23', '2025-09-10 04:23');
INSERT INTO Unloading (Vehicle_Number, Truck_Type, Cylinder_Type, Capsule1_MT, Capsule2_MT, Capsule3_MT, Gatepass_No) VALUES ('NL83KX8318', 'Bullet', NULL, 5.58, 8.36, 9.07, 1418);
INSERT INTO Filling_Center (Cylinder_Type, Leakage_Test, Cap_Check, Manual_Test, Gatepass_No) VALUES ('19kg', 1, 1, 1, 1418);
INSERT INTO Security_In VALUES (1419, '2025-08-18', 'HR20BC9697', 'Barkha Rajagopal', '4882569790', 'Bullet', 4783);
INSERT INTO Security_Out VALUES (1419, '2025-08-18', 'HR20BC9697', 'Parmer Ltd', 'Barkha Rajagopal', '4882569790', 'Bullet', 4783);
INSERT INTO Weighbridge (Gatepass_No, Truck_Type, Weight_In, Weight_Out, In_Time, Out_Time) VALUES (1419, 'Bullet', 6253, 5986, '2025-08-15 19:25', '2025-08-15 20:25');
INSERT INTO Unloading (Vehicle_Number, Truck_Type, Cylinder_Type, Capsule1_MT, Capsule2_MT, Capsule3_MT, Gatepass_No) VALUES ('HR20BC9697', 'Bullet', NULL, 9.26, 6.51, 9.77, 1419);
INSERT INTO Filling_Center (Cylinder_Type, Leakage_Test, Cap_Check, Manual_Test, Gatepass_No) VALUES ('19kg', 0, 1, 1, 1419);
INSERT INTO Security_In VALUES (1420, '2025-07-23', 'BR59DC6037', 'Shaurya Ravel', '6859384076', 'Pack', 864);
INSERT INTO Security_Out VALUES (1420, '2025-07-23', 'BR59DC6037', 'Karnik, Sabharwal and Randhawa', 'Shaurya Ravel', '6859384076', 'Pack', 864);
INSERT INTO Weighbridge (Gatepass_No, Truck_Type, Weight_In, Weight_Out, In_Time, Out_Time) VALUES (1420, 'Pack', 4426, 4094, '2025-09-06 03:00', '2025-09-06 08:00');
INSERT INTO Loading (Truck_Type, Cylinder_Type, Gatepass_No) VALUES ('Pack', '47kg', 1420);
INSERT INTO Unloading (Vehicle_Number, Truck_Type, Cylinder_Type, Capsule1_MT, Capsule2_MT, Capsule3_MT, Gatepass_No) VALUES ('BR59DC6037', 'Pack', '47kg', NULL, NULL, NULL, 1420);
INSERT INTO Filling_Center (Cylinder_Type, Leakage_Test, Cap_Check, Manual_Test, Gatepass_No) VALUES ('14.5kg', 0, 0, 0, 1420);
INSERT INTO Security_In VALUES (1421, '2025-08-24', 'GJ36CW2838', 'Jalsa Prasad', '9242509677', 'Pack', 15753);
INSERT INTO Security_Out VALUES (1421, '2025-08-24', 'GJ36CW2838', 'Sekhon, Soman and Dey', 'Jalsa Prasad', '9242509677', 'Pack', 15753);
INSERT INTO Weighbridge (Gatepass_No, Truck_Type, Weight_In, Weight_Out, In_Time, Out_Time) VALUES (1421, 'Pack', 19747, 19432, '2025-09-05 04:34', '2025-09-05 05:34');
INSERT INTO Loading (Truck_Type, Cylinder_Type, Gatepass_No) VALUES ('Pack', '19kg', 1421);
INSERT INTO Unloading (Vehicle_Number, Truck_Type, Cylinder_Type, Capsule1_MT, Capsule2_MT, Capsule3_MT, Gatepass_No) VALUES ('GJ36CW2838', 'Pack', '19kg', NULL, NULL, NULL, 1421);
INSERT INTO Filling_Center (Cylinder_Type, Leakage_Test, Cap_Check, Manual_Test, Gatepass_No) VALUES ('14.5kg', 0, 0, 0, 1421);
INSERT INTO Security_In VALUES (1422, '2025-07-18', 'RJ10TM6883', 'Tripti Bhalla', '4015088271', 'Pack', 3401);
INSERT INTO Security_Out VALUES (1422, '2025-07-18', 'RJ10TM6883', 'Naidu Ltd', 'Tripti Bhalla', '4015088271', 'Pack', 3401);
INSERT INTO Weighbridge (Gatepass_No, Truck_Type, Weight_In, Weight_Out, In_Time, Out_Time) VALUES (1422, 'Pack', 5231, 5076, '2025-08-24 22:59', '2025-08-25 02:59');
INSERT INTO Loading (Truck_Type, Cylinder_Type, Gatepass_No) VALUES ('Pack', '47kg', 1422);
INSERT INTO Unloading (Vehicle_Number, Truck_Type, Cylinder_Type, Capsule1_MT, Capsule2_MT, Capsule3_MT, Gatepass_No) VALUES ('RJ10TM6883', 'Pack', '47kg', NULL, NULL, NULL, 1422);
INSERT INTO Filling_Center (Cylinder_Type, Leakage_Test, Cap_Check, Manual_Test, Gatepass_No) VALUES ('5kg', 0, 1, 0, 1422);
INSERT INTO Security_In VALUES (1423, '2025-08-28', 'HR99KM8355', 'Yashawini Ghosh', '1639267430', 'Bullet', 16659);
INSERT INTO Security_Out VALUES (1423, '2025-08-28', 'HR99KM8355', 'Dixit-Bhatia', 'Yashawini Ghosh', '1639267430', 'Bullet', 16659);
INSERT INTO Weighbridge (Gatepass_No, Truck_Type, Weight_In, Weight_Out, In_Time, Out_Time) VALUES (1423, 'Bullet', 18750, 18575, '2025-09-13 11:50', '2025-09-13 12:50');
INSERT INTO Unloading (Vehicle_Number, Truck_Type, Cylinder_Type, Capsule1_MT, Capsule2_MT, Capsule3_MT, Gatepass_No) VALUES ('HR99KM8355', 'Bullet', NULL, 6.94, 9.98, 8.4, 1423);
INSERT INTO Filling_Center (Cylinder_Type, Leakage_Test, Cap_Check, Manual_Test, Gatepass_No) VALUES ('10kg', 1, 0, 0, 1423);
INSERT INTO Security_In VALUES (1424, '2025-09-03', 'TN19SR3694', 'Faqid Borra', '7988869967', 'Pack', 5286);
INSERT INTO Security_Out VALUES (1424, '2025-09-03', 'TN19SR3694', 'Kumar, Anne and Nayar', 'Faqid Borra', '7988869967', 'Pack', 5286);
INSERT INTO Weighbridge (Gatepass_No, Truck_Type, Weight_In, Weight_Out, In_Time, Out_Time) VALUES (1424, 'Pack', 7710, 7356, '2025-07-28 20:37', '2025-07-29 01:37');
INSERT INTO Loading (Truck_Type, Cylinder_Type, Gatepass_No) VALUES ('Pack', '19kg', 1424);
INSERT INTO Unloading (Vehicle_Number, Truck_Type, Cylinder_Type, Capsule1_MT, Capsule2_MT, Capsule3_MT, Gatepass_No) VALUES ('TN19SR3694', 'Pack', '19kg', NULL, NULL, NULL, 1424);
INSERT INTO Filling_Center (Cylinder_Type, Leakage_Test, Cap_Check, Manual_Test, Gatepass_No) VALUES ('14.5kg', 0, 0, 1, 1424);
INSERT INTO Security_In VALUES (1425, '2025-07-30', 'GA59QD2395', 'Meghana Bawa', '1609166787', 'Pack', 11137);
INSERT INTO Security_Out VALUES (1425, '2025-07-30', 'GA59QD2395', 'Madan PLC', 'Meghana Bawa', '1609166787', 'Pack', 11137);
INSERT INTO Weighbridge (Gatepass_No, Truck_Type, Weight_In, Weight_Out, In_Time, Out_Time) VALUES (1425, 'Pack', 14575, 14090, '2025-09-05 09:42', '2025-09-05 14:42');
INSERT INTO Loading (Truck_Type, Cylinder_Type, Gatepass_No) VALUES ('Pack', '47kg', 1425);
INSERT INTO Unloading (Vehicle_Number, Truck_Type, Cylinder_Type, Capsule1_MT, Capsule2_MT, Capsule3_MT, Gatepass_No) VALUES ('GA59QD2395', 'Pack', '47kg', NULL, NULL, NULL, 1425);
INSERT INTO Filling_Center (Cylinder_Type, Leakage_Test, Cap_Check, Manual_Test, Gatepass_No) VALUES ('14.5kg', 1, 1, 1, 1425);
INSERT INTO Security_In VALUES (1426, '2025-07-25', 'OD16EA5481', 'Amara Parekh', '0229453585', 'Bullet', 14790);
INSERT INTO Security_Out VALUES (1426, '2025-07-25', 'OD16EA5481', 'Rajan Inc', 'Amara Parekh', '0229453585', 'Bullet', 14790);
INSERT INTO Weighbridge (Gatepass_No, Truck_Type, Weight_In, Weight_Out, In_Time, Out_Time) VALUES (1426, 'Bullet', 16497, 16302, '2025-08-28 04:40', '2025-08-28 09:40');
INSERT INTO Unloading (Vehicle_Number, Truck_Type, Cylinder_Type, Capsule1_MT, Capsule2_MT, Capsule3_MT, Gatepass_No) VALUES ('OD16EA5481', 'Bullet', NULL, 5.61, 9.08, 7.95, 1426);
INSERT INTO Filling_Center (Cylinder_Type, Leakage_Test, Cap_Check, Manual_Test, Gatepass_No) VALUES ('5kg', 0, 1, 1, 1426);
INSERT INTO Security_In VALUES (1427, '2025-09-11', 'KL11MP2406', 'Anvi Dyal', '7091368963', 'Bullet', 13441);
INSERT INTO Security_Out VALUES (1427, '2025-09-11', 'KL11MP2406', 'Kothari-Purohit', 'Anvi Dyal', '7091368963', 'Bullet', 13441);
INSERT INTO Weighbridge (Gatepass_No, Truck_Type, Weight_In, Weight_Out, In_Time, Out_Time) VALUES (1427, 'Bullet', 17204, 16839, '2025-08-26 12:48', '2025-08-26 16:48');
INSERT INTO Unloading (Vehicle_Number, Truck_Type, Cylinder_Type, Capsule1_MT, Capsule2_MT, Capsule3_MT, Gatepass_No) VALUES ('KL11MP2406', 'Bullet', NULL, 5.9, 7.71, 6.48, 1427);
INSERT INTO Filling_Center (Cylinder_Type, Leakage_Test, Cap_Check, Manual_Test, Gatepass_No) VALUES ('19kg', 1, 0, 1, 1427);
INSERT INTO Security_In VALUES (1428, '2025-07-21', 'TR35LE4733', 'Aarush Ratta', '6311309436', 'Bullet', 9946);
INSERT INTO Security_Out VALUES (1428, '2025-07-21', 'TR35LE4733', 'Kumer-Varkey', 'Aarush Ratta', '6311309436', 'Bullet', 9946);
INSERT INTO Weighbridge (Gatepass_No, Truck_Type, Weight_In, Weight_Out, In_Time, Out_Time) VALUES (1428, 'Bullet', 13131, 12924, '2025-08-14 00:12', '2025-08-14 04:12');
INSERT INTO Unloading (Vehicle_Number, Truck_Type, Cylinder_Type, Capsule1_MT, Capsule2_MT, Capsule3_MT, Gatepass_No) VALUES ('TR35LE4733', 'Bullet', NULL, 5.6, 6.39, 7.55, 1428);
INSERT INTO Filling_Center (Cylinder_Type, Leakage_Test, Cap_Check, Manual_Test, Gatepass_No) VALUES ('5kg', 0, 0, 0, 1428);
INSERT INTO Security_In VALUES (1429, '2025-08-14', 'OD90RL1949', 'Wazir Kari', '1538062777', 'Bullet', 5170);
INSERT INTO Security_Out VALUES (1429, '2025-08-14', 'OD90RL1949', 'Jayaraman, Sibal and Sengupta', 'Wazir Kari', '1538062777', 'Bullet', 5170);
INSERT INTO Weighbridge (Gatepass_No, Truck_Type, Weight_In, Weight_Out, In_Time, Out_Time) VALUES (1429, 'Bullet', 9941, 9711, '2025-08-22 05:47', '2025-08-22 08:47');
INSERT INTO Unloading (Vehicle_Number, Truck_Type, Cylinder_Type, Capsule1_MT, Capsule2_MT, Capsule3_MT, Gatepass_No) VALUES ('OD90RL1949', 'Bullet', NULL, 5.91, 8.36, 6.88, 1429);
INSERT INTO Filling_Center (Cylinder_Type, Leakage_Test, Cap_Check, Manual_Test, Gatepass_No) VALUES ('19kg', 1, 1, 1, 1429);
INSERT INTO Security_In VALUES (1430, '2025-07-25', 'JH51GF1775', 'Saumya Cheema', '0333793802', 'Pack', 13843);
INSERT INTO Security_Out VALUES (1430, '2025-07-25', 'JH51GF1775', 'Bassi-Gokhale', 'Saumya Cheema', '0333793802', 'Pack', 13843);
INSERT INTO Weighbridge (Gatepass_No, Truck_Type, Weight_In, Weight_Out, In_Time, Out_Time) VALUES (1430, 'Pack', 18087, 17672, '2025-08-14 02:19', '2025-08-14 03:19');
INSERT INTO Loading (Truck_Type, Cylinder_Type, Gatepass_No) VALUES ('Pack', '19kg', 1430);
INSERT INTO Unloading (Vehicle_Number, Truck_Type, Cylinder_Type, Capsule1_MT, Capsule2_MT, Capsule3_MT, Gatepass_No) VALUES ('JH51GF1775', 'Pack', '19kg', NULL, NULL, NULL, 1430);
INSERT INTO Filling_Center (Cylinder_Type, Leakage_Test, Cap_Check, Manual_Test, Gatepass_No) VALUES ('47kg', 1, 1, 1, 1430);
INSERT INTO Security_In VALUES (1431, '2025-09-12', 'BR10JI5307', 'Yashodhara Banerjee', '1454978029', 'Bullet', 13352);
INSERT INTO Security_Out VALUES (1431, '2025-09-12', 'BR10JI5307', 'Keer PLC', 'Yashodhara Banerjee', '1454978029', 'Bullet', 13352);
INSERT INTO Weighbridge (Gatepass_No, Truck_Type, Weight_In, Weight_Out, In_Time, Out_Time) VALUES (1431, 'Bullet', 15356, 15222, '2025-08-07 16:55', '2025-08-07 17:55');
INSERT INTO Unloading (Vehicle_Number, Truck_Type, Cylinder_Type, Capsule1_MT, Capsule2_MT, Capsule3_MT, Gatepass_No) VALUES ('BR10JI5307', 'Bullet', NULL, 8.02, 7.3, 8.02, 1431);
INSERT INTO Filling_Center (Cylinder_Type, Leakage_Test, Cap_Check, Manual_Test, Gatepass_No) VALUES ('14.5kg', 1, 0, 0, 1431);
INSERT INTO Security_In VALUES (1432, '2025-07-24', 'OD44JD4230', 'Daksh Contractor', '1875916110', 'Pack', 2085);
INSERT INTO Security_Out VALUES (1432, '2025-07-24', 'OD44JD4230', 'Bhatia and Sons', 'Daksh Contractor', '1875916110', 'Pack', 2085);
INSERT INTO Weighbridge (Gatepass_No, Truck_Type, Weight_In, Weight_Out, In_Time, Out_Time) VALUES (1432, 'Pack', 5479, 5151, '2025-08-30 08:05', '2025-08-30 10:05');
INSERT INTO Loading (Truck_Type, Cylinder_Type, Gatepass_No) VALUES ('Pack', '47kg', 1432);
INSERT INTO Unloading (Vehicle_Number, Truck_Type, Cylinder_Type, Capsule1_MT, Capsule2_MT, Capsule3_MT, Gatepass_No) VALUES ('OD44JD4230', 'Pack', '47kg', NULL, NULL, NULL, 1432);
INSERT INTO Filling_Center (Cylinder_Type, Leakage_Test, Cap_Check, Manual_Test, Gatepass_No) VALUES ('5kg', 1, 1, 0, 1432);
INSERT INTO Security_In VALUES (1433, '2025-09-14', 'NL51VL6159', 'Ira Madan', '9795903921', 'Pack', 5892);
INSERT INTO Security_Out VALUES (1433, '2025-09-14', 'NL51VL6159', 'Nath Inc', 'Ira Madan', '9795903921', 'Pack', 5892);
INSERT INTO Weighbridge (Gatepass_No, Truck_Type, Weight_In, Weight_Out, In_Time, Out_Time) VALUES (1433, 'Pack', 8730, 8598, '2025-08-17 06:39', '2025-08-17 07:39');
INSERT INTO Loading (Truck_Type, Cylinder_Type, Gatepass_No) VALUES ('Pack', '47kg', 1433);
INSERT INTO Unloading (Vehicle_Number, Truck_Type, Cylinder_Type, Capsule1_MT, Capsule2_MT, Capsule3_MT, Gatepass_No) VALUES ('NL51VL6159', 'Pack', '47kg', NULL, NULL, NULL, 1433);
INSERT INTO Filling_Center (Cylinder_Type, Leakage_Test, Cap_Check, Manual_Test, Gatepass_No) VALUES ('5kg', 0, 1, 1, 1433);
INSERT INTO Security_In VALUES (1434, '2025-08-07', 'AS90KU7539', 'Abdul Shenoy', '2008404561', 'Bullet', 3914);
INSERT INTO Security_Out VALUES (1434, '2025-08-07', 'AS90KU7539', 'Parsa, Saraf and Solanki', 'Abdul Shenoy', '2008404561', 'Bullet', 3914);
INSERT INTO Weighbridge (Gatepass_No, Truck_Type, Weight_In, Weight_Out, In_Time, Out_Time) VALUES (1434, 'Bullet', 5954, 5526, '2025-09-15 15:37', '2025-09-15 19:37');
INSERT INTO Unloading (Vehicle_Number, Truck_Type, Cylinder_Type, Capsule1_MT, Capsule2_MT, Capsule3_MT, Gatepass_No) VALUES ('AS90KU7539', 'Bullet', NULL, 6.58, 9.44, 7.35, 1434);
INSERT INTO Filling_Center (Cylinder_Type, Leakage_Test, Cap_Check, Manual_Test, Gatepass_No) VALUES ('10kg', 0, 1, 0, 1434);
INSERT INTO Security_In VALUES (1435, '2025-08-24', 'KA43CM8765', 'Aashi Ben', '6978138896', 'Bullet', 14178);
INSERT INTO Security_Out VALUES (1435, '2025-08-24', 'KA43CM8765', 'Mitter, Char and Tara', 'Aashi Ben', '6978138896', 'Bullet', 14178);
INSERT INTO Weighbridge (Gatepass_No, Truck_Type, Weight_In, Weight_Out, In_Time, Out_Time) VALUES (1435, 'Bullet', 15244, 14888, '2025-08-05 23:48', '2025-08-06 03:48');
INSERT INTO Unloading (Vehicle_Number, Truck_Type, Cylinder_Type, Capsule1_MT, Capsule2_MT, Capsule3_MT, Gatepass_No) VALUES ('KA43CM8765', 'Bullet', NULL, 5.25, 5.93, 8.64, 1435);
INSERT INTO Filling_Center (Cylinder_Type, Leakage_Test, Cap_Check, Manual_Test, Gatepass_No) VALUES ('10kg', 0, 1, 1, 1435);
INSERT INTO Security_In VALUES (1436, '2025-07-31', 'TN39QD3071', 'Aarush Chadha', '0846209541', 'Pack', 8453);
INSERT INTO Security_Out VALUES (1436, '2025-07-31', 'TN39QD3071', 'Wadhwa and Sons', 'Aarush Chadha', '0846209541', 'Pack', 8453);
INSERT INTO Weighbridge (Gatepass_No, Truck_Type, Weight_In, Weight_Out, In_Time, Out_Time) VALUES (1436, 'Pack', 11039, 10885, '2025-08-21 19:34', '2025-08-21 21:34');
INSERT INTO Loading (Truck_Type, Cylinder_Type, Gatepass_No) VALUES ('Pack', '47kg', 1436);
INSERT INTO Unloading (Vehicle_Number, Truck_Type, Cylinder_Type, Capsule1_MT, Capsule2_MT, Capsule3_MT, Gatepass_No) VALUES ('TN39QD3071', 'Pack', '47kg', NULL, NULL, NULL, 1436);
INSERT INTO Filling_Center (Cylinder_Type, Leakage_Test, Cap_Check, Manual_Test, Gatepass_No) VALUES ('10kg', 0, 1, 0, 1436);
INSERT INTO Security_In VALUES (1437, '2025-09-15', 'AP36BE4106', 'Lakshit Bhandari', '9530970058', 'Pack', 3761);
INSERT INTO Security_Out VALUES (1437, '2025-09-15', 'AP36BE4106', 'Ramesh-Yohannan', 'Lakshit Bhandari', '9530970058', 'Pack', 3761);
INSERT INTO Weighbridge (Gatepass_No, Truck_Type, Weight_In, Weight_Out, In_Time, Out_Time) VALUES (1437, 'Pack', 5089, 4707, '2025-07-18 14:03', '2025-07-18 19:03');
INSERT INTO Loading (Truck_Type, Cylinder_Type, Gatepass_No) VALUES ('Pack', '14kg', 1437);
INSERT INTO Unloading (Vehicle_Number, Truck_Type, Cylinder_Type, Capsule1_MT, Capsule2_MT, Capsule3_MT, Gatepass_No) VALUES ('AP36BE4106', 'Pack', '14kg', NULL, NULL, NULL, 1437);
INSERT INTO Filling_Center (Cylinder_Type, Leakage_Test, Cap_Check, Manual_Test, Gatepass_No) VALUES ('10kg', 0, 1, 0, 1437);
INSERT INTO Security_In VALUES (1438, '2025-08-06', 'UK76YI8900', 'Finn Dara', '1931679937', 'Pack', 3184);
INSERT INTO Security_Out VALUES (1438, '2025-08-06', 'UK76YI8900', 'Reddy-Bandi', 'Finn Dara', '1931679937', 'Pack', 3184);
INSERT INTO Weighbridge (Gatepass_No, Truck_Type, Weight_In, Weight_Out, In_Time, Out_Time) VALUES (1438, 'Pack', 7814, 7626, '2025-08-12 20:56', '2025-08-12 21:56');
INSERT INTO Loading (Truck_Type, Cylinder_Type, Gatepass_No) VALUES ('Pack', '47kg', 1438);
INSERT INTO Unloading (Vehicle_Number, Truck_Type, Cylinder_Type, Capsule1_MT, Capsule2_MT, Capsule3_MT, Gatepass_No) VALUES ('UK76YI8900', 'Pack', '47kg', NULL, NULL, NULL, 1438);
INSERT INTO Filling_Center (Cylinder_Type, Leakage_Test, Cap_Check, Manual_Test, Gatepass_No) VALUES ('19kg', 1, 1, 0, 1438);
INSERT INTO Security_In VALUES (1439, '2025-09-04', 'PB80IX3188', 'Banjeet Kapadia', '7421572326', 'Pack', 1616);
INSERT INTO Security_Out VALUES (1439, '2025-09-04', 'PB80IX3188', 'Jaggi, Golla and Vasa', 'Banjeet Kapadia', '7421572326', 'Pack', 1616);
INSERT INTO Weighbridge (Gatepass_No, Truck_Type, Weight_In, Weight_Out, In_Time, Out_Time) VALUES (1439, 'Pack', 3996, 3860, '2025-08-14 16:01', '2025-08-14 17:01');
INSERT INTO Loading (Truck_Type, Cylinder_Type, Gatepass_No) VALUES ('Pack', '19kg', 1439);
INSERT INTO Unloading (Vehicle_Number, Truck_Type, Cylinder_Type, Capsule1_MT, Capsule2_MT, Capsule3_MT, Gatepass_No) VALUES ('PB80IX3188', 'Pack', '19kg', NULL, NULL, NULL, 1439);
INSERT INTO Filling_Center (Cylinder_Type, Leakage_Test, Cap_Check, Manual_Test, Gatepass_No) VALUES ('14.5kg', 0, 1, 1, 1439);
INSERT INTO Security_In VALUES (1440, '2025-07-18', 'AR82GU7740', 'Yadavi Arya', '2069370181', 'Bullet', 19076);
INSERT INTO Security_Out VALUES (1440, '2025-07-18', 'AR82GU7740', 'Ahluwalia, Pandey and Bala', 'Yadavi Arya', '2069370181', 'Bullet', 19076);
INSERT INTO Weighbridge (Gatepass_No, Truck_Type, Weight_In, Weight_Out, In_Time, Out_Time) VALUES (1440, 'Bullet', 21023, 20755, '2025-08-03 19:23', '2025-08-03 20:23');
INSERT INTO Unloading (Vehicle_Number, Truck_Type, Cylinder_Type, Capsule1_MT, Capsule2_MT, Capsule3_MT, Gatepass_No) VALUES ('AR82GU7740', 'Bullet', NULL, 7.87, 9.2, 9.36, 1440);
INSERT INTO Filling_Center (Cylinder_Type, Leakage_Test, Cap_Check, Manual_Test, Gatepass_No) VALUES ('47kg', 1, 1, 1, 1440);
INSERT INTO Security_In VALUES (1441, '2025-07-20', 'UK75XR5498', 'Sudiksha Dixit', '1958608946', 'Bullet', 698);
INSERT INTO Security_Out VALUES (1441, '2025-07-20', 'UK75XR5498', 'Kata, Rajagopalan and Mani', 'Sudiksha Dixit', '1958608946', 'Bullet', 698);
INSERT INTO Weighbridge (Gatepass_No, Truck_Type, Weight_In, Weight_Out, In_Time, Out_Time) VALUES (1441, 'Bullet', 4973, 4825, '2025-08-30 06:10', '2025-08-30 08:10');
INSERT INTO Unloading (Vehicle_Number, Truck_Type, Cylinder_Type, Capsule1_MT, Capsule2_MT, Capsule3_MT, Gatepass_No) VALUES ('UK75XR5498', 'Bullet', NULL, 7.45, 5.99, 6.96, 1441);
INSERT INTO Filling_Center (Cylinder_Type, Leakage_Test, Cap_Check, Manual_Test, Gatepass_No) VALUES ('47kg', 1, 1, 1, 1441);
INSERT INTO Security_In VALUES (1442, '2025-08-30', 'HR46KX8393', 'Pranit Srivastava', '0412170714', 'Pack', 2143);
INSERT INTO Security_Out VALUES (1442, '2025-08-30', 'HR46KX8393', 'Zacharia Group', 'Pranit Srivastava', '0412170714', 'Pack', 2143);
INSERT INTO Weighbridge (Gatepass_No, Truck_Type, Weight_In, Weight_Out, In_Time, Out_Time) VALUES (1442, 'Pack', 6164, 5976, '2025-08-17 03:05', '2025-08-17 06:05');
INSERT INTO Loading (Truck_Type, Cylinder_Type, Gatepass_No) VALUES ('Pack', '47kg', 1442);
INSERT INTO Unloading (Vehicle_Number, Truck_Type, Cylinder_Type, Capsule1_MT, Capsule2_MT, Capsule3_MT, Gatepass_No) VALUES ('HR46KX8393', 'Pack', '47kg', NULL, NULL, NULL, 1442);
INSERT INTO Filling_Center (Cylinder_Type, Leakage_Test, Cap_Check, Manual_Test, Gatepass_No) VALUES ('5kg', 1, 0, 0, 1442);
INSERT INTO Security_In VALUES (1443, '2025-08-18', 'AS88JP2702', 'Jyoti Gour', '3124704801', 'Pack', 15700);
INSERT INTO Security_Out VALUES (1443, '2025-08-18', 'AS88JP2702', 'Narayan, Malhotra and Parsa', 'Jyoti Gour', '3124704801', 'Pack', 15700);
INSERT INTO Weighbridge (Gatepass_No, Truck_Type, Weight_In, Weight_Out, In_Time, Out_Time) VALUES (1443, 'Pack', 19086, 18845, '2025-07-29 22:14', '2025-07-29 23:14');
INSERT INTO Loading (Truck_Type, Cylinder_Type, Gatepass_No) VALUES ('Pack', '19kg', 1443);
INSERT INTO Unloading (Vehicle_Number, Truck_Type, Cylinder_Type, Capsule1_MT, Capsule2_MT, Capsule3_MT, Gatepass_No) VALUES ('AS88JP2702', 'Pack', '19kg', NULL, NULL, NULL, 1443);
INSERT INTO Filling_Center (Cylinder_Type, Leakage_Test, Cap_Check, Manual_Test, Gatepass_No) VALUES ('10kg', 1, 0, 1, 1443);
INSERT INTO Security_In VALUES (1444, '2025-08-09', 'AP46KQ6515', 'Dominic Kamdar', '7933257283', 'Pack', 3705);
INSERT INTO Security_Out VALUES (1444, '2025-08-09', 'AP46KQ6515', 'Hegde-Rege', 'Dominic Kamdar', '7933257283', 'Pack', 3705);
INSERT INTO Weighbridge (Gatepass_No, Truck_Type, Weight_In, Weight_Out, In_Time, Out_Time) VALUES (1444, 'Pack', 7579, 7390, '2025-08-20 20:08', '2025-08-20 21:08');
INSERT INTO Loading (Truck_Type, Cylinder_Type, Gatepass_No) VALUES ('Pack', '14kg', 1444);
INSERT INTO Unloading (Vehicle_Number, Truck_Type, Cylinder_Type, Capsule1_MT, Capsule2_MT, Capsule3_MT, Gatepass_No) VALUES ('AP46KQ6515', 'Pack', '14kg', NULL, NULL, NULL, 1444);
INSERT INTO Filling_Center (Cylinder_Type, Leakage_Test, Cap_Check, Manual_Test, Gatepass_No) VALUES ('5kg', 1, 1, 0, 1444);
INSERT INTO Security_In VALUES (1445, '2025-08-28', 'OD28HW6778', 'Pushti Balasubramanian', '5953329956', 'Pack', 11458);
INSERT INTO Security_Out VALUES (1445, '2025-08-28', 'OD28HW6778', 'Bal Group', 'Pushti Balasubramanian', '5953329956', 'Pack', 11458);
INSERT INTO Weighbridge (Gatepass_No, Truck_Type, Weight_In, Weight_Out, In_Time, Out_Time) VALUES (1445, 'Pack', 16220, 16098, '2025-08-12 23:10', '2025-08-13 04:10');
INSERT INTO Loading (Truck_Type, Cylinder_Type, Gatepass_No) VALUES ('Pack', '19kg', 1445);
INSERT INTO Unloading (Vehicle_Number, Truck_Type, Cylinder_Type, Capsule1_MT, Capsule2_MT, Capsule3_MT, Gatepass_No) VALUES ('OD28HW6778', 'Pack', '19kg', NULL, NULL, NULL, 1445);
INSERT INTO Filling_Center (Cylinder_Type, Leakage_Test, Cap_Check, Manual_Test, Gatepass_No) VALUES ('14.5kg', 0, 1, 0, 1445);
INSERT INTO Security_In VALUES (1446, '2025-08-18', 'MN65DD8955', 'Meera Chawla', '7092626865', 'Bullet', 10857);
INSERT INTO Security_Out VALUES (1446, '2025-08-18', 'MN65DD8955', 'Natt PLC', 'Meera Chawla', '7092626865', 'Bullet', 10857);
INSERT INTO Weighbridge (Gatepass_No, Truck_Type, Weight_In, Weight_Out, In_Time, Out_Time) VALUES (1446, 'Bullet', 15002, 14553, '2025-07-22 07:46', '2025-07-22 10:46');
INSERT INTO Unloading (Vehicle_Number, Truck_Type, Cylinder_Type, Capsule1_MT, Capsule2_MT, Capsule3_MT, Gatepass_No) VALUES ('MN65DD8955', 'Bullet', NULL, 6.85, 7.45, 5.32, 1446);
INSERT INTO Filling_Center (Cylinder_Type, Leakage_Test, Cap_Check, Manual_Test, Gatepass_No) VALUES ('19kg', 1, 0, 1, 1446);
INSERT INTO Security_In VALUES (1447, '2025-08-25', 'UP86SN9053', 'Brinda Tailor', '1132978721', 'Pack', 9097);
INSERT INTO Security_Out VALUES (1447, '2025-08-25', 'UP86SN9053', 'Arya, Saini and Batta', 'Brinda Tailor', '1132978721', 'Pack', 9097);
INSERT INTO Weighbridge (Gatepass_No, Truck_Type, Weight_In, Weight_Out, In_Time, Out_Time) VALUES (1447, 'Pack', 12417, 11985, '2025-08-01 17:19', '2025-08-01 22:19');
INSERT INTO Loading (Truck_Type, Cylinder_Type, Gatepass_No) VALUES ('Pack', '14kg', 1447);
INSERT INTO Unloading (Vehicle_Number, Truck_Type, Cylinder_Type, Capsule1_MT, Capsule2_MT, Capsule3_MT, Gatepass_No) VALUES ('UP86SN9053', 'Pack', '14kg', NULL, NULL, NULL, 1447);
INSERT INTO Filling_Center (Cylinder_Type, Leakage_Test, Cap_Check, Manual_Test, Gatepass_No) VALUES ('10kg', 1, 0, 0, 1447);
INSERT INTO Security_In VALUES (1448, '2025-08-24', 'SK91KU8638', 'Yahvi Swamy', '0649795812', 'Pack', 8631);
INSERT INTO Security_Out VALUES (1448, '2025-08-24', 'SK91KU8638', 'Lall PLC', 'Yahvi Swamy', '0649795812', 'Pack', 8631);
INSERT INTO Weighbridge (Gatepass_No, Truck_Type, Weight_In, Weight_Out, In_Time, Out_Time) VALUES (1448, 'Pack', 9655, 9427, '2025-08-21 18:23', '2025-08-21 21:23');
INSERT INTO Loading (Truck_Type, Cylinder_Type, Gatepass_No) VALUES ('Pack', '47kg', 1448);
INSERT INTO Unloading (Vehicle_Number, Truck_Type, Cylinder_Type, Capsule1_MT, Capsule2_MT, Capsule3_MT, Gatepass_No) VALUES ('SK91KU8638', 'Pack', '47kg', NULL, NULL, NULL, 1448);
INSERT INTO Filling_Center (Cylinder_Type, Leakage_Test, Cap_Check, Manual_Test, Gatepass_No) VALUES ('47kg', 0, 0, 0, 1448);
INSERT INTO Security_In VALUES (1449, '2025-07-21', 'MZ78EH6870', 'Kiaan Buch', '3955424413', 'Bullet', 3813);
INSERT INTO Security_Out VALUES (1449, '2025-07-21', 'MZ78EH6870', 'Khosla-Kala', 'Kiaan Buch', '3955424413', 'Bullet', 3813);
INSERT INTO Weighbridge (Gatepass_No, Truck_Type, Weight_In, Weight_Out, In_Time, Out_Time) VALUES (1449, 'Bullet', 4906, 4756, '2025-07-30 06:16', '2025-07-30 08:16');
INSERT INTO Unloading (Vehicle_Number, Truck_Type, Cylinder_Type, Capsule1_MT, Capsule2_MT, Capsule3_MT, Gatepass_No) VALUES ('MZ78EH6870', 'Bullet', NULL, 7.62, 7.04, 5.09, 1449);
INSERT INTO Filling_Center (Cylinder_Type, Leakage_Test, Cap_Check, Manual_Test, Gatepass_No) VALUES ('14.5kg', 0, 0, 0, 1449);
INSERT INTO Security_In VALUES (1450, '2025-08-09', 'KA55WV6149', 'Warjas Kadakia', '7497403820', 'Pack', 4491);
INSERT INTO Security_Out VALUES (1450, '2025-08-09', 'KA55WV6149', 'Pingle, Bava and Patla', 'Warjas Kadakia', '7497403820', 'Pack', 4491);
INSERT INTO Weighbridge (Gatepass_No, Truck_Type, Weight_In, Weight_Out, In_Time, Out_Time) VALUES (1450, 'Pack', 7744, 7384, '2025-09-14 09:56', '2025-09-14 14:56');
INSERT INTO Loading (Truck_Type, Cylinder_Type, Gatepass_No) VALUES ('Pack', '47kg', 1450);
INSERT INTO Unloading (Vehicle_Number, Truck_Type, Cylinder_Type, Capsule1_MT, Capsule2_MT, Capsule3_MT, Gatepass_No) VALUES ('KA55WV6149', 'Pack', '47kg', NULL, NULL, NULL, 1450);
INSERT INTO Filling_Center (Cylinder_Type, Leakage_Test, Cap_Check, Manual_Test, Gatepass_No) VALUES ('19kg', 0, 0, 1, 1450);
INSERT INTO Security_In VALUES (1451, '2025-07-26', 'TR47NO7774', 'Mohammed Pau', '6779584339', 'Bullet', 7405);
INSERT INTO Security_Out VALUES (1451, '2025-07-26', 'TR47NO7774', 'Cherian Group', 'Mohammed Pau', '6779584339', 'Bullet', 7405);
INSERT INTO Weighbridge (Gatepass_No, Truck_Type, Weight_In, Weight_Out, In_Time, Out_Time) VALUES (1451, 'Bullet', 9324, 9001, '2025-09-13 19:10', '2025-09-13 21:10');
INSERT INTO Unloading (Vehicle_Number, Truck_Type, Cylinder_Type, Capsule1_MT, Capsule2_MT, Capsule3_MT, Gatepass_No) VALUES ('TR47NO7774', 'Bullet', NULL, 7.4, 5.72, 7.47, 1451);
INSERT INTO Filling_Center (Cylinder_Type, Leakage_Test, Cap_Check, Manual_Test, Gatepass_No) VALUES ('14.5kg', 0, 0, 1, 1451);
INSERT INTO Security_In VALUES (1452, '2025-07-31', 'UP32SR2221', 'Kamya Dugal', '1765422212', 'Bullet', 7642);
INSERT INTO Security_Out VALUES (1452, '2025-07-31', 'UP32SR2221', 'Hans, Deep and Gole', 'Kamya Dugal', '1765422212', 'Bullet', 7642);
INSERT INTO Weighbridge (Gatepass_No, Truck_Type, Weight_In, Weight_Out, In_Time, Out_Time) VALUES (1452, 'Bullet', 9656, 9265, '2025-08-28 04:29', '2025-08-28 09:29');
INSERT INTO Unloading (Vehicle_Number, Truck_Type, Cylinder_Type, Capsule1_MT, Capsule2_MT, Capsule3_MT, Gatepass_No) VALUES ('UP32SR2221', 'Bullet', NULL, 6.58, 7.48, 6.64, 1452);
INSERT INTO Filling_Center (Cylinder_Type, Leakage_Test, Cap_Check, Manual_Test, Gatepass_No) VALUES ('14.5kg', 0, 0, 1, 1452);
INSERT INTO Security_In VALUES (1453, '2025-08-30', 'RJ92YQ7633', 'Edhitha Buch', '8169716081', 'Bullet', 5524);
INSERT INTO Security_Out VALUES (1453, '2025-08-30', 'RJ92YQ7633', 'Bora, Kulkarni and Radhakrishnan', 'Edhitha Buch', '8169716081', 'Bullet', 5524);
INSERT INTO Weighbridge (Gatepass_No, Truck_Type, Weight_In, Weight_Out, In_Time, Out_Time) VALUES (1453, 'Bullet', 9680, 9475, '2025-08-28 23:54', '2025-08-29 04:54');
INSERT INTO Unloading (Vehicle_Number, Truck_Type, Cylinder_Type, Capsule1_MT, Capsule2_MT, Capsule3_MT, Gatepass_No) VALUES ('RJ92YQ7633', 'Bullet', NULL, 5.03, 7.52, 6.51, 1453);
INSERT INTO Filling_Center (Cylinder_Type, Leakage_Test, Cap_Check, Manual_Test, Gatepass_No) VALUES ('5kg', 1, 1, 0, 1453);
INSERT INTO Security_In VALUES (1454, '2025-08-22', 'AS60DT7721', 'Anusha Mahal', '2692650163', 'Bullet', 12525);
INSERT INTO Security_Out VALUES (1454, '2025-08-22', 'AS60DT7721', 'Bajwa-Dara', 'Anusha Mahal', '2692650163', 'Bullet', 12525);
INSERT INTO Weighbridge (Gatepass_No, Truck_Type, Weight_In, Weight_Out, In_Time, Out_Time) VALUES (1454, 'Bullet', 17109, 16651, '2025-07-21 14:31', '2025-07-21 15:31');
INSERT INTO Unloading (Vehicle_Number, Truck_Type, Cylinder_Type, Capsule1_MT, Capsule2_MT, Capsule3_MT, Gatepass_No) VALUES ('AS60DT7721', 'Bullet', NULL, 7.07, 5.15, 8.15, 1454);
INSERT INTO Filling_Center (Cylinder_Type, Leakage_Test, Cap_Check, Manual_Test, Gatepass_No) VALUES ('10kg', 0, 1, 0, 1454);
INSERT INTO Security_In VALUES (1455, '2025-07-29', 'UP97FR1732', 'Gaurav Bandi', '0744739769', 'Bullet', 19978);
INSERT INTO Security_Out VALUES (1455, '2025-07-29', 'UP97FR1732', 'Nagi-Ganesan', 'Gaurav Bandi', '0744739769', 'Bullet', 19978);
INSERT INTO Weighbridge (Gatepass_No, Truck_Type, Weight_In, Weight_Out, In_Time, Out_Time) VALUES (1455, 'Bullet', 22969, 22763, '2025-09-13 03:39', '2025-09-13 04:39');
INSERT INTO Unloading (Vehicle_Number, Truck_Type, Cylinder_Type, Capsule1_MT, Capsule2_MT, Capsule3_MT, Gatepass_No) VALUES ('UP97FR1732', 'Bullet', NULL, 8.36, 7.09, 5.93, 1455);
INSERT INTO Filling_Center (Cylinder_Type, Leakage_Test, Cap_Check, Manual_Test, Gatepass_No) VALUES ('14.5kg', 0, 1, 0, 1455);
INSERT INTO Security_In VALUES (1456, '2025-07-31', 'UK55TY3595', 'Anika Johal', '2057831149', 'Bullet', 14048);
INSERT INTO Security_Out VALUES (1456, '2025-07-31', 'UK55TY3595', 'Om-Bala', 'Anika Johal', '2057831149', 'Bullet', 14048);
INSERT INTO Weighbridge (Gatepass_No, Truck_Type, Weight_In, Weight_Out, In_Time, Out_Time) VALUES (1456, 'Bullet', 17986, 17876, '2025-08-17 05:49', '2025-08-17 09:49');
INSERT INTO Unloading (Vehicle_Number, Truck_Type, Cylinder_Type, Capsule1_MT, Capsule2_MT, Capsule3_MT, Gatepass_No) VALUES ('UK55TY3595', 'Bullet', NULL, 8.44, 8.03, 8.34, 1456);
INSERT INTO Filling_Center (Cylinder_Type, Leakage_Test, Cap_Check, Manual_Test, Gatepass_No) VALUES ('10kg', 1, 0, 1, 1456);
INSERT INTO Security_In VALUES (1457, '2025-08-14', 'KL53GU6950', 'Umang Sura', '5962338301', 'Pack', 9195);
INSERT INTO Security_Out VALUES (1457, '2025-08-14', 'KL53GU6950', 'Dhar Group', 'Umang Sura', '5962338301', 'Pack', 9195);
INSERT INTO Weighbridge (Gatepass_No, Truck_Type, Weight_In, Weight_Out, In_Time, Out_Time) VALUES (1457, 'Pack', 10858, 10497, '2025-07-27 15:22', '2025-07-27 18:22');
INSERT INTO Loading (Truck_Type, Cylinder_Type, Gatepass_No) VALUES ('Pack', '19kg', 1457);
INSERT INTO Unloading (Vehicle_Number, Truck_Type, Cylinder_Type, Capsule1_MT, Capsule2_MT, Capsule3_MT, Gatepass_No) VALUES ('KL53GU6950', 'Pack', '19kg', NULL, NULL, NULL, 1457);
INSERT INTO Filling_Center (Cylinder_Type, Leakage_Test, Cap_Check, Manual_Test, Gatepass_No) VALUES ('10kg', 0, 0, 0, 1457);
INSERT INTO Security_In VALUES (1458, '2025-08-25', 'UP87LU3258', 'Daksh Anne', '8390535669', 'Pack', 6192);
INSERT INTO Security_Out VALUES (1458, '2025-08-25', 'UP87LU3258', 'Chaudhary Group', 'Daksh Anne', '8390535669', 'Pack', 6192);
INSERT INTO Weighbridge (Gatepass_No, Truck_Type, Weight_In, Weight_Out, In_Time, Out_Time) VALUES (1458, 'Pack', 9984, 9706, '2025-08-03 16:16', '2025-08-03 17:16');
INSERT INTO Loading (Truck_Type, Cylinder_Type, Gatepass_No) VALUES ('Pack', '47kg', 1458);
INSERT INTO Unloading (Vehicle_Number, Truck_Type, Cylinder_Type, Capsule1_MT, Capsule2_MT, Capsule3_MT, Gatepass_No) VALUES ('UP87LU3258', 'Pack', '47kg', NULL, NULL, NULL, 1458);
INSERT INTO Filling_Center (Cylinder_Type, Leakage_Test, Cap_Check, Manual_Test, Gatepass_No) VALUES ('10kg', 1, 1, 1, 1458);
INSERT INTO Security_In VALUES (1459, '2025-08-19', 'AP40DW2989', 'Leena Parmer', '5442518484', 'Pack', 2217);
INSERT INTO Security_Out VALUES (1459, '2025-08-19', 'AP40DW2989', 'Bose Inc', 'Leena Parmer', '5442518484', 'Pack', 2217);
INSERT INTO Weighbridge (Gatepass_No, Truck_Type, Weight_In, Weight_Out, In_Time, Out_Time) VALUES (1459, 'Pack', 4104, 3679, '2025-08-05 05:31', '2025-08-05 09:31');
INSERT INTO Loading (Truck_Type, Cylinder_Type, Gatepass_No) VALUES ('Pack', '47kg', 1459);
INSERT INTO Unloading (Vehicle_Number, Truck_Type, Cylinder_Type, Capsule1_MT, Capsule2_MT, Capsule3_MT, Gatepass_No) VALUES ('AP40DW2989', 'Pack', '47kg', NULL, NULL, NULL, 1459);
INSERT INTO Filling_Center (Cylinder_Type, Leakage_Test, Cap_Check, Manual_Test, Gatepass_No) VALUES ('10kg', 1, 0, 1, 1459);
INSERT INTO Security_In VALUES (1460, '2025-08-07', 'ML51WW7650', 'Abhimanyu Chhabra', '6253448662', 'Pack', 2319);
INSERT INTO Security_Out VALUES (1460, '2025-08-07', 'ML51WW7650', 'Ramachandran, Yadav and Chand', 'Abhimanyu Chhabra', '6253448662', 'Pack', 2319);
INSERT INTO Weighbridge (Gatepass_No, Truck_Type, Weight_In, Weight_Out, In_Time, Out_Time) VALUES (1460, 'Pack', 3715, 3449, '2025-07-19 05:22', '2025-07-19 06:22');
INSERT INTO Loading (Truck_Type, Cylinder_Type, Gatepass_No) VALUES ('Pack', '14kg', 1460);
INSERT INTO Unloading (Vehicle_Number, Truck_Type, Cylinder_Type, Capsule1_MT, Capsule2_MT, Capsule3_MT, Gatepass_No) VALUES ('ML51WW7650', 'Pack', '14kg', NULL, NULL, NULL, 1460);
INSERT INTO Filling_Center (Cylinder_Type, Leakage_Test, Cap_Check, Manual_Test, Gatepass_No) VALUES ('47kg', 1, 0, 0, 1460);
INSERT INTO Security_In VALUES (1461, '2025-08-27', 'HR62ZG7950', 'Jagrati Sant', '7121962972', 'Bullet', 1326);
INSERT INTO Security_Out VALUES (1461, '2025-08-27', 'HR62ZG7950', 'Sangha, Swaminathan and Patla', 'Jagrati Sant', '7121962972', 'Bullet', 1326);
INSERT INTO Weighbridge (Gatepass_No, Truck_Type, Weight_In, Weight_Out, In_Time, Out_Time) VALUES (1461, 'Bullet', 4932, 4543, '2025-08-15 19:16', '2025-08-15 20:16');
INSERT INTO Unloading (Vehicle_Number, Truck_Type, Cylinder_Type, Capsule1_MT, Capsule2_MT, Capsule3_MT, Gatepass_No) VALUES ('HR62ZG7950', 'Bullet', NULL, 8.28, 7.48, 6.33, 1461);
INSERT INTO Filling_Center (Cylinder_Type, Leakage_Test, Cap_Check, Manual_Test, Gatepass_No) VALUES ('47kg', 0, 0, 1, 1461);
INSERT INTO Security_In VALUES (1462, '2025-08-13', 'UP22XV1428', 'Hemangini Mody', '0214166229', 'Pack', 3561);
INSERT INTO Security_Out VALUES (1462, '2025-08-13', 'UP22XV1428', 'Bumb Inc', 'Hemangini Mody', '0214166229', 'Pack', 3561);
INSERT INTO Weighbridge (Gatepass_No, Truck_Type, Weight_In, Weight_Out, In_Time, Out_Time) VALUES (1462, 'Pack', 7480, 7042, '2025-08-02 06:26', '2025-08-02 11:26');
INSERT INTO Loading (Truck_Type, Cylinder_Type, Gatepass_No) VALUES ('Pack', '14kg', 1462);
INSERT INTO Unloading (Vehicle_Number, Truck_Type, Cylinder_Type, Capsule1_MT, Capsule2_MT, Capsule3_MT, Gatepass_No) VALUES ('UP22XV1428', 'Pack', '14kg', NULL, NULL, NULL, 1462);
INSERT INTO Filling_Center (Cylinder_Type, Leakage_Test, Cap_Check, Manual_Test, Gatepass_No) VALUES ('47kg', 1, 0, 0, 1462);
INSERT INTO Security_In VALUES (1463, '2025-08-07', 'MN61OO7581', 'Devika Rajan', '1714859565', 'Pack', 9886);
INSERT INTO Security_Out VALUES (1463, '2025-08-07', 'MN61OO7581', 'Gulati-Rajan', 'Devika Rajan', '1714859565', 'Pack', 9886);
INSERT INTO Weighbridge (Gatepass_No, Truck_Type, Weight_In, Weight_Out, In_Time, Out_Time) VALUES (1463, 'Pack', 12713, 12429, '2025-08-26 04:36', '2025-08-26 06:36');
INSERT INTO Loading (Truck_Type, Cylinder_Type, Gatepass_No) VALUES ('Pack', '19kg', 1463);
INSERT INTO Unloading (Vehicle_Number, Truck_Type, Cylinder_Type, Capsule1_MT, Capsule2_MT, Capsule3_MT, Gatepass_No) VALUES ('MN61OO7581', 'Pack', '19kg', NULL, NULL, NULL, 1463);
INSERT INTO Filling_Center (Cylinder_Type, Leakage_Test, Cap_Check, Manual_Test, Gatepass_No) VALUES ('5kg', 1, 0, 1, 1463);
INSERT INTO Security_In VALUES (1464, '2025-07-25', 'MH97ZM4275', 'Charan Manda', '4828679232', 'Pack', 915);
INSERT INTO Security_Out VALUES (1464, '2025-07-25', 'MH97ZM4275', 'Kumar, Wali and Krish', 'Charan Manda', '4828679232', 'Pack', 915);
INSERT INTO Weighbridge (Gatepass_No, Truck_Type, Weight_In, Weight_Out, In_Time, Out_Time) VALUES (1464, 'Pack', 3722, 3538, '2025-09-01 12:23', '2025-09-01 17:23');
INSERT INTO Loading (Truck_Type, Cylinder_Type, Gatepass_No) VALUES ('Pack', '19kg', 1464);
INSERT INTO Unloading (Vehicle_Number, Truck_Type, Cylinder_Type, Capsule1_MT, Capsule2_MT, Capsule3_MT, Gatepass_No) VALUES ('MH97ZM4275', 'Pack', '19kg', NULL, NULL, NULL, 1464);
INSERT INTO Filling_Center (Cylinder_Type, Leakage_Test, Cap_Check, Manual_Test, Gatepass_No) VALUES ('14.5kg', 1, 0, 0, 1464);
INSERT INTO Security_In VALUES (1465, '2025-07-29', 'OD16UK1883', 'Lila Sarna', '9073427406', 'Pack', 19534);
INSERT INTO Security_Out VALUES (1465, '2025-07-29', 'OD16UK1883', 'Vig PLC', 'Lila Sarna', '9073427406', 'Pack', 19534);
INSERT INTO Weighbridge (Gatepass_No, Truck_Type, Weight_In, Weight_Out, In_Time, Out_Time) VALUES (1465, 'Pack', 21777, 21448, '2025-09-02 21:29', '2025-09-03 00:29');
INSERT INTO Loading (Truck_Type, Cylinder_Type, Gatepass_No) VALUES ('Pack', '19kg', 1465);
INSERT INTO Unloading (Vehicle_Number, Truck_Type, Cylinder_Type, Capsule1_MT, Capsule2_MT, Capsule3_MT, Gatepass_No) VALUES ('OD16UK1883', 'Pack', '19kg', NULL, NULL, NULL, 1465);
INSERT INTO Filling_Center (Cylinder_Type, Leakage_Test, Cap_Check, Manual_Test, Gatepass_No) VALUES ('19kg', 1, 0, 0, 1465);
INSERT INTO Security_In VALUES (1466, '2025-08-11', 'MP50VJ8731', 'Chaitaly Kapur', '7433236609', 'Pack', 4377);
INSERT INTO Security_Out VALUES (1466, '2025-08-11', 'MP50VJ8731', 'Kannan-Khurana', 'Chaitaly Kapur', '7433236609', 'Pack', 4377);
INSERT INTO Weighbridge (Gatepass_No, Truck_Type, Weight_In, Weight_Out, In_Time, Out_Time) VALUES (1466, 'Pack', 6856, 6631, '2025-07-30 04:32', '2025-07-30 06:32');
INSERT INTO Loading (Truck_Type, Cylinder_Type, Gatepass_No) VALUES ('Pack', '19kg', 1466);
INSERT INTO Unloading (Vehicle_Number, Truck_Type, Cylinder_Type, Capsule1_MT, Capsule2_MT, Capsule3_MT, Gatepass_No) VALUES ('MP50VJ8731', 'Pack', '19kg', NULL, NULL, NULL, 1466);
INSERT INTO Filling_Center (Cylinder_Type, Leakage_Test, Cap_Check, Manual_Test, Gatepass_No) VALUES ('19kg', 1, 0, 1, 1466);
INSERT INTO Security_In VALUES (1467, '2025-08-04', 'MH27JN5956', 'Lekha Lala', '7412775196', 'Bullet', 7626);
INSERT INTO Security_Out VALUES (1467, '2025-08-04', 'MH27JN5956', 'Mitra LLC', 'Lekha Lala', '7412775196', 'Bullet', 7626);
INSERT INTO Weighbridge (Gatepass_No, Truck_Type, Weight_In, Weight_Out, In_Time, Out_Time) VALUES (1467, 'Bullet', 10290, 9883, '2025-08-14 13:37', '2025-08-14 17:37');
INSERT INTO Unloading (Vehicle_Number, Truck_Type, Cylinder_Type, Capsule1_MT, Capsule2_MT, Capsule3_MT, Gatepass_No) VALUES ('MH27JN5956', 'Bullet', NULL, 8.21, 9.38, 7.63, 1467);
INSERT INTO Filling_Center (Cylinder_Type, Leakage_Test, Cap_Check, Manual_Test, Gatepass_No) VALUES ('47kg', 1, 1, 0, 1467);
INSERT INTO Security_In VALUES (1468, '2025-07-24', 'AS51ET9173', 'Oeshi Ramesh', '1776230167', 'Pack', 16785);
INSERT INTO Security_Out VALUES (1468, '2025-07-24', 'AS51ET9173', 'Din, Chander and Kumer', 'Oeshi Ramesh', '1776230167', 'Pack', 16785);
INSERT INTO Weighbridge (Gatepass_No, Truck_Type, Weight_In, Weight_Out, In_Time, Out_Time) VALUES (1468, 'Pack', 20197, 19906, '2025-08-23 00:06', '2025-08-23 01:06');
INSERT INTO Loading (Truck_Type, Cylinder_Type, Gatepass_No) VALUES ('Pack', '14kg', 1468);
INSERT INTO Unloading (Vehicle_Number, Truck_Type, Cylinder_Type, Capsule1_MT, Capsule2_MT, Capsule3_MT, Gatepass_No) VALUES ('AS51ET9173', 'Pack', '14kg', NULL, NULL, NULL, 1468);
INSERT INTO Filling_Center (Cylinder_Type, Leakage_Test, Cap_Check, Manual_Test, Gatepass_No) VALUES ('19kg', 1, 1, 1, 1468);
INSERT INTO Security_In VALUES (1469, '2025-09-10', 'CG74LO2963', 'Ishani Saxena', '6016321194', 'Pack', 16443);
INSERT INTO Security_Out VALUES (1469, '2025-09-10', 'CG74LO2963', 'Desai PLC', 'Ishani Saxena', '6016321194', 'Pack', 16443);
INSERT INTO Weighbridge (Gatepass_No, Truck_Type, Weight_In, Weight_Out, In_Time, Out_Time) VALUES (1469, 'Pack', 19044, 18601, '2025-07-31 18:14', '2025-07-31 21:14');
INSERT INTO Loading (Truck_Type, Cylinder_Type, Gatepass_No) VALUES ('Pack', '19kg', 1469);
INSERT INTO Unloading (Vehicle_Number, Truck_Type, Cylinder_Type, Capsule1_MT, Capsule2_MT, Capsule3_MT, Gatepass_No) VALUES ('CG74LO2963', 'Pack', '19kg', NULL, NULL, NULL, 1469);
INSERT INTO Filling_Center (Cylinder_Type, Leakage_Test, Cap_Check, Manual_Test, Gatepass_No) VALUES ('5kg', 1, 1, 0, 1469);
INSERT INTO Security_In VALUES (1470, '2025-09-07', 'WB23MP4930', 'Xavier Chanda', '4609522604', 'Pack', 15934);
INSERT INTO Security_Out VALUES (1470, '2025-09-07', 'WB23MP4930', 'Bansal LLC', 'Xavier Chanda', '4609522604', 'Pack', 15934);
INSERT INTO Weighbridge (Gatepass_No, Truck_Type, Weight_In, Weight_Out, In_Time, Out_Time) VALUES (1470, 'Pack', 19735, 19348, '2025-09-13 03:18', '2025-09-13 06:18');
INSERT INTO Loading (Truck_Type, Cylinder_Type, Gatepass_No) VALUES ('Pack', '14kg', 1470);
INSERT INTO Unloading (Vehicle_Number, Truck_Type, Cylinder_Type, Capsule1_MT, Capsule2_MT, Capsule3_MT, Gatepass_No) VALUES ('WB23MP4930', 'Pack', '14kg', NULL, NULL, NULL, 1470);
INSERT INTO Filling_Center (Cylinder_Type, Leakage_Test, Cap_Check, Manual_Test, Gatepass_No) VALUES ('47kg', 1, 0, 1, 1470);
INSERT INTO Security_In VALUES (1471, '2025-07-21', 'MN54RN3417', 'Isha Nigam', '1994762301', 'Bullet', 10638);
INSERT INTO Security_Out VALUES (1471, '2025-07-21', 'MN54RN3417', 'Thaker LLC', 'Isha Nigam', '1994762301', 'Bullet', 10638);
INSERT INTO Weighbridge (Gatepass_No, Truck_Type, Weight_In, Weight_Out, In_Time, Out_Time) VALUES (1471, 'Bullet', 12677, 12501, '2025-09-14 21:17', '2025-09-14 23:17');
INSERT INTO Unloading (Vehicle_Number, Truck_Type, Cylinder_Type, Capsule1_MT, Capsule2_MT, Capsule3_MT, Gatepass_No) VALUES ('MN54RN3417', 'Bullet', NULL, 5.23, 5.27, 8.48, 1471);
INSERT INTO Filling_Center (Cylinder_Type, Leakage_Test, Cap_Check, Manual_Test, Gatepass_No) VALUES ('10kg', 1, 1, 0, 1471);
INSERT INTO Security_In VALUES (1472, '2025-07-24', 'KL41TI1590', 'Balveer Kadakia', '2081669658', 'Pack', 17644);
INSERT INTO Security_Out VALUES (1472, '2025-07-24', 'KL41TI1590', 'Misra-Karan', 'Balveer Kadakia', '2081669658', 'Pack', 17644);
INSERT INTO Weighbridge (Gatepass_No, Truck_Type, Weight_In, Weight_Out, In_Time, Out_Time) VALUES (1472, 'Pack', 19400, 19284, '2025-08-18 06:40', '2025-08-18 09:40');
INSERT INTO Loading (Truck_Type, Cylinder_Type, Gatepass_No) VALUES ('Pack', '14kg', 1472);
INSERT INTO Unloading (Vehicle_Number, Truck_Type, Cylinder_Type, Capsule1_MT, Capsule2_MT, Capsule3_MT, Gatepass_No) VALUES ('KL41TI1590', 'Pack', '14kg', NULL, NULL, NULL, 1472);
INSERT INTO Filling_Center (Cylinder_Type, Leakage_Test, Cap_Check, Manual_Test, Gatepass_No) VALUES ('47kg', 1, 1, 0, 1472);
INSERT INTO Security_In VALUES (1473, '2025-08-06', 'MZ52FE9031', 'Manan Deol', '7005653500', 'Bullet', 9174);
INSERT INTO Security_Out VALUES (1473, '2025-08-06', 'MZ52FE9031', 'Tak, Vohra and Sule', 'Manan Deol', '7005653500', 'Bullet', 9174);
INSERT INTO Weighbridge (Gatepass_No, Truck_Type, Weight_In, Weight_Out, In_Time, Out_Time) VALUES (1473, 'Bullet', 13713, 13529, '2025-07-28 06:13', '2025-07-28 09:13');
INSERT INTO Unloading (Vehicle_Number, Truck_Type, Cylinder_Type, Capsule1_MT, Capsule2_MT, Capsule3_MT, Gatepass_No) VALUES ('MZ52FE9031', 'Bullet', NULL, 7.08, 8.87, 9.29, 1473);
INSERT INTO Filling_Center (Cylinder_Type, Leakage_Test, Cap_Check, Manual_Test, Gatepass_No) VALUES ('14.5kg', 0, 1, 0, 1473);
INSERT INTO Security_In VALUES (1474, '2025-08-31', 'BR73ME3657', 'Omisha Bose', '1170251769', 'Pack', 14711);
INSERT INTO Security_Out VALUES (1474, '2025-08-31', 'BR73ME3657', 'Sule-Misra', 'Omisha Bose', '1170251769', 'Pack', 14711);
INSERT INTO Weighbridge (Gatepass_No, Truck_Type, Weight_In, Weight_Out, In_Time, Out_Time) VALUES (1474, 'Pack', 18501, 18378, '2025-09-06 15:33', '2025-09-06 19:33');
INSERT INTO Loading (Truck_Type, Cylinder_Type, Gatepass_No) VALUES ('Pack', '14kg', 1474);
INSERT INTO Unloading (Vehicle_Number, Truck_Type, Cylinder_Type, Capsule1_MT, Capsule2_MT, Capsule3_MT, Gatepass_No) VALUES ('BR73ME3657', 'Pack', '14kg', NULL, NULL, NULL, 1474);
INSERT INTO Filling_Center (Cylinder_Type, Leakage_Test, Cap_Check, Manual_Test, Gatepass_No) VALUES ('47kg', 1, 1, 0, 1474);
INSERT INTO Security_In VALUES (1475, '2025-08-30', 'GJ29UB7885', 'Unnati Thakur', '2772880624', 'Pack', 524);
INSERT INTO Security_Out VALUES (1475, '2025-08-30', 'GJ29UB7885', 'Rege, Balay and Warrior', 'Unnati Thakur', '2772880624', 'Pack', 524);
INSERT INTO Weighbridge (Gatepass_No, Truck_Type, Weight_In, Weight_Out, In_Time, Out_Time) VALUES (1475, 'Pack', 2041, 1775, '2025-09-15 22:32', '2025-09-16 00:32');
INSERT INTO Loading (Truck_Type, Cylinder_Type, Gatepass_No) VALUES ('Pack', '19kg', 1475);
INSERT INTO Unloading (Vehicle_Number, Truck_Type, Cylinder_Type, Capsule1_MT, Capsule2_MT, Capsule3_MT, Gatepass_No) VALUES ('GJ29UB7885', 'Pack', '19kg', NULL, NULL, NULL, 1475);
INSERT INTO Filling_Center (Cylinder_Type, Leakage_Test, Cap_Check, Manual_Test, Gatepass_No) VALUES ('5kg', 0, 1, 1, 1475);
INSERT INTO Security_In VALUES (1476, '2025-09-05', 'CG94OG8968', 'Urvashi Borra', '8298775258', 'Bullet', 3041);
INSERT INTO Security_Out VALUES (1476, '2025-09-05', 'CG94OG8968', 'Sankar PLC', 'Urvashi Borra', '8298775258', 'Bullet', 3041);
INSERT INTO Weighbridge (Gatepass_No, Truck_Type, Weight_In, Weight_Out, In_Time, Out_Time) VALUES (1476, 'Bullet', 4423, 4078, '2025-09-04 15:47', '2025-09-04 19:47');
INSERT INTO Unloading (Vehicle_Number, Truck_Type, Cylinder_Type, Capsule1_MT, Capsule2_MT, Capsule3_MT, Gatepass_No) VALUES ('CG94OG8968', 'Bullet', NULL, 7.17, 8.76, 6.68, 1476);
INSERT INTO Filling_Center (Cylinder_Type, Leakage_Test, Cap_Check, Manual_Test, Gatepass_No) VALUES ('5kg', 0, 0, 0, 1476);
INSERT INTO Security_In VALUES (1477, '2025-08-08', 'BR24PO4633', 'Wyatt Sharaf', '1480483313', 'Pack', 11729);
INSERT INTO Security_Out VALUES (1477, '2025-08-08', 'BR24PO4633', 'Sidhu Group', 'Wyatt Sharaf', '1480483313', 'Pack', 11729);
INSERT INTO Weighbridge (Gatepass_No, Truck_Type, Weight_In, Weight_Out, In_Time, Out_Time) VALUES (1477, 'Pack', 14398, 13962, '2025-08-31 17:57', '2025-08-31 22:57');
INSERT INTO Loading (Truck_Type, Cylinder_Type, Gatepass_No) VALUES ('Pack', '47kg', 1477);
INSERT INTO Unloading (Vehicle_Number, Truck_Type, Cylinder_Type, Capsule1_MT, Capsule2_MT, Capsule3_MT, Gatepass_No) VALUES ('BR24PO4633', 'Pack', '47kg', NULL, NULL, NULL, 1477);
INSERT INTO Filling_Center (Cylinder_Type, Leakage_Test, Cap_Check, Manual_Test, Gatepass_No) VALUES ('14.5kg', 1, 1, 1, 1477);
INSERT INTO Security_In VALUES (1478, '2025-09-13', 'JH68FU7763', 'Isaiah Basak', '7246646678', 'Bullet', 19107);
INSERT INTO Security_Out VALUES (1478, '2025-09-13', 'JH68FU7763', 'Mall, Buch and Bala', 'Isaiah Basak', '7246646678', 'Bullet', 19107);
INSERT INTO Weighbridge (Gatepass_No, Truck_Type, Weight_In, Weight_Out, In_Time, Out_Time) VALUES (1478, 'Bullet', 22191, 21764, '2025-08-31 19:26', '2025-08-31 21:26');
INSERT INTO Unloading (Vehicle_Number, Truck_Type, Cylinder_Type, Capsule1_MT, Capsule2_MT, Capsule3_MT, Gatepass_No) VALUES ('JH68FU7763', 'Bullet', NULL, 5.55, 5.47, 5.45, 1478);
INSERT INTO Filling_Center (Cylinder_Type, Leakage_Test, Cap_Check, Manual_Test, Gatepass_No) VALUES ('19kg', 1, 1, 0, 1478);
INSERT INTO Security_In VALUES (1479, '2025-07-24', 'TS62FE7325', 'Bhavani Kumer', '4156485380', 'Pack', 1244);
INSERT INTO Security_Out VALUES (1479, '2025-07-24', 'TS62FE7325', 'Khanna Inc', 'Bhavani Kumer', '4156485380', 'Pack', 1244);
INSERT INTO Weighbridge (Gatepass_No, Truck_Type, Weight_In, Weight_Out, In_Time, Out_Time) VALUES (1479, 'Pack', 3090, 2807, '2025-09-14 20:50', '2025-09-15 01:50');
INSERT INTO Loading (Truck_Type, Cylinder_Type, Gatepass_No) VALUES ('Pack', '19kg', 1479);
INSERT INTO Unloading (Vehicle_Number, Truck_Type, Cylinder_Type, Capsule1_MT, Capsule2_MT, Capsule3_MT, Gatepass_No) VALUES ('TS62FE7325', 'Pack', '19kg', NULL, NULL, NULL, 1479);
INSERT INTO Filling_Center (Cylinder_Type, Leakage_Test, Cap_Check, Manual_Test, Gatepass_No) VALUES ('14.5kg', 1, 0, 0, 1479);
INSERT INTO Security_In VALUES (1480, '2025-08-27', 'HP23DO4734', 'Laban Badal', '5607883334', 'Pack', 16148);
INSERT INTO Security_Out VALUES (1480, '2025-08-27', 'HP23DO4734', 'Bajaj-Tripathi', 'Laban Badal', '5607883334', 'Pack', 16148);
INSERT INTO Weighbridge (Gatepass_No, Truck_Type, Weight_In, Weight_Out, In_Time, Out_Time) VALUES (1480, 'Pack', 20632, 20235, '2025-07-31 14:58', '2025-07-31 19:58');
INSERT INTO Loading (Truck_Type, Cylinder_Type, Gatepass_No) VALUES ('Pack', '19kg', 1480);
INSERT INTO Unloading (Vehicle_Number, Truck_Type, Cylinder_Type, Capsule1_MT, Capsule2_MT, Capsule3_MT, Gatepass_No) VALUES ('HP23DO4734', 'Pack', '19kg', NULL, NULL, NULL, 1480);
INSERT INTO Filling_Center (Cylinder_Type, Leakage_Test, Cap_Check, Manual_Test, Gatepass_No) VALUES ('19kg', 1, 1, 1, 1480);
INSERT INTO Security_In VALUES (1481, '2025-09-13', 'WB73SF7957', 'Amruta Gandhi', '6553114423', 'Bullet', 10013);
INSERT INTO Security_Out VALUES (1481, '2025-09-13', 'WB73SF7957', 'Vig-Saxena', 'Amruta Gandhi', '6553114423', 'Bullet', 10013);
INSERT INTO Weighbridge (Gatepass_No, Truck_Type, Weight_In, Weight_Out, In_Time, Out_Time) VALUES (1481, 'Bullet', 13302, 12860, '2025-08-26 01:28', '2025-08-26 06:28');
INSERT INTO Unloading (Vehicle_Number, Truck_Type, Cylinder_Type, Capsule1_MT, Capsule2_MT, Capsule3_MT, Gatepass_No) VALUES ('WB73SF7957', 'Bullet', NULL, 7.48, 5.84, 8.1, 1481);
INSERT INTO Filling_Center (Cylinder_Type, Leakage_Test, Cap_Check, Manual_Test, Gatepass_No) VALUES ('5kg', 1, 0, 0, 1481);
INSERT INTO Security_In VALUES (1482, '2025-09-03', 'MN37SE7984', 'Agastya Morar', '6536400899', 'Pack', 12514);
INSERT INTO Security_Out VALUES (1482, '2025-09-03', 'MN37SE7984', 'Lad-Batta', 'Agastya Morar', '6536400899', 'Pack', 12514);
INSERT INTO Weighbridge (Gatepass_No, Truck_Type, Weight_In, Weight_Out, In_Time, Out_Time) VALUES (1482, 'Pack', 15924, 15551, '2025-07-26 13:31', '2025-07-26 18:31');
INSERT INTO Loading (Truck_Type, Cylinder_Type, Gatepass_No) VALUES ('Pack', '14kg', 1482);
INSERT INTO Unloading (Vehicle_Number, Truck_Type, Cylinder_Type, Capsule1_MT, Capsule2_MT, Capsule3_MT, Gatepass_No) VALUES ('MN37SE7984', 'Pack', '14kg', NULL, NULL, NULL, 1482);
INSERT INTO Filling_Center (Cylinder_Type, Leakage_Test, Cap_Check, Manual_Test, Gatepass_No) VALUES ('10kg', 1, 0, 1, 1482);
INSERT INTO Security_In VALUES (1483, '2025-09-01', 'KA61GX4568', 'Pranit Aggarwal', '9989322440', 'Pack', 6636);
INSERT INTO Security_Out VALUES (1483, '2025-09-01', 'KA61GX4568', 'Sodhi-Lanka', 'Pranit Aggarwal', '9989322440', 'Pack', 6636);
INSERT INTO Weighbridge (Gatepass_No, Truck_Type, Weight_In, Weight_Out, In_Time, Out_Time) VALUES (1483, 'Pack', 7696, 7557, '2025-08-22 04:45', '2025-08-22 07:45');
INSERT INTO Loading (Truck_Type, Cylinder_Type, Gatepass_No) VALUES ('Pack', '14kg', 1483);
INSERT INTO Unloading (Vehicle_Number, Truck_Type, Cylinder_Type, Capsule1_MT, Capsule2_MT, Capsule3_MT, Gatepass_No) VALUES ('KA61GX4568', 'Pack', '14kg', NULL, NULL, NULL, 1483);
INSERT INTO Filling_Center (Cylinder_Type, Leakage_Test, Cap_Check, Manual_Test, Gatepass_No) VALUES ('14.5kg', 0, 0, 0, 1483);
INSERT INTO Security_In VALUES (1484, '2025-08-03', 'AR95VW4663', 'Avi Wali', '5045847157', 'Bullet', 8178);
INSERT INTO Security_Out VALUES (1484, '2025-08-03', 'AR95VW4663', 'Pingle, Hora and Saraf', 'Avi Wali', '5045847157', 'Bullet', 8178);
INSERT INTO Weighbridge (Gatepass_No, Truck_Type, Weight_In, Weight_Out, In_Time, Out_Time) VALUES (1484, 'Bullet', 10875, 10464, '2025-08-07 12:21', '2025-08-07 13:21');
INSERT INTO Unloading (Vehicle_Number, Truck_Type, Cylinder_Type, Capsule1_MT, Capsule2_MT, Capsule3_MT, Gatepass_No) VALUES ('AR95VW4663', 'Bullet', NULL, 5.53, 7.33, 8.83, 1484);
INSERT INTO Filling_Center (Cylinder_Type, Leakage_Test, Cap_Check, Manual_Test, Gatepass_No) VALUES ('14.5kg', 0, 1, 1, 1484);
INSERT INTO Security_In VALUES (1485, '2025-08-23', 'CG77UE1883', 'Tamanna Venkatesh', '9368744413', 'Pack', 19612);
INSERT INTO Security_Out VALUES (1485, '2025-08-23', 'CG77UE1883', 'Sachdeva-Patla', 'Tamanna Venkatesh', '9368744413', 'Pack', 19612);
INSERT INTO Weighbridge (Gatepass_No, Truck_Type, Weight_In, Weight_Out, In_Time, Out_Time) VALUES (1485, 'Pack', 21015, 20826, '2025-08-15 15:13', '2025-08-15 19:13');
INSERT INTO Loading (Truck_Type, Cylinder_Type, Gatepass_No) VALUES ('Pack', '47kg', 1485);
INSERT INTO Unloading (Vehicle_Number, Truck_Type, Cylinder_Type, Capsule1_MT, Capsule2_MT, Capsule3_MT, Gatepass_No) VALUES ('CG77UE1883', 'Pack', '47kg', NULL, NULL, NULL, 1485);
INSERT INTO Filling_Center (Cylinder_Type, Leakage_Test, Cap_Check, Manual_Test, Gatepass_No) VALUES ('14.5kg', 1, 1, 0, 1485);
INSERT INTO Security_In VALUES (1486, '2025-07-22', 'AP83YR1534', 'Indali Chaudhry', '3755783021', 'Pack', 16294);
INSERT INTO Security_Out VALUES (1486, '2025-07-22', 'AP83YR1534', 'Goyal, Mangal and Natt', 'Indali Chaudhry', '3755783021', 'Pack', 16294);
INSERT INTO Weighbridge (Gatepass_No, Truck_Type, Weight_In, Weight_Out, In_Time, Out_Time) VALUES (1486, 'Pack', 20730, 20577, '2025-08-05 10:06', '2025-08-05 11:06');
INSERT INTO Loading (Truck_Type, Cylinder_Type, Gatepass_No) VALUES ('Pack', '19kg', 1486);
INSERT INTO Unloading (Vehicle_Number, Truck_Type, Cylinder_Type, Capsule1_MT, Capsule2_MT, Capsule3_MT, Gatepass_No) VALUES ('AP83YR1534', 'Pack', '19kg', NULL, NULL, NULL, 1486);
INSERT INTO Filling_Center (Cylinder_Type, Leakage_Test, Cap_Check, Manual_Test, Gatepass_No) VALUES ('5kg', 0, 1, 1, 1486);
INSERT INTO Security_In VALUES (1487, '2025-08-03', 'UP86AW1765', 'Viraj Chaudhuri', '2134604778', 'Pack', 18028);
INSERT INTO Security_Out VALUES (1487, '2025-08-03', 'UP86AW1765', 'Mukhopadhyay-Vora', 'Viraj Chaudhuri', '2134604778', 'Pack', 18028);
INSERT INTO Weighbridge (Gatepass_No, Truck_Type, Weight_In, Weight_Out, In_Time, Out_Time) VALUES (1487, 'Pack', 22686, 22453, '2025-07-22 06:58', '2025-07-22 11:58');
INSERT INTO Loading (Truck_Type, Cylinder_Type, Gatepass_No) VALUES ('Pack', '47kg', 1487);
INSERT INTO Unloading (Vehicle_Number, Truck_Type, Cylinder_Type, Capsule1_MT, Capsule2_MT, Capsule3_MT, Gatepass_No) VALUES ('UP86AW1765', 'Pack', '47kg', NULL, NULL, NULL, 1487);
INSERT INTO Filling_Center (Cylinder_Type, Leakage_Test, Cap_Check, Manual_Test, Gatepass_No) VALUES ('14.5kg', 1, 1, 1, 1487);
INSERT INTO Security_In VALUES (1488, '2025-08-18', 'TS13ZO3640', 'Praneel Parsa', '7465549094', 'Bullet', 16366);
INSERT INTO Security_Out VALUES (1488, '2025-08-18', 'TS13ZO3640', 'Samra-Bora', 'Praneel Parsa', '7465549094', 'Bullet', 16366);
INSERT INTO Weighbridge (Gatepass_No, Truck_Type, Weight_In, Weight_Out, In_Time, Out_Time) VALUES (1488, 'Bullet', 18989, 18846, '2025-08-24 11:45', '2025-08-24 16:45');
INSERT INTO Unloading (Vehicle_Number, Truck_Type, Cylinder_Type, Capsule1_MT, Capsule2_MT, Capsule3_MT, Gatepass_No) VALUES ('TS13ZO3640', 'Bullet', NULL, 9.12, 6.03, 6.72, 1488);
INSERT INTO Filling_Center (Cylinder_Type, Leakage_Test, Cap_Check, Manual_Test, Gatepass_No) VALUES ('5kg', 0, 0, 1, 1488);
INSERT INTO Security_In VALUES (1489, '2025-08-12', 'AR27NZ8979', 'Wakeeta Grewal', '0497469843', 'Bullet', 5214);
INSERT INTO Security_Out VALUES (1489, '2025-08-12', 'AR27NZ8979', 'Baral PLC', 'Wakeeta Grewal', '0497469843', 'Bullet', 5214);
INSERT INTO Weighbridge (Gatepass_No, Truck_Type, Weight_In, Weight_Out, In_Time, Out_Time) VALUES (1489, 'Bullet', 6354, 6023, '2025-09-14 16:27', '2025-09-14 18:27');
INSERT INTO Unloading (Vehicle_Number, Truck_Type, Cylinder_Type, Capsule1_MT, Capsule2_MT, Capsule3_MT, Gatepass_No) VALUES ('AR27NZ8979', 'Bullet', NULL, 6.6, 6.31, 8.93, 1489);
INSERT INTO Filling_Center (Cylinder_Type, Leakage_Test, Cap_Check, Manual_Test, Gatepass_No) VALUES ('10kg', 0, 0, 0, 1489);
INSERT INTO Security_In VALUES (1490, '2025-07-22', 'MH45BW6704', 'Alka Dhaliwal', '8128825301', 'Pack', 16125);
INSERT INTO Security_Out VALUES (1490, '2025-07-22', 'MH45BW6704', 'Balay, Keer and Borde', 'Alka Dhaliwal', '8128825301', 'Pack', 16125);
INSERT INTO Weighbridge (Gatepass_No, Truck_Type, Weight_In, Weight_Out, In_Time, Out_Time) VALUES (1490, 'Pack', 17130, 16906, '2025-09-09 01:02', '2025-09-09 05:02');
INSERT INTO Loading (Truck_Type, Cylinder_Type, Gatepass_No) VALUES ('Pack', '14kg', 1490);
INSERT INTO Unloading (Vehicle_Number, Truck_Type, Cylinder_Type, Capsule1_MT, Capsule2_MT, Capsule3_MT, Gatepass_No) VALUES ('MH45BW6704', 'Pack', '14kg', NULL, NULL, NULL, 1490);
INSERT INTO Filling_Center (Cylinder_Type, Leakage_Test, Cap_Check, Manual_Test, Gatepass_No) VALUES ('14.5kg', 0, 0, 0, 1490);
INSERT INTO Security_In VALUES (1491, '2025-07-23', 'MZ59WA1014', 'Vidhi Sridhar', '3752107809', 'Pack', 15619);
INSERT INTO Security_Out VALUES (1491, '2025-07-23', 'MZ59WA1014', 'Pau, Bhakta and Natt', 'Vidhi Sridhar', '3752107809', 'Pack', 15619);
INSERT INTO Weighbridge (Gatepass_No, Truck_Type, Weight_In, Weight_Out, In_Time, Out_Time) VALUES (1491, 'Pack', 17510, 17297, '2025-09-01 06:13', '2025-09-01 11:13');
INSERT INTO Loading (Truck_Type, Cylinder_Type, Gatepass_No) VALUES ('Pack', '19kg', 1491);
INSERT INTO Unloading (Vehicle_Number, Truck_Type, Cylinder_Type, Capsule1_MT, Capsule2_MT, Capsule3_MT, Gatepass_No) VALUES ('MZ59WA1014', 'Pack', '19kg', NULL, NULL, NULL, 1491);
INSERT INTO Filling_Center (Cylinder_Type, Leakage_Test, Cap_Check, Manual_Test, Gatepass_No) VALUES ('10kg', 0, 1, 0, 1491);
INSERT INTO Security_In VALUES (1492, '2025-07-19', 'WB98OT5524', 'Riya Nair', '3024745007', 'Bullet', 11229);
INSERT INTO Security_Out VALUES (1492, '2025-07-19', 'WB98OT5524', 'Dada-Puri', 'Riya Nair', '3024745007', 'Bullet', 11229);
INSERT INTO Weighbridge (Gatepass_No, Truck_Type, Weight_In, Weight_Out, In_Time, Out_Time) VALUES (1492, 'Bullet', 15641, 15429, '2025-07-22 00:43', '2025-07-22 02:43');
INSERT INTO Unloading (Vehicle_Number, Truck_Type, Cylinder_Type, Capsule1_MT, Capsule2_MT, Capsule3_MT, Gatepass_No) VALUES ('WB98OT5524', 'Bullet', NULL, 9.08, 6.37, 8.77, 1492);
INSERT INTO Filling_Center (Cylinder_Type, Leakage_Test, Cap_Check, Manual_Test, Gatepass_No) VALUES ('19kg', 0, 0, 1, 1492);
INSERT INTO Security_In VALUES (1493, '2025-08-22', 'UK35SV9471', 'Mason Tiwari', '3225302657', 'Bullet', 19498);
INSERT INTO Security_Out VALUES (1493, '2025-08-22', 'UK35SV9471', 'Kuruvilla-Sahni', 'Mason Tiwari', '3225302657', 'Bullet', 19498);
INSERT INTO Weighbridge (Gatepass_No, Truck_Type, Weight_In, Weight_Out, In_Time, Out_Time) VALUES (1493, 'Bullet', 23269, 23085, '2025-09-01 07:46', '2025-09-01 11:46');
INSERT INTO Unloading (Vehicle_Number, Truck_Type, Cylinder_Type, Capsule1_MT, Capsule2_MT, Capsule3_MT, Gatepass_No) VALUES ('UK35SV9471', 'Bullet', NULL, 6.52, 9.16, 5.9, 1493);
INSERT INTO Filling_Center (Cylinder_Type, Leakage_Test, Cap_Check, Manual_Test, Gatepass_No) VALUES ('14.5kg', 0, 1, 0, 1493);
INSERT INTO Security_In VALUES (1494, '2025-09-09', 'TN94IB7698', 'Nathan Kota', '4207660752', 'Bullet', 3065);
INSERT INTO Security_Out VALUES (1494, '2025-09-09', 'TN94IB7698', 'Kunda PLC', 'Nathan Kota', '4207660752', 'Bullet', 3065);
INSERT INTO Weighbridge (Gatepass_No, Truck_Type, Weight_In, Weight_Out, In_Time, Out_Time) VALUES (1494, 'Bullet', 7797, 7447, '2025-08-04 20:23', '2025-08-04 22:23');
INSERT INTO Unloading (Vehicle_Number, Truck_Type, Cylinder_Type, Capsule1_MT, Capsule2_MT, Capsule3_MT, Gatepass_No) VALUES ('TN94IB7698', 'Bullet', NULL, 8.43, 9.82, 5.5, 1494);
INSERT INTO Filling_Center (Cylinder_Type, Leakage_Test, Cap_Check, Manual_Test, Gatepass_No) VALUES ('47kg', 0, 0, 0, 1494);
INSERT INTO Security_In VALUES (1495, '2025-09-03', 'MN97JC6271', 'Patrick Goda', '5632111431', 'Pack', 11347);
INSERT INTO Security_Out VALUES (1495, '2025-09-03', 'MN97JC6271', 'Sama LLC', 'Patrick Goda', '5632111431', 'Pack', 11347);
INSERT INTO Weighbridge (Gatepass_No, Truck_Type, Weight_In, Weight_Out, In_Time, Out_Time) VALUES (1495, 'Pack', 15067, 14839, '2025-08-01 15:58', '2025-08-01 17:58');
INSERT INTO Loading (Truck_Type, Cylinder_Type, Gatepass_No) VALUES ('Pack', '47kg', 1495);
INSERT INTO Unloading (Vehicle_Number, Truck_Type, Cylinder_Type, Capsule1_MT, Capsule2_MT, Capsule3_MT, Gatepass_No) VALUES ('MN97JC6271', 'Pack', '47kg', NULL, NULL, NULL, 1495);
INSERT INTO Filling_Center (Cylinder_Type, Leakage_Test, Cap_Check, Manual_Test, Gatepass_No) VALUES ('47kg', 1, 0, 0, 1495);
INSERT INTO Security_In VALUES (1496, '2025-07-21', 'ML99UR8188', 'Turvi Sood', '7177937505', 'Bullet', 1356);
INSERT INTO Security_Out VALUES (1496, '2025-07-21', 'ML99UR8188', 'Nair Group', 'Turvi Sood', '7177937505', 'Bullet', 1356);
INSERT INTO Weighbridge (Gatepass_No, Truck_Type, Weight_In, Weight_Out, In_Time, Out_Time) VALUES (1496, 'Bullet', 5920, 5545, '2025-09-01 07:52', '2025-09-01 08:52');
INSERT INTO Unloading (Vehicle_Number, Truck_Type, Cylinder_Type, Capsule1_MT, Capsule2_MT, Capsule3_MT, Gatepass_No) VALUES ('ML99UR8188', 'Bullet', NULL, 6.63, 5.3, 8.09, 1496);
INSERT INTO Filling_Center (Cylinder_Type, Leakage_Test, Cap_Check, Manual_Test, Gatepass_No) VALUES ('10kg', 0, 0, 0, 1496);
INSERT INTO Security_In VALUES (1497, '2025-09-15', 'MH79GF4557', 'Omya Ben', '9150537014', 'Pack', 5783);
INSERT INTO Security_Out VALUES (1497, '2025-09-15', 'MH79GF4557', 'Saraf, Deep and Kadakia', 'Omya Ben', '9150537014', 'Pack', 5783);
INSERT INTO Weighbridge (Gatepass_No, Truck_Type, Weight_In, Weight_Out, In_Time, Out_Time) VALUES (1497, 'Pack', 8888, 8642, '2025-08-20 23:44', '2025-08-21 04:44');
INSERT INTO Loading (Truck_Type, Cylinder_Type, Gatepass_No) VALUES ('Pack', '19kg', 1497);
INSERT INTO Unloading (Vehicle_Number, Truck_Type, Cylinder_Type, Capsule1_MT, Capsule2_MT, Capsule3_MT, Gatepass_No) VALUES ('MH79GF4557', 'Pack', '19kg', NULL, NULL, NULL, 1497);
INSERT INTO Filling_Center (Cylinder_Type, Leakage_Test, Cap_Check, Manual_Test, Gatepass_No) VALUES ('47kg', 1, 0, 1, 1497);
INSERT INTO Security_In VALUES (1498, '2025-08-19', 'CG32DP5679', 'Tanvi Rout', '2633966506', 'Bullet', 14057);
INSERT INTO Security_Out VALUES (1498, '2025-08-19', 'CG32DP5679', 'Gara-Hegde', 'Tanvi Rout', '2633966506', 'Bullet', 14057);
INSERT INTO Weighbridge (Gatepass_No, Truck_Type, Weight_In, Weight_Out, In_Time, Out_Time) VALUES (1498, 'Bullet', 17967, 17731, '2025-08-30 13:07', '2025-08-30 16:07');
INSERT INTO Unloading (Vehicle_Number, Truck_Type, Cylinder_Type, Capsule1_MT, Capsule2_MT, Capsule3_MT, Gatepass_No) VALUES ('CG32DP5679', 'Bullet', NULL, 6.78, 9.23, 6.68, 1498);
INSERT INTO Filling_Center (Cylinder_Type, Leakage_Test, Cap_Check, Manual_Test, Gatepass_No) VALUES ('14.5kg', 1, 0, 0, 1498);
INSERT INTO Security_In VALUES (1499, '2025-09-01', 'AS81UH4817', 'Hiral Sidhu', '7214973963', 'Pack', 13629);
INSERT INTO Security_Out VALUES (1499, '2025-09-01', 'AS81UH4817', 'Wali PLC', 'Hiral Sidhu', '7214973963', 'Pack', 13629);
INSERT INTO Weighbridge (Gatepass_No, Truck_Type, Weight_In, Weight_Out, In_Time, Out_Time) VALUES (1499, 'Pack', 18145, 17828, '2025-09-03 10:21', '2025-09-03 14:21');
INSERT INTO Loading (Truck_Type, Cylinder_Type, Gatepass_No) VALUES ('Pack', '19kg', 1499);
INSERT INTO Unloading (Vehicle_Number, Truck_Type, Cylinder_Type, Capsule1_MT, Capsule2_MT, Capsule3_MT, Gatepass_No) VALUES ('AS81UH4817', 'Pack', '19kg', NULL, NULL, NULL, 1499);
INSERT INTO Filling_Center (Cylinder_Type, Leakage_Test, Cap_Check, Manual_Test, Gatepass_No) VALUES ('5kg', 0, 0, 0, 1499);
INSERT INTO Security_In VALUES (1500, '2025-09-10', 'MZ36DT5140', 'Yash Mishra', '8899999052', 'Pack', 17516);
INSERT INTO Security_Out VALUES (1500, '2025-09-10', 'MZ36DT5140', 'Mitra-Boase', 'Yash Mishra', '8899999052', 'Pack', 17516);
INSERT INTO Weighbridge (Gatepass_No, Truck_Type, Weight_In, Weight_Out, In_Time, Out_Time) VALUES (1500, 'Pack', 22280, 21909, '2025-07-25 07:46', '2025-07-25 11:46');
INSERT INTO Loading (Truck_Type, Cylinder_Type, Gatepass_No) VALUES ('Pack', '47kg', 1500);
INSERT INTO Unloading (Vehicle_Number, Truck_Type, Cylinder_Type, Capsule1_MT, Capsule2_MT, Capsule3_MT, Gatepass_No) VALUES ('MZ36DT5140', 'Pack', '47kg', NULL, NULL, NULL, 1500);
INSERT INTO Filling_Center (Cylinder_Type, Leakage_Test, Cap_Check, Manual_Test, Gatepass_No) VALUES ('14.5kg', 1, 0, 0, 1500);


INSERT INTO HR_Department VALUES (1, 'Madhav Comar', 43705, '2024-04-13', 'Weighbridge', 'Operator');
INSERT INTO HR_Department VALUES (2, 'Nachiket Mandal', 45824, '2025-02-15', 'Filling', 'Clerk');
INSERT INTO HR_Department VALUES (3, 'William Loke', 40763, '2025-07-15', 'Security', 'Operator');
INSERT INTO HR_Department VALUES (4, 'Lohit Khosla', 59896, '2025-03-25', 'Admin', 'Manager');
INSERT INTO HR_Department VALUES (5, 'Urishilla Bhasin', 22464, '2023-10-18', 'Maintenance', 'Clerk');
INSERT INTO HR_Department VALUES (6, 'Barkha Morar', 38777, '2025-06-18', 'Weighbridge', 'Supervisor');
INSERT INTO HR_Department VALUES (7, 'Zaitra Chopra', 29055, '2024-04-26', 'Maintenance', 'Manager');
INSERT INTO HR_Department VALUES (8, 'Tanmayi Viswanathan', 51296, '2023-11-02', 'Weighbridge', 'Operator');
INSERT INTO HR_Department VALUES (9, 'Tristan Magar', 25128, '2025-04-17', 'Maintenance', 'Operator');
INSERT INTO HR_Department VALUES (10, 'Girindra Singhal', 49682, '2025-06-20', 'Filling', 'Clerk');
INSERT INTO HR_Department VALUES (11, 'Anay Agate', 51891, '2024-03-15', 'Filling', 'Clerk');
INSERT INTO HR_Department VALUES (12, 'Jyoti Modi', 48865, '2024-10-16', 'Maintenance', 'Clerk');
INSERT INTO HR_Department VALUES (13, 'Samaksh Ghose', 29794, '2024-11-02', 'Weighbridge', 'Manager');
INSERT INTO HR_Department VALUES (14, 'Mohammed Keer', 33949, '2025-04-07', 'Security', 'Clerk');
INSERT INTO HR_Department VALUES (15, 'Gavin Nadig', 32797, '2023-11-09', 'Admin', 'Helper');
INSERT INTO HR_Department VALUES (16, 'Wahab Bhandari', 21744, '2023-10-19', 'Maintenance', 'Supervisor');
INSERT INTO HR_Department VALUES (17, 'Vasudha Ahuja', 23067, '2025-01-18', 'Weighbridge', 'Manager');
INSERT INTO HR_Department VALUES (18, 'Aarnav Butala', 27134, '2024-03-13', 'Security', 'Operator');
INSERT INTO HR_Department VALUES (19, 'Triya Chand', 20698, '2024-05-25', 'Security', 'Supervisor');
INSERT INTO HR_Department VALUES (20, 'Xalak Konda', 36292, '2024-07-08', 'Admin', 'Helper');
INSERT INTO HR_Department VALUES (21, 'Krisha Sule', 52323, '2023-12-17', 'Admin', 'Helper');
INSERT INTO HR_Department VALUES (22, 'Yashasvi Chaudhuri', 42906, '2024-02-10', 'Security', 'Manager');
INSERT INTO HR_Department VALUES (23, 'Dominic Rai', 43211, '2024-04-27', 'Weighbridge', 'Manager');
INSERT INTO HR_Department VALUES (24, 'Jhalak Nayar', 44706, '2025-08-14', 'Weighbridge', 'Operator');
INSERT INTO HR_Department VALUES (25, 'Ishita Venkataraman', 29792, '2025-03-21', 'Maintenance', 'Helper');
INSERT INTO HR_Department VALUES (26, 'Waida Chanda', 59470, '2025-04-26', 'Maintenance', 'Supervisor');
INSERT INTO HR_Department VALUES (27, 'Idika Chhabra', 29974, '2025-01-11', 'Maintenance', 'Supervisor');
INSERT INTO HR_Department VALUES (28, 'Manan Kumar', 24664, '2025-04-24', 'Admin', 'Helper');
INSERT INTO HR_Department VALUES (29, 'Isaac Nori', 53996, '2023-12-18', 'Security', 'Supervisor');
INSERT INTO HR_Department VALUES (30, 'Panini Khatri', 23244, '2025-08-02', 'Weighbridge', 'Clerk');
INSERT INTO HR_Department VALUES (31, 'Pavani Sathe', 48591, '2024-01-28', 'Security', 'Supervisor');
INSERT INTO HR_Department VALUES (32, 'Neelima Lanka', 28594, '2024-04-09', 'Filling', 'Supervisor');
INSERT INTO HR_Department VALUES (33, 'Yatin Mistry', 20380, '2023-11-17', 'Maintenance', 'Supervisor');
INSERT INTO HR_Department VALUES (34, 'Radhika Devan', 51436, '2023-09-15', 'Filling', 'Manager');
INSERT INTO HR_Department VALUES (35, 'Lipika Zacharia', 25247, '2024-03-19', 'Weighbridge', 'Helper');
INSERT INTO HR_Department VALUES (36, 'Aarini Seth', 40898, '2024-07-03', 'Security', 'Clerk');
INSERT INTO HR_Department VALUES (37, 'Jeevika Nadkarni', 26228, '2023-10-30', 'Filling', 'Operator');
INSERT INTO HR_Department VALUES (38, 'Irya Nagy', 22908, '2025-02-25', 'Maintenance', 'Helper');
INSERT INTO HR_Department VALUES (39, 'Aahana Sangha', 57429, '2023-10-08', 'Security', 'Supervisor');
INSERT INTO HR_Department VALUES (40, 'Christopher Borra', 54330, '2025-06-09', 'Security', 'Supervisor');
INSERT INTO HR_Department VALUES (41, 'William Mallick', 42728, '2023-11-07', 'Security', 'Helper');
INSERT INTO HR_Department VALUES (42, 'Elijah Pau', 52733, '2025-01-31', 'Admin', 'Operator');
INSERT INTO HR_Department VALUES (43, 'Priya Hegde', 28329, '2025-03-20', 'Weighbridge', 'Supervisor');
INSERT INTO HR_Department VALUES (44, 'Farhan Dalal', 41067, '2024-12-07', 'Weighbridge', 'Manager');
INSERT INTO HR_Department VALUES (45, 'Radhika Mahal', 24787, '2025-07-16', 'Weighbridge', 'Supervisor');
INSERT INTO HR_Department VALUES (46, 'Vidhi Chaudhary', 23156, '2024-06-15', 'Filling', 'Helper');
INSERT INTO HR_Department VALUES (47, 'Vyanjana Mall', 53379, '2024-05-13', 'Maintenance', 'Helper');
INSERT INTO HR_Department VALUES (48, 'Balveer Das', 30238, '2023-09-17', 'Security', 'Operator');
INSERT INTO HR_Department VALUES (49, 'Eshana Divan', 50537, '2023-11-27', 'Maintenance', 'Clerk');
INSERT INTO HR_Department VALUES (50, 'Mohini Ravel', 36015, '2024-12-15', 'Maintenance', 'Operator');


